[2025-05-15T10:37:17.428+0000] {processor.py:153} INFO - Started process (PID=163) to work on /opt/airflow/dags/load_sales_dag.py
[2025-05-15T10:37:17.428+0000] {processor.py:743} INFO - Processing file /opt/airflow/dags/load_sales_dag.py for tasks to queue
[2025-05-15T10:37:17.429+0000] {logging_mixin.py:137} INFO - [2025-05-15T10:37:17.429+0000] {dagbag.py:538} INFO - Filling up the DagBag from /opt/airflow/dags/load_sales_dag.py
[2025-05-15T10:37:18.430+0000] {processor.py:753} INFO - DAG(s) dict_keys(['load_sales_dag']) retrieved from /opt/airflow/dags/load_sales_dag.py
[2025-05-15T10:37:18.623+0000] {logging_mixin.py:137} INFO - [2025-05-15T10:37:18.623+0000] {manager.py:504} INFO - Created Permission View: can read on DAG:load_sales_dag
[2025-05-15T10:37:18.630+0000] {logging_mixin.py:137} INFO - [2025-05-15T10:37:18.630+0000] {manager.py:504} INFO - Created Permission View: can edit on DAG:load_sales_dag
[2025-05-15T10:37:18.636+0000] {logging_mixin.py:137} INFO - [2025-05-15T10:37:18.636+0000] {manager.py:504} INFO - Created Permission View: can delete on DAG:load_sales_dag
[2025-05-15T10:37:18.636+0000] {logging_mixin.py:137} INFO - [2025-05-15T10:37:18.636+0000] {dag.py:2676} INFO - Sync 1 DAGs
[2025-05-15T10:37:18.646+0000] {logging_mixin.py:137} INFO - [2025-05-15T10:37:18.646+0000] {dag.py:2697} INFO - Creating ORM DAG for load_sales_dag
[2025-05-15T10:37:18.656+0000] {logging_mixin.py:137} INFO - [2025-05-15T10:37:18.656+0000] {dag.py:3427} INFO - Setting next_dagrun for load_sales_dag to 2025-05-14T00:00:00+00:00, run_after=2025-05-15T00:00:00+00:00
[2025-05-15T10:37:18.670+0000] {processor.py:175} INFO - Processing /opt/airflow/dags/load_sales_dag.py took 1.244 seconds
[2025-05-15T10:37:48.777+0000] {processor.py:153} INFO - Started process (PID=169) to work on /opt/airflow/dags/load_sales_dag.py
[2025-05-15T10:37:48.777+0000] {processor.py:743} INFO - Processing file /opt/airflow/dags/load_sales_dag.py for tasks to queue
[2025-05-15T10:37:48.778+0000] {logging_mixin.py:137} INFO - [2025-05-15T10:37:48.778+0000] {dagbag.py:538} INFO - Filling up the DagBag from /opt/airflow/dags/load_sales_dag.py
[2025-05-15T10:37:49.041+0000] {processor.py:753} INFO - DAG(s) dict_keys(['load_sales_dag']) retrieved from /opt/airflow/dags/load_sales_dag.py
[2025-05-15T10:37:49.068+0000] {logging_mixin.py:137} INFO - [2025-05-15T10:37:49.067+0000] {dag.py:2676} INFO - Sync 1 DAGs
[2025-05-15T10:37:49.088+0000] {logging_mixin.py:137} INFO - [2025-05-15T10:37:49.088+0000] {dag.py:3427} INFO - Setting next_dagrun for load_sales_dag to 2025-05-14T00:00:00+00:00, run_after=2025-05-15T00:00:00+00:00
[2025-05-15T10:37:49.101+0000] {processor.py:175} INFO - Processing /opt/airflow/dags/load_sales_dag.py took 0.327 seconds
[2025-05-15T10:38:19.225+0000] {processor.py:153} INFO - Started process (PID=181) to work on /opt/airflow/dags/load_sales_dag.py
[2025-05-15T10:38:19.226+0000] {processor.py:743} INFO - Processing file /opt/airflow/dags/load_sales_dag.py for tasks to queue
[2025-05-15T10:38:19.226+0000] {logging_mixin.py:137} INFO - [2025-05-15T10:38:19.226+0000] {dagbag.py:538} INFO - Filling up the DagBag from /opt/airflow/dags/load_sales_dag.py
[2025-05-15T10:38:19.458+0000] {processor.py:753} INFO - DAG(s) dict_keys(['load_sales_dag']) retrieved from /opt/airflow/dags/load_sales_dag.py
[2025-05-15T10:38:19.518+0000] {logging_mixin.py:137} INFO - [2025-05-15T10:38:19.517+0000] {dag.py:2676} INFO - Sync 1 DAGs
[2025-05-15T10:38:19.554+0000] {logging_mixin.py:137} INFO - [2025-05-15T10:38:19.553+0000] {dag.py:3427} INFO - Setting next_dagrun for load_sales_dag to 2025-05-15T00:00:00+00:00, run_after=2025-05-16T00:00:00+00:00
[2025-05-15T10:38:19.574+0000] {processor.py:175} INFO - Processing /opt/airflow/dags/load_sales_dag.py took 0.351 seconds
[2025-05-15T10:38:49.709+0000] {processor.py:153} INFO - Started process (PID=187) to work on /opt/airflow/dags/load_sales_dag.py
[2025-05-15T10:38:49.709+0000] {processor.py:743} INFO - Processing file /opt/airflow/dags/load_sales_dag.py for tasks to queue
[2025-05-15T10:38:49.710+0000] {logging_mixin.py:137} INFO - [2025-05-15T10:38:49.710+0000] {dagbag.py:538} INFO - Filling up the DagBag from /opt/airflow/dags/load_sales_dag.py
[2025-05-15T10:38:49.900+0000] {processor.py:753} INFO - DAG(s) dict_keys(['load_sales_dag']) retrieved from /opt/airflow/dags/load_sales_dag.py
[2025-05-15T10:38:49.927+0000] {logging_mixin.py:137} INFO - [2025-05-15T10:38:49.926+0000] {dag.py:2676} INFO - Sync 1 DAGs
[2025-05-15T10:38:49.946+0000] {logging_mixin.py:137} INFO - [2025-05-15T10:38:49.946+0000] {dag.py:3427} INFO - Setting next_dagrun for load_sales_dag to 2025-05-15T00:00:00+00:00, run_after=2025-05-16T00:00:00+00:00
[2025-05-15T10:38:49.960+0000] {processor.py:175} INFO - Processing /opt/airflow/dags/load_sales_dag.py took 0.256 seconds
[2025-05-15T10:39:20.086+0000] {processor.py:153} INFO - Started process (PID=196) to work on /opt/airflow/dags/load_sales_dag.py
[2025-05-15T10:39:20.087+0000] {processor.py:743} INFO - Processing file /opt/airflow/dags/load_sales_dag.py for tasks to queue
[2025-05-15T10:39:20.088+0000] {logging_mixin.py:137} INFO - [2025-05-15T10:39:20.087+0000] {dagbag.py:538} INFO - Filling up the DagBag from /opt/airflow/dags/load_sales_dag.py
[2025-05-15T10:39:20.278+0000] {processor.py:753} INFO - DAG(s) dict_keys(['load_sales_dag']) retrieved from /opt/airflow/dags/load_sales_dag.py
[2025-05-15T10:39:20.308+0000] {logging_mixin.py:137} INFO - [2025-05-15T10:39:20.308+0000] {dag.py:2676} INFO - Sync 1 DAGs
[2025-05-15T10:39:20.329+0000] {logging_mixin.py:137} INFO - [2025-05-15T10:39:20.329+0000] {dag.py:3427} INFO - Setting next_dagrun for load_sales_dag to 2025-05-15T00:00:00+00:00, run_after=2025-05-16T00:00:00+00:00
[2025-05-15T10:39:20.344+0000] {processor.py:175} INFO - Processing /opt/airflow/dags/load_sales_dag.py took 0.260 seconds
[2025-05-15T10:39:50.460+0000] {processor.py:153} INFO - Started process (PID=202) to work on /opt/airflow/dags/load_sales_dag.py
[2025-05-15T10:39:50.461+0000] {processor.py:743} INFO - Processing file /opt/airflow/dags/load_sales_dag.py for tasks to queue
[2025-05-15T10:39:50.461+0000] {logging_mixin.py:137} INFO - [2025-05-15T10:39:50.461+0000] {dagbag.py:538} INFO - Filling up the DagBag from /opt/airflow/dags/load_sales_dag.py
[2025-05-15T10:39:50.669+0000] {processor.py:753} INFO - DAG(s) dict_keys(['load_sales_dag']) retrieved from /opt/airflow/dags/load_sales_dag.py
[2025-05-15T10:39:50.696+0000] {logging_mixin.py:137} INFO - [2025-05-15T10:39:50.696+0000] {dag.py:2676} INFO - Sync 1 DAGs
[2025-05-15T10:39:50.718+0000] {logging_mixin.py:137} INFO - [2025-05-15T10:39:50.718+0000] {dag.py:3427} INFO - Setting next_dagrun for load_sales_dag to 2025-05-15T00:00:00+00:00, run_after=2025-05-16T00:00:00+00:00
[2025-05-15T10:39:50.732+0000] {processor.py:175} INFO - Processing /opt/airflow/dags/load_sales_dag.py took 0.274 seconds
[2025-05-15T10:40:20.850+0000] {processor.py:153} INFO - Started process (PID=208) to work on /opt/airflow/dags/load_sales_dag.py
[2025-05-15T10:40:20.851+0000] {processor.py:743} INFO - Processing file /opt/airflow/dags/load_sales_dag.py for tasks to queue
[2025-05-15T10:40:20.851+0000] {logging_mixin.py:137} INFO - [2025-05-15T10:40:20.851+0000] {dagbag.py:538} INFO - Filling up the DagBag from /opt/airflow/dags/load_sales_dag.py
[2025-05-15T10:40:21.052+0000] {processor.py:753} INFO - DAG(s) dict_keys(['load_sales_dag']) retrieved from /opt/airflow/dags/load_sales_dag.py
[2025-05-15T10:40:21.080+0000] {logging_mixin.py:137} INFO - [2025-05-15T10:40:21.079+0000] {dag.py:2676} INFO - Sync 1 DAGs
[2025-05-15T10:40:21.101+0000] {logging_mixin.py:137} INFO - [2025-05-15T10:40:21.101+0000] {dag.py:3427} INFO - Setting next_dagrun for load_sales_dag to 2025-05-15T00:00:00+00:00, run_after=2025-05-16T00:00:00+00:00
[2025-05-15T10:40:21.116+0000] {processor.py:175} INFO - Processing /opt/airflow/dags/load_sales_dag.py took 0.268 seconds
[2025-05-15T10:40:51.230+0000] {processor.py:153} INFO - Started process (PID=214) to work on /opt/airflow/dags/load_sales_dag.py
[2025-05-15T10:40:51.231+0000] {processor.py:743} INFO - Processing file /opt/airflow/dags/load_sales_dag.py for tasks to queue
[2025-05-15T10:40:51.231+0000] {logging_mixin.py:137} INFO - [2025-05-15T10:40:51.231+0000] {dagbag.py:538} INFO - Filling up the DagBag from /opt/airflow/dags/load_sales_dag.py
[2025-05-15T10:40:51.426+0000] {processor.py:753} INFO - DAG(s) dict_keys(['load_sales_dag']) retrieved from /opt/airflow/dags/load_sales_dag.py
[2025-05-15T10:40:51.451+0000] {logging_mixin.py:137} INFO - [2025-05-15T10:40:51.451+0000] {dag.py:2676} INFO - Sync 1 DAGs
[2025-05-15T10:40:51.472+0000] {logging_mixin.py:137} INFO - [2025-05-15T10:40:51.472+0000] {dag.py:3427} INFO - Setting next_dagrun for load_sales_dag to 2025-05-15T00:00:00+00:00, run_after=2025-05-16T00:00:00+00:00
[2025-05-15T10:40:51.486+0000] {processor.py:175} INFO - Processing /opt/airflow/dags/load_sales_dag.py took 0.259 seconds
[2025-05-15T10:41:21.603+0000] {processor.py:153} INFO - Started process (PID=220) to work on /opt/airflow/dags/load_sales_dag.py
[2025-05-15T10:41:21.604+0000] {processor.py:743} INFO - Processing file /opt/airflow/dags/load_sales_dag.py for tasks to queue
[2025-05-15T10:41:21.604+0000] {logging_mixin.py:137} INFO - [2025-05-15T10:41:21.604+0000] {dagbag.py:538} INFO - Filling up the DagBag from /opt/airflow/dags/load_sales_dag.py
[2025-05-15T10:41:21.802+0000] {processor.py:753} INFO - DAG(s) dict_keys(['load_sales_dag']) retrieved from /opt/airflow/dags/load_sales_dag.py
[2025-05-15T10:41:21.831+0000] {logging_mixin.py:137} INFO - [2025-05-15T10:41:21.831+0000] {dag.py:2676} INFO - Sync 1 DAGs
[2025-05-15T10:41:21.859+0000] {logging_mixin.py:137} INFO - [2025-05-15T10:41:21.859+0000] {dag.py:3427} INFO - Setting next_dagrun for load_sales_dag to 2025-05-15T00:00:00+00:00, run_after=2025-05-16T00:00:00+00:00
[2025-05-15T10:41:21.875+0000] {processor.py:175} INFO - Processing /opt/airflow/dags/load_sales_dag.py took 0.274 seconds
[2025-05-15T10:41:51.995+0000] {processor.py:153} INFO - Started process (PID=226) to work on /opt/airflow/dags/load_sales_dag.py
[2025-05-15T10:41:51.996+0000] {processor.py:743} INFO - Processing file /opt/airflow/dags/load_sales_dag.py for tasks to queue
[2025-05-15T10:41:51.996+0000] {logging_mixin.py:137} INFO - [2025-05-15T10:41:51.996+0000] {dagbag.py:538} INFO - Filling up the DagBag from /opt/airflow/dags/load_sales_dag.py
[2025-05-15T10:41:52.198+0000] {processor.py:753} INFO - DAG(s) dict_keys(['load_sales_dag']) retrieved from /opt/airflow/dags/load_sales_dag.py
[2025-05-15T10:41:52.225+0000] {logging_mixin.py:137} INFO - [2025-05-15T10:41:52.224+0000] {dag.py:2676} INFO - Sync 1 DAGs
[2025-05-15T10:41:52.245+0000] {logging_mixin.py:137} INFO - [2025-05-15T10:41:52.244+0000] {dag.py:3427} INFO - Setting next_dagrun for load_sales_dag to 2025-05-15T00:00:00+00:00, run_after=2025-05-16T00:00:00+00:00
[2025-05-15T10:41:52.258+0000] {processor.py:175} INFO - Processing /opt/airflow/dags/load_sales_dag.py took 0.265 seconds
[2025-05-15T10:42:22.388+0000] {processor.py:153} INFO - Started process (PID=232) to work on /opt/airflow/dags/load_sales_dag.py
[2025-05-15T10:42:22.389+0000] {processor.py:743} INFO - Processing file /opt/airflow/dags/load_sales_dag.py for tasks to queue
[2025-05-15T10:42:22.390+0000] {logging_mixin.py:137} INFO - [2025-05-15T10:42:22.390+0000] {dagbag.py:538} INFO - Filling up the DagBag from /opt/airflow/dags/load_sales_dag.py
[2025-05-15T10:42:22.587+0000] {processor.py:753} INFO - DAG(s) dict_keys(['load_sales_dag']) retrieved from /opt/airflow/dags/load_sales_dag.py
[2025-05-15T10:42:22.616+0000] {logging_mixin.py:137} INFO - [2025-05-15T10:42:22.616+0000] {dag.py:2676} INFO - Sync 1 DAGs
[2025-05-15T10:42:22.637+0000] {logging_mixin.py:137} INFO - [2025-05-15T10:42:22.637+0000] {dag.py:3427} INFO - Setting next_dagrun for load_sales_dag to 2025-05-15T00:00:00+00:00, run_after=2025-05-16T00:00:00+00:00
[2025-05-15T10:42:22.652+0000] {processor.py:175} INFO - Processing /opt/airflow/dags/load_sales_dag.py took 0.266 seconds
[2025-05-15T10:42:52.769+0000] {processor.py:153} INFO - Started process (PID=238) to work on /opt/airflow/dags/load_sales_dag.py
[2025-05-15T10:42:52.769+0000] {processor.py:743} INFO - Processing file /opt/airflow/dags/load_sales_dag.py for tasks to queue
[2025-05-15T10:42:52.770+0000] {logging_mixin.py:137} INFO - [2025-05-15T10:42:52.770+0000] {dagbag.py:538} INFO - Filling up the DagBag from /opt/airflow/dags/load_sales_dag.py
[2025-05-15T10:42:52.964+0000] {processor.py:753} INFO - DAG(s) dict_keys(['load_sales_dag']) retrieved from /opt/airflow/dags/load_sales_dag.py
[2025-05-15T10:42:52.991+0000] {logging_mixin.py:137} INFO - [2025-05-15T10:42:52.991+0000] {dag.py:2676} INFO - Sync 1 DAGs
[2025-05-15T10:42:53.013+0000] {logging_mixin.py:137} INFO - [2025-05-15T10:42:53.012+0000] {dag.py:3427} INFO - Setting next_dagrun for load_sales_dag to 2025-05-15T00:00:00+00:00, run_after=2025-05-16T00:00:00+00:00
[2025-05-15T10:42:53.026+0000] {processor.py:175} INFO - Processing /opt/airflow/dags/load_sales_dag.py took 0.260 seconds
[2025-05-15T10:43:23.144+0000] {processor.py:153} INFO - Started process (PID=244) to work on /opt/airflow/dags/load_sales_dag.py
[2025-05-15T10:43:23.144+0000] {processor.py:743} INFO - Processing file /opt/airflow/dags/load_sales_dag.py for tasks to queue
[2025-05-15T10:43:23.145+0000] {logging_mixin.py:137} INFO - [2025-05-15T10:43:23.145+0000] {dagbag.py:538} INFO - Filling up the DagBag from /opt/airflow/dags/load_sales_dag.py
[2025-05-15T10:43:23.334+0000] {processor.py:753} INFO - DAG(s) dict_keys(['load_sales_dag']) retrieved from /opt/airflow/dags/load_sales_dag.py
[2025-05-15T10:43:23.361+0000] {logging_mixin.py:137} INFO - [2025-05-15T10:43:23.360+0000] {dag.py:2676} INFO - Sync 1 DAGs
[2025-05-15T10:43:23.382+0000] {logging_mixin.py:137} INFO - [2025-05-15T10:43:23.382+0000] {dag.py:3427} INFO - Setting next_dagrun for load_sales_dag to 2025-05-15T00:00:00+00:00, run_after=2025-05-16T00:00:00+00:00
[2025-05-15T10:43:23.396+0000] {processor.py:175} INFO - Processing /opt/airflow/dags/load_sales_dag.py took 0.254 seconds
[2025-05-15T10:43:53.531+0000] {processor.py:153} INFO - Started process (PID=250) to work on /opt/airflow/dags/load_sales_dag.py
[2025-05-15T10:43:53.532+0000] {processor.py:743} INFO - Processing file /opt/airflow/dags/load_sales_dag.py for tasks to queue
[2025-05-15T10:43:53.533+0000] {logging_mixin.py:137} INFO - [2025-05-15T10:43:53.532+0000] {dagbag.py:538} INFO - Filling up the DagBag from /opt/airflow/dags/load_sales_dag.py
[2025-05-15T10:43:53.729+0000] {processor.py:753} INFO - DAG(s) dict_keys(['load_sales_dag']) retrieved from /opt/airflow/dags/load_sales_dag.py
[2025-05-15T10:43:53.756+0000] {logging_mixin.py:137} INFO - [2025-05-15T10:43:53.755+0000] {dag.py:2676} INFO - Sync 1 DAGs
[2025-05-15T10:43:53.776+0000] {logging_mixin.py:137} INFO - [2025-05-15T10:43:53.776+0000] {dag.py:3427} INFO - Setting next_dagrun for load_sales_dag to 2025-05-15T00:00:00+00:00, run_after=2025-05-16T00:00:00+00:00
[2025-05-15T10:43:53.790+0000] {processor.py:175} INFO - Processing /opt/airflow/dags/load_sales_dag.py took 0.264 seconds
[2025-05-15T10:44:23.909+0000] {processor.py:153} INFO - Started process (PID=256) to work on /opt/airflow/dags/load_sales_dag.py
[2025-05-15T10:44:23.910+0000] {processor.py:743} INFO - Processing file /opt/airflow/dags/load_sales_dag.py for tasks to queue
[2025-05-15T10:44:23.911+0000] {logging_mixin.py:137} INFO - [2025-05-15T10:44:23.911+0000] {dagbag.py:538} INFO - Filling up the DagBag from /opt/airflow/dags/load_sales_dag.py
[2025-05-15T10:44:24.193+0000] {processor.py:753} INFO - DAG(s) dict_keys(['load_sales_dag']) retrieved from /opt/airflow/dags/load_sales_dag.py
[2025-05-15T10:44:24.229+0000] {logging_mixin.py:137} INFO - [2025-05-15T10:44:24.227+0000] {dag.py:2676} INFO - Sync 1 DAGs
[2025-05-15T10:44:24.273+0000] {logging_mixin.py:137} INFO - [2025-05-15T10:44:24.273+0000] {dag.py:3427} INFO - Setting next_dagrun for load_sales_dag to 2025-05-15T00:00:00+00:00, run_after=2025-05-16T00:00:00+00:00
[2025-05-15T10:44:24.293+0000] {processor.py:175} INFO - Processing /opt/airflow/dags/load_sales_dag.py took 0.388 seconds
[2025-05-15T10:44:54.427+0000] {processor.py:153} INFO - Started process (PID=262) to work on /opt/airflow/dags/load_sales_dag.py
[2025-05-15T10:44:54.428+0000] {processor.py:743} INFO - Processing file /opt/airflow/dags/load_sales_dag.py for tasks to queue
[2025-05-15T10:44:54.428+0000] {logging_mixin.py:137} INFO - [2025-05-15T10:44:54.428+0000] {dagbag.py:538} INFO - Filling up the DagBag from /opt/airflow/dags/load_sales_dag.py
[2025-05-15T10:44:54.624+0000] {processor.py:753} INFO - DAG(s) dict_keys(['load_sales_dag']) retrieved from /opt/airflow/dags/load_sales_dag.py
[2025-05-15T10:44:54.662+0000] {logging_mixin.py:137} INFO - [2025-05-15T10:44:54.662+0000] {dag.py:2676} INFO - Sync 1 DAGs
[2025-05-15T10:44:54.687+0000] {logging_mixin.py:137} INFO - [2025-05-15T10:44:54.687+0000] {dag.py:3427} INFO - Setting next_dagrun for load_sales_dag to 2025-05-15T00:00:00+00:00, run_after=2025-05-16T00:00:00+00:00
[2025-05-15T10:44:54.700+0000] {processor.py:175} INFO - Processing /opt/airflow/dags/load_sales_dag.py took 0.277 seconds
[2025-05-15T10:45:24.831+0000] {processor.py:153} INFO - Started process (PID=268) to work on /opt/airflow/dags/load_sales_dag.py
[2025-05-15T10:45:24.831+0000] {processor.py:743} INFO - Processing file /opt/airflow/dags/load_sales_dag.py for tasks to queue
[2025-05-15T10:45:24.832+0000] {logging_mixin.py:137} INFO - [2025-05-15T10:45:24.832+0000] {dagbag.py:538} INFO - Filling up the DagBag from /opt/airflow/dags/load_sales_dag.py
[2025-05-15T10:45:25.041+0000] {processor.py:753} INFO - DAG(s) dict_keys(['load_sales_dag']) retrieved from /opt/airflow/dags/load_sales_dag.py
[2025-05-15T10:45:25.069+0000] {logging_mixin.py:137} INFO - [2025-05-15T10:45:25.068+0000] {dag.py:2676} INFO - Sync 1 DAGs
[2025-05-15T10:45:25.090+0000] {logging_mixin.py:137} INFO - [2025-05-15T10:45:25.089+0000] {dag.py:3427} INFO - Setting next_dagrun for load_sales_dag to 2025-05-15T00:00:00+00:00, run_after=2025-05-16T00:00:00+00:00
[2025-05-15T10:45:25.103+0000] {processor.py:175} INFO - Processing /opt/airflow/dags/load_sales_dag.py took 0.277 seconds
[2025-05-15T10:45:55.226+0000] {processor.py:153} INFO - Started process (PID=274) to work on /opt/airflow/dags/load_sales_dag.py
[2025-05-15T10:45:55.227+0000] {processor.py:743} INFO - Processing file /opt/airflow/dags/load_sales_dag.py for tasks to queue
[2025-05-15T10:45:55.228+0000] {logging_mixin.py:137} INFO - [2025-05-15T10:45:55.228+0000] {dagbag.py:538} INFO - Filling up the DagBag from /opt/airflow/dags/load_sales_dag.py
[2025-05-15T10:45:55.457+0000] {processor.py:753} INFO - DAG(s) dict_keys(['load_sales_dag']) retrieved from /opt/airflow/dags/load_sales_dag.py
[2025-05-15T10:45:55.484+0000] {logging_mixin.py:137} INFO - [2025-05-15T10:45:55.484+0000] {dag.py:2676} INFO - Sync 1 DAGs
[2025-05-15T10:45:55.505+0000] {logging_mixin.py:137} INFO - [2025-05-15T10:45:55.505+0000] {dag.py:3427} INFO - Setting next_dagrun for load_sales_dag to 2025-05-15T00:00:00+00:00, run_after=2025-05-16T00:00:00+00:00
[2025-05-15T10:45:55.519+0000] {processor.py:175} INFO - Processing /opt/airflow/dags/load_sales_dag.py took 0.296 seconds
[2025-05-15T10:46:25.646+0000] {processor.py:153} INFO - Started process (PID=280) to work on /opt/airflow/dags/load_sales_dag.py
[2025-05-15T10:46:25.647+0000] {processor.py:743} INFO - Processing file /opt/airflow/dags/load_sales_dag.py for tasks to queue
[2025-05-15T10:46:25.648+0000] {logging_mixin.py:137} INFO - [2025-05-15T10:46:25.648+0000] {dagbag.py:538} INFO - Filling up the DagBag from /opt/airflow/dags/load_sales_dag.py
[2025-05-15T10:46:25.883+0000] {processor.py:753} INFO - DAG(s) dict_keys(['load_sales_dag']) retrieved from /opt/airflow/dags/load_sales_dag.py
[2025-05-15T10:46:25.909+0000] {logging_mixin.py:137} INFO - [2025-05-15T10:46:25.909+0000] {dag.py:2676} INFO - Sync 1 DAGs
[2025-05-15T10:46:25.931+0000] {logging_mixin.py:137} INFO - [2025-05-15T10:46:25.931+0000] {dag.py:3427} INFO - Setting next_dagrun for load_sales_dag to 2025-05-15T00:00:00+00:00, run_after=2025-05-16T00:00:00+00:00
[2025-05-15T10:46:25.944+0000] {processor.py:175} INFO - Processing /opt/airflow/dags/load_sales_dag.py took 0.302 seconds
[2025-05-15T10:46:56.068+0000] {processor.py:153} INFO - Started process (PID=286) to work on /opt/airflow/dags/load_sales_dag.py
[2025-05-15T10:46:56.069+0000] {processor.py:743} INFO - Processing file /opt/airflow/dags/load_sales_dag.py for tasks to queue
[2025-05-15T10:46:56.070+0000] {logging_mixin.py:137} INFO - [2025-05-15T10:46:56.069+0000] {dagbag.py:538} INFO - Filling up the DagBag from /opt/airflow/dags/load_sales_dag.py
[2025-05-15T10:46:56.315+0000] {processor.py:753} INFO - DAG(s) dict_keys(['load_sales_dag']) retrieved from /opt/airflow/dags/load_sales_dag.py
[2025-05-15T10:46:56.344+0000] {logging_mixin.py:137} INFO - [2025-05-15T10:46:56.343+0000] {dag.py:2676} INFO - Sync 1 DAGs
[2025-05-15T10:46:56.366+0000] {logging_mixin.py:137} INFO - [2025-05-15T10:46:56.366+0000] {dag.py:3427} INFO - Setting next_dagrun for load_sales_dag to 2025-05-15T00:00:00+00:00, run_after=2025-05-16T00:00:00+00:00
[2025-05-15T10:46:56.381+0000] {processor.py:175} INFO - Processing /opt/airflow/dags/load_sales_dag.py took 0.316 seconds
[2025-05-15T10:47:26.519+0000] {processor.py:153} INFO - Started process (PID=292) to work on /opt/airflow/dags/load_sales_dag.py
[2025-05-15T10:47:26.520+0000] {processor.py:743} INFO - Processing file /opt/airflow/dags/load_sales_dag.py for tasks to queue
[2025-05-15T10:47:26.521+0000] {logging_mixin.py:137} INFO - [2025-05-15T10:47:26.521+0000] {dagbag.py:538} INFO - Filling up the DagBag from /opt/airflow/dags/load_sales_dag.py
[2025-05-15T10:47:26.797+0000] {processor.py:753} INFO - DAG(s) dict_keys(['load_sales_dag']) retrieved from /opt/airflow/dags/load_sales_dag.py
[2025-05-15T10:47:26.824+0000] {logging_mixin.py:137} INFO - [2025-05-15T10:47:26.824+0000] {dag.py:2676} INFO - Sync 1 DAGs
[2025-05-15T10:47:26.846+0000] {logging_mixin.py:137} INFO - [2025-05-15T10:47:26.846+0000] {dag.py:3427} INFO - Setting next_dagrun for load_sales_dag to 2025-05-15T00:00:00+00:00, run_after=2025-05-16T00:00:00+00:00
[2025-05-15T10:47:26.860+0000] {processor.py:175} INFO - Processing /opt/airflow/dags/load_sales_dag.py took 0.344 seconds
[2025-05-15T10:47:56.984+0000] {processor.py:153} INFO - Started process (PID=298) to work on /opt/airflow/dags/load_sales_dag.py
[2025-05-15T10:47:56.985+0000] {processor.py:743} INFO - Processing file /opt/airflow/dags/load_sales_dag.py for tasks to queue
[2025-05-15T10:47:56.986+0000] {logging_mixin.py:137} INFO - [2025-05-15T10:47:56.986+0000] {dagbag.py:538} INFO - Filling up the DagBag from /opt/airflow/dags/load_sales_dag.py
[2025-05-15T10:47:57.263+0000] {processor.py:753} INFO - DAG(s) dict_keys(['load_sales_dag']) retrieved from /opt/airflow/dags/load_sales_dag.py
[2025-05-15T10:47:57.291+0000] {logging_mixin.py:137} INFO - [2025-05-15T10:47:57.291+0000] {dag.py:2676} INFO - Sync 1 DAGs
[2025-05-15T10:47:57.311+0000] {logging_mixin.py:137} INFO - [2025-05-15T10:47:57.311+0000] {dag.py:3427} INFO - Setting next_dagrun for load_sales_dag to 2025-05-15T00:00:00+00:00, run_after=2025-05-16T00:00:00+00:00
[2025-05-15T10:47:57.325+0000] {processor.py:175} INFO - Processing /opt/airflow/dags/load_sales_dag.py took 0.345 seconds
[2025-05-15T10:48:27.453+0000] {processor.py:153} INFO - Started process (PID=304) to work on /opt/airflow/dags/load_sales_dag.py
[2025-05-15T10:48:27.454+0000] {processor.py:743} INFO - Processing file /opt/airflow/dags/load_sales_dag.py for tasks to queue
[2025-05-15T10:48:27.456+0000] {logging_mixin.py:137} INFO - [2025-05-15T10:48:27.456+0000] {dagbag.py:538} INFO - Filling up the DagBag from /opt/airflow/dags/load_sales_dag.py
[2025-05-15T10:48:27.763+0000] {processor.py:753} INFO - DAG(s) dict_keys(['load_sales_dag']) retrieved from /opt/airflow/dags/load_sales_dag.py
[2025-05-15T10:48:27.792+0000] {logging_mixin.py:137} INFO - [2025-05-15T10:48:27.792+0000] {dag.py:2676} INFO - Sync 1 DAGs
[2025-05-15T10:48:27.813+0000] {logging_mixin.py:137} INFO - [2025-05-15T10:48:27.813+0000] {dag.py:3427} INFO - Setting next_dagrun for load_sales_dag to 2025-05-15T00:00:00+00:00, run_after=2025-05-16T00:00:00+00:00
[2025-05-15T10:48:27.827+0000] {processor.py:175} INFO - Processing /opt/airflow/dags/load_sales_dag.py took 0.378 seconds
[2025-05-15T10:49:16.303+0000] {processor.py:153} INFO - Started process (PID=164) to work on /opt/airflow/dags/load_sales_dag.py
[2025-05-15T10:49:16.310+0000] {processor.py:743} INFO - Processing file /opt/airflow/dags/load_sales_dag.py for tasks to queue
[2025-05-15T10:49:16.316+0000] {logging_mixin.py:137} INFO - [2025-05-15T10:49:16.311+0000] {dagbag.py:538} INFO - Filling up the DagBag from /opt/airflow/dags/load_sales_dag.py
[2025-05-15T10:49:19.077+0000] {processor.py:753} INFO - DAG(s) dict_keys(['load_sales_dag']) retrieved from /opt/airflow/dags/load_sales_dag.py
[2025-05-15T10:49:19.236+0000] {logging_mixin.py:137} INFO - [2025-05-15T10:49:19.236+0000] {dag.py:2676} INFO - Sync 1 DAGs
[2025-05-15T10:49:19.269+0000] {logging_mixin.py:137} INFO - [2025-05-15T10:49:19.269+0000] {dag.py:3427} INFO - Setting next_dagrun for load_sales_dag to 2025-05-15T00:00:00+00:00, run_after=2025-05-16T00:00:00+00:00
[2025-05-15T10:49:19.460+0000] {processor.py:175} INFO - Processing /opt/airflow/dags/load_sales_dag.py took 3.168 seconds
[2025-05-15T10:49:49.549+0000] {processor.py:153} INFO - Started process (PID=171) to work on /opt/airflow/dags/load_sales_dag.py
[2025-05-15T10:49:49.550+0000] {processor.py:743} INFO - Processing file /opt/airflow/dags/load_sales_dag.py for tasks to queue
[2025-05-15T10:49:49.551+0000] {logging_mixin.py:137} INFO - [2025-05-15T10:49:49.551+0000] {dagbag.py:538} INFO - Filling up the DagBag from /opt/airflow/dags/load_sales_dag.py
[2025-05-15T10:49:49.889+0000] {processor.py:753} INFO - DAG(s) dict_keys(['load_sales_dag']) retrieved from /opt/airflow/dags/load_sales_dag.py
[2025-05-15T10:49:49.947+0000] {logging_mixin.py:137} INFO - [2025-05-15T10:49:49.947+0000] {dag.py:2676} INFO - Sync 1 DAGs
[2025-05-15T10:49:49.966+0000] {logging_mixin.py:137} INFO - [2025-05-15T10:49:49.966+0000] {dag.py:3427} INFO - Setting next_dagrun for load_sales_dag to 2025-05-15T00:00:00+00:00, run_after=2025-05-16T00:00:00+00:00
[2025-05-15T10:49:50.110+0000] {processor.py:175} INFO - Processing /opt/airflow/dags/load_sales_dag.py took 0.563 seconds
[2025-05-15T10:50:20.240+0000] {processor.py:153} INFO - Started process (PID=177) to work on /opt/airflow/dags/load_sales_dag.py
[2025-05-15T10:50:20.241+0000] {processor.py:743} INFO - Processing file /opt/airflow/dags/load_sales_dag.py for tasks to queue
[2025-05-15T10:50:20.242+0000] {logging_mixin.py:137} INFO - [2025-05-15T10:50:20.241+0000] {dagbag.py:538} INFO - Filling up the DagBag from /opt/airflow/dags/load_sales_dag.py
[2025-05-15T10:50:20.447+0000] {processor.py:753} INFO - DAG(s) dict_keys(['load_sales_dag']) retrieved from /opt/airflow/dags/load_sales_dag.py
[2025-05-15T10:50:20.474+0000] {logging_mixin.py:137} INFO - [2025-05-15T10:50:20.474+0000] {dag.py:2676} INFO - Sync 1 DAGs
[2025-05-15T10:50:20.500+0000] {logging_mixin.py:137} INFO - [2025-05-15T10:50:20.499+0000] {dag.py:3427} INFO - Setting next_dagrun for load_sales_dag to 2025-05-15T00:00:00+00:00, run_after=2025-05-16T00:00:00+00:00
[2025-05-15T10:50:20.514+0000] {processor.py:175} INFO - Processing /opt/airflow/dags/load_sales_dag.py took 0.277 seconds
[2025-05-15T10:53:25.611+0000] {processor.py:153} INFO - Started process (PID=164) to work on /opt/airflow/dags/load_sales_dag.py
[2025-05-15T10:53:25.620+0000] {processor.py:743} INFO - Processing file /opt/airflow/dags/load_sales_dag.py for tasks to queue
[2025-05-15T10:53:25.622+0000] {logging_mixin.py:137} INFO - [2025-05-15T10:53:25.621+0000] {dagbag.py:538} INFO - Filling up the DagBag from /opt/airflow/dags/load_sales_dag.py
[2025-05-15T10:53:28.146+0000] {processor.py:753} INFO - DAG(s) dict_keys(['load_sales_dag']) retrieved from /opt/airflow/dags/load_sales_dag.py
[2025-05-15T10:53:28.219+0000] {logging_mixin.py:137} INFO - [2025-05-15T10:53:28.218+0000] {dag.py:2676} INFO - Sync 1 DAGs
[2025-05-15T10:53:28.310+0000] {logging_mixin.py:137} INFO - [2025-05-15T10:53:28.310+0000] {dag.py:3427} INFO - Setting next_dagrun for load_sales_dag to 2025-05-15T00:00:00+00:00, run_after=2025-05-16T00:00:00+00:00
[2025-05-15T10:53:28.390+0000] {processor.py:175} INFO - Processing /opt/airflow/dags/load_sales_dag.py took 2.787 seconds
[2025-05-15T10:53:58.637+0000] {processor.py:153} INFO - Started process (PID=171) to work on /opt/airflow/dags/load_sales_dag.py
[2025-05-15T10:53:58.637+0000] {processor.py:743} INFO - Processing file /opt/airflow/dags/load_sales_dag.py for tasks to queue
[2025-05-15T10:53:58.638+0000] {logging_mixin.py:137} INFO - [2025-05-15T10:53:58.638+0000] {dagbag.py:538} INFO - Filling up the DagBag from /opt/airflow/dags/load_sales_dag.py
[2025-05-15T10:53:59.031+0000] {processor.py:753} INFO - DAG(s) dict_keys(['load_sales_dag']) retrieved from /opt/airflow/dags/load_sales_dag.py
[2025-05-15T10:53:59.075+0000] {logging_mixin.py:137} INFO - [2025-05-15T10:53:59.074+0000] {dag.py:2676} INFO - Sync 1 DAGs
[2025-05-15T10:53:59.107+0000] {logging_mixin.py:137} INFO - [2025-05-15T10:53:59.107+0000] {dag.py:3427} INFO - Setting next_dagrun for load_sales_dag to 2025-05-15T00:00:00+00:00, run_after=2025-05-16T00:00:00+00:00
[2025-05-15T10:53:59.126+0000] {processor.py:175} INFO - Processing /opt/airflow/dags/load_sales_dag.py took 0.493 seconds
[2025-05-15T10:54:29.295+0000] {processor.py:153} INFO - Started process (PID=177) to work on /opt/airflow/dags/load_sales_dag.py
[2025-05-15T10:54:29.296+0000] {processor.py:743} INFO - Processing file /opt/airflow/dags/load_sales_dag.py for tasks to queue
[2025-05-15T10:54:29.299+0000] {logging_mixin.py:137} INFO - [2025-05-15T10:54:29.298+0000] {dagbag.py:538} INFO - Filling up the DagBag from /opt/airflow/dags/load_sales_dag.py
[2025-05-15T10:54:29.701+0000] {processor.py:753} INFO - DAG(s) dict_keys(['load_sales_dag']) retrieved from /opt/airflow/dags/load_sales_dag.py
[2025-05-15T10:54:29.741+0000] {logging_mixin.py:137} INFO - [2025-05-15T10:54:29.740+0000] {dag.py:2676} INFO - Sync 1 DAGs
[2025-05-15T10:54:29.775+0000] {logging_mixin.py:137} INFO - [2025-05-15T10:54:29.774+0000] {dag.py:3427} INFO - Setting next_dagrun for load_sales_dag to 2025-05-15T00:00:00+00:00, run_after=2025-05-16T00:00:00+00:00
[2025-05-15T10:54:29.793+0000] {processor.py:175} INFO - Processing /opt/airflow/dags/load_sales_dag.py took 0.510 seconds
[2025-05-15T10:54:59.948+0000] {processor.py:153} INFO - Started process (PID=186) to work on /opt/airflow/dags/load_sales_dag.py
[2025-05-15T10:54:59.949+0000] {processor.py:743} INFO - Processing file /opt/airflow/dags/load_sales_dag.py for tasks to queue
[2025-05-15T10:54:59.950+0000] {logging_mixin.py:137} INFO - [2025-05-15T10:54:59.950+0000] {dagbag.py:538} INFO - Filling up the DagBag from /opt/airflow/dags/load_sales_dag.py
[2025-05-15T10:55:00.258+0000] {processor.py:753} INFO - DAG(s) dict_keys(['load_sales_dag']) retrieved from /opt/airflow/dags/load_sales_dag.py
[2025-05-15T10:55:00.302+0000] {logging_mixin.py:137} INFO - [2025-05-15T10:55:00.301+0000] {dag.py:2676} INFO - Sync 1 DAGs
[2025-05-15T10:55:00.337+0000] {logging_mixin.py:137} INFO - [2025-05-15T10:55:00.337+0000] {dag.py:3427} INFO - Setting next_dagrun for load_sales_dag to 2025-05-15T00:00:00+00:00, run_after=2025-05-16T00:00:00+00:00
[2025-05-15T10:55:00.522+0000] {processor.py:175} INFO - Processing /opt/airflow/dags/load_sales_dag.py took 0.578 seconds
[2025-05-15T10:55:30.631+0000] {processor.py:153} INFO - Started process (PID=192) to work on /opt/airflow/dags/load_sales_dag.py
[2025-05-15T10:55:30.632+0000] {processor.py:743} INFO - Processing file /opt/airflow/dags/load_sales_dag.py for tasks to queue
[2025-05-15T10:55:30.632+0000] {logging_mixin.py:137} INFO - [2025-05-15T10:55:30.632+0000] {dagbag.py:538} INFO - Filling up the DagBag from /opt/airflow/dags/load_sales_dag.py
[2025-05-15T10:55:30.842+0000] {processor.py:753} INFO - DAG(s) dict_keys(['load_sales_dag']) retrieved from /opt/airflow/dags/load_sales_dag.py
[2025-05-15T10:55:30.869+0000] {logging_mixin.py:137} INFO - [2025-05-15T10:55:30.868+0000] {dag.py:2676} INFO - Sync 1 DAGs
[2025-05-15T10:55:31.013+0000] {logging_mixin.py:137} INFO - [2025-05-15T10:55:31.013+0000] {dag.py:3427} INFO - Setting next_dagrun for load_sales_dag to 2025-05-15T00:00:00+00:00, run_after=2025-05-16T00:00:00+00:00
[2025-05-15T10:55:31.027+0000] {processor.py:175} INFO - Processing /opt/airflow/dags/load_sales_dag.py took 0.398 seconds
[2025-05-15T10:56:01.149+0000] {processor.py:153} INFO - Started process (PID=198) to work on /opt/airflow/dags/load_sales_dag.py
[2025-05-15T10:56:01.150+0000] {processor.py:743} INFO - Processing file /opt/airflow/dags/load_sales_dag.py for tasks to queue
[2025-05-15T10:56:01.151+0000] {logging_mixin.py:137} INFO - [2025-05-15T10:56:01.151+0000] {dagbag.py:538} INFO - Filling up the DagBag from /opt/airflow/dags/load_sales_dag.py
[2025-05-15T10:56:01.350+0000] {processor.py:753} INFO - DAG(s) dict_keys(['load_sales_dag']) retrieved from /opt/airflow/dags/load_sales_dag.py
[2025-05-15T10:56:01.377+0000] {logging_mixin.py:137} INFO - [2025-05-15T10:56:01.376+0000] {dag.py:2676} INFO - Sync 1 DAGs
[2025-05-15T10:56:01.520+0000] {logging_mixin.py:137} INFO - [2025-05-15T10:56:01.520+0000] {dag.py:3427} INFO - Setting next_dagrun for load_sales_dag to 2025-05-15T00:00:00+00:00, run_after=2025-05-16T00:00:00+00:00
[2025-05-15T10:56:01.534+0000] {processor.py:175} INFO - Processing /opt/airflow/dags/load_sales_dag.py took 0.387 seconds
[2025-05-15T10:56:31.665+0000] {processor.py:153} INFO - Started process (PID=204) to work on /opt/airflow/dags/load_sales_dag.py
[2025-05-15T10:56:31.666+0000] {processor.py:743} INFO - Processing file /opt/airflow/dags/load_sales_dag.py for tasks to queue
[2025-05-15T10:56:31.667+0000] {logging_mixin.py:137} INFO - [2025-05-15T10:56:31.667+0000] {dagbag.py:538} INFO - Filling up the DagBag from /opt/airflow/dags/load_sales_dag.py
[2025-05-15T10:56:31.874+0000] {processor.py:753} INFO - DAG(s) dict_keys(['load_sales_dag']) retrieved from /opt/airflow/dags/load_sales_dag.py
[2025-05-15T10:56:31.901+0000] {logging_mixin.py:137} INFO - [2025-05-15T10:56:31.900+0000] {dag.py:2676} INFO - Sync 1 DAGs
[2025-05-15T10:56:31.921+0000] {logging_mixin.py:137} INFO - [2025-05-15T10:56:31.921+0000] {dag.py:3427} INFO - Setting next_dagrun for load_sales_dag to 2025-05-15T00:00:00+00:00, run_after=2025-05-16T00:00:00+00:00
[2025-05-15T10:56:31.934+0000] {processor.py:175} INFO - Processing /opt/airflow/dags/load_sales_dag.py took 0.272 seconds
[2025-05-15T10:57:02.064+0000] {processor.py:153} INFO - Started process (PID=210) to work on /opt/airflow/dags/load_sales_dag.py
[2025-05-15T10:57:02.065+0000] {processor.py:743} INFO - Processing file /opt/airflow/dags/load_sales_dag.py for tasks to queue
[2025-05-15T10:57:02.065+0000] {logging_mixin.py:137} INFO - [2025-05-15T10:57:02.065+0000] {dagbag.py:538} INFO - Filling up the DagBag from /opt/airflow/dags/load_sales_dag.py
[2025-05-15T10:57:02.262+0000] {processor.py:753} INFO - DAG(s) dict_keys(['load_sales_dag']) retrieved from /opt/airflow/dags/load_sales_dag.py
[2025-05-15T10:57:02.291+0000] {logging_mixin.py:137} INFO - [2025-05-15T10:57:02.291+0000] {dag.py:2676} INFO - Sync 1 DAGs
[2025-05-15T10:57:02.312+0000] {logging_mixin.py:137} INFO - [2025-05-15T10:57:02.312+0000] {dag.py:3427} INFO - Setting next_dagrun for load_sales_dag to 2025-05-15T00:00:00+00:00, run_after=2025-05-16T00:00:00+00:00
[2025-05-15T10:57:02.326+0000] {processor.py:175} INFO - Processing /opt/airflow/dags/load_sales_dag.py took 0.265 seconds
[2025-05-15T10:57:32.447+0000] {processor.py:153} INFO - Started process (PID=216) to work on /opt/airflow/dags/load_sales_dag.py
[2025-05-15T10:57:32.447+0000] {processor.py:743} INFO - Processing file /opt/airflow/dags/load_sales_dag.py for tasks to queue
[2025-05-15T10:57:32.448+0000] {logging_mixin.py:137} INFO - [2025-05-15T10:57:32.448+0000] {dagbag.py:538} INFO - Filling up the DagBag from /opt/airflow/dags/load_sales_dag.py
[2025-05-15T10:57:32.656+0000] {processor.py:753} INFO - DAG(s) dict_keys(['load_sales_dag']) retrieved from /opt/airflow/dags/load_sales_dag.py
[2025-05-15T10:57:32.683+0000] {logging_mixin.py:137} INFO - [2025-05-15T10:57:32.683+0000] {dag.py:2676} INFO - Sync 1 DAGs
[2025-05-15T10:57:32.703+0000] {logging_mixin.py:137} INFO - [2025-05-15T10:57:32.703+0000] {dag.py:3427} INFO - Setting next_dagrun for load_sales_dag to 2025-05-15T00:00:00+00:00, run_after=2025-05-16T00:00:00+00:00
[2025-05-15T10:57:32.716+0000] {processor.py:175} INFO - Processing /opt/airflow/dags/load_sales_dag.py took 0.272 seconds
[2025-05-15T10:58:02.853+0000] {processor.py:153} INFO - Started process (PID=222) to work on /opt/airflow/dags/load_sales_dag.py
[2025-05-15T10:58:02.854+0000] {processor.py:743} INFO - Processing file /opt/airflow/dags/load_sales_dag.py for tasks to queue
[2025-05-15T10:58:02.854+0000] {logging_mixin.py:137} INFO - [2025-05-15T10:58:02.854+0000] {dagbag.py:538} INFO - Filling up the DagBag from /opt/airflow/dags/load_sales_dag.py
[2025-05-15T10:58:03.179+0000] {processor.py:753} INFO - DAG(s) dict_keys(['load_sales_dag']) retrieved from /opt/airflow/dags/load_sales_dag.py
[2025-05-15T10:58:03.233+0000] {logging_mixin.py:137} INFO - [2025-05-15T10:58:03.232+0000] {dag.py:2676} INFO - Sync 1 DAGs
[2025-05-15T10:58:03.283+0000] {logging_mixin.py:137} INFO - [2025-05-15T10:58:03.283+0000] {dag.py:3427} INFO - Setting next_dagrun for load_sales_dag to 2025-05-15T00:00:00+00:00, run_after=2025-05-16T00:00:00+00:00
[2025-05-15T10:58:03.307+0000] {processor.py:175} INFO - Processing /opt/airflow/dags/load_sales_dag.py took 0.462 seconds
[2025-05-15T10:58:33.444+0000] {processor.py:153} INFO - Started process (PID=228) to work on /opt/airflow/dags/load_sales_dag.py
[2025-05-15T10:58:33.445+0000] {processor.py:743} INFO - Processing file /opt/airflow/dags/load_sales_dag.py for tasks to queue
[2025-05-15T10:58:33.445+0000] {logging_mixin.py:137} INFO - [2025-05-15T10:58:33.445+0000] {dagbag.py:538} INFO - Filling up the DagBag from /opt/airflow/dags/load_sales_dag.py
[2025-05-15T10:58:33.645+0000] {processor.py:753} INFO - DAG(s) dict_keys(['load_sales_dag']) retrieved from /opt/airflow/dags/load_sales_dag.py
[2025-05-15T10:58:33.672+0000] {logging_mixin.py:137} INFO - [2025-05-15T10:58:33.672+0000] {dag.py:2676} INFO - Sync 1 DAGs
[2025-05-15T10:58:33.694+0000] {logging_mixin.py:137} INFO - [2025-05-15T10:58:33.694+0000] {dag.py:3427} INFO - Setting next_dagrun for load_sales_dag to 2025-05-15T00:00:00+00:00, run_after=2025-05-16T00:00:00+00:00
[2025-05-15T10:58:33.842+0000] {processor.py:175} INFO - Processing /opt/airflow/dags/load_sales_dag.py took 0.400 seconds
[2025-05-15T10:59:03.973+0000] {processor.py:153} INFO - Started process (PID=234) to work on /opt/airflow/dags/load_sales_dag.py
[2025-05-15T10:59:03.974+0000] {processor.py:743} INFO - Processing file /opt/airflow/dags/load_sales_dag.py for tasks to queue
[2025-05-15T10:59:03.975+0000] {logging_mixin.py:137} INFO - [2025-05-15T10:59:03.974+0000] {dagbag.py:538} INFO - Filling up the DagBag from /opt/airflow/dags/load_sales_dag.py
[2025-05-15T10:59:04.172+0000] {processor.py:753} INFO - DAG(s) dict_keys(['load_sales_dag']) retrieved from /opt/airflow/dags/load_sales_dag.py
[2025-05-15T10:59:04.199+0000] {logging_mixin.py:137} INFO - [2025-05-15T10:59:04.198+0000] {dag.py:2676} INFO - Sync 1 DAGs
[2025-05-15T10:59:04.340+0000] {logging_mixin.py:137} INFO - [2025-05-15T10:59:04.340+0000] {dag.py:3427} INFO - Setting next_dagrun for load_sales_dag to 2025-05-15T00:00:00+00:00, run_after=2025-05-16T00:00:00+00:00
[2025-05-15T10:59:04.357+0000] {processor.py:175} INFO - Processing /opt/airflow/dags/load_sales_dag.py took 0.386 seconds
[2025-05-15T10:59:34.500+0000] {processor.py:153} INFO - Started process (PID=240) to work on /opt/airflow/dags/load_sales_dag.py
[2025-05-15T10:59:34.501+0000] {processor.py:743} INFO - Processing file /opt/airflow/dags/load_sales_dag.py for tasks to queue
[2025-05-15T10:59:34.501+0000] {logging_mixin.py:137} INFO - [2025-05-15T10:59:34.501+0000] {dagbag.py:538} INFO - Filling up the DagBag from /opt/airflow/dags/load_sales_dag.py
[2025-05-15T10:59:34.708+0000] {processor.py:753} INFO - DAG(s) dict_keys(['load_sales_dag']) retrieved from /opt/airflow/dags/load_sales_dag.py
[2025-05-15T10:59:34.735+0000] {logging_mixin.py:137} INFO - [2025-05-15T10:59:34.734+0000] {dag.py:2676} INFO - Sync 1 DAGs
[2025-05-15T10:59:34.878+0000] {logging_mixin.py:137} INFO - [2025-05-15T10:59:34.878+0000] {dag.py:3427} INFO - Setting next_dagrun for load_sales_dag to 2025-05-15T00:00:00+00:00, run_after=2025-05-16T00:00:00+00:00
[2025-05-15T10:59:34.893+0000] {processor.py:175} INFO - Processing /opt/airflow/dags/load_sales_dag.py took 0.396 seconds
[2025-05-15T11:00:05.020+0000] {processor.py:153} INFO - Started process (PID=246) to work on /opt/airflow/dags/load_sales_dag.py
[2025-05-15T11:00:05.021+0000] {processor.py:743} INFO - Processing file /opt/airflow/dags/load_sales_dag.py for tasks to queue
[2025-05-15T11:00:05.021+0000] {logging_mixin.py:137} INFO - [2025-05-15T11:00:05.021+0000] {dagbag.py:538} INFO - Filling up the DagBag from /opt/airflow/dags/load_sales_dag.py
[2025-05-15T11:00:05.244+0000] {processor.py:753} INFO - DAG(s) dict_keys(['load_sales_dag']) retrieved from /opt/airflow/dags/load_sales_dag.py
[2025-05-15T11:00:05.272+0000] {logging_mixin.py:137} INFO - [2025-05-15T11:00:05.271+0000] {dag.py:2676} INFO - Sync 1 DAGs
[2025-05-15T11:00:05.414+0000] {logging_mixin.py:137} INFO - [2025-05-15T11:00:05.414+0000] {dag.py:3427} INFO - Setting next_dagrun for load_sales_dag to 2025-05-15T00:00:00+00:00, run_after=2025-05-16T00:00:00+00:00
[2025-05-15T11:00:05.429+0000] {processor.py:175} INFO - Processing /opt/airflow/dags/load_sales_dag.py took 0.411 seconds
[2025-05-15T11:00:35.565+0000] {processor.py:153} INFO - Started process (PID=252) to work on /opt/airflow/dags/load_sales_dag.py
[2025-05-15T11:00:35.566+0000] {processor.py:743} INFO - Processing file /opt/airflow/dags/load_sales_dag.py for tasks to queue
[2025-05-15T11:00:35.567+0000] {logging_mixin.py:137} INFO - [2025-05-15T11:00:35.567+0000] {dagbag.py:538} INFO - Filling up the DagBag from /opt/airflow/dags/load_sales_dag.py
[2025-05-15T11:00:35.785+0000] {processor.py:753} INFO - DAG(s) dict_keys(['load_sales_dag']) retrieved from /opt/airflow/dags/load_sales_dag.py
[2025-05-15T11:00:35.815+0000] {logging_mixin.py:137} INFO - [2025-05-15T11:00:35.815+0000] {dag.py:2676} INFO - Sync 1 DAGs
[2025-05-15T11:00:35.835+0000] {logging_mixin.py:137} INFO - [2025-05-15T11:00:35.835+0000] {dag.py:3427} INFO - Setting next_dagrun for load_sales_dag to 2025-05-15T00:00:00+00:00, run_after=2025-05-16T00:00:00+00:00
[2025-05-15T11:00:35.849+0000] {processor.py:175} INFO - Processing /opt/airflow/dags/load_sales_dag.py took 0.286 seconds
[2025-05-15T11:01:05.972+0000] {processor.py:153} INFO - Started process (PID=258) to work on /opt/airflow/dags/load_sales_dag.py
[2025-05-15T11:01:05.973+0000] {processor.py:743} INFO - Processing file /opt/airflow/dags/load_sales_dag.py for tasks to queue
[2025-05-15T11:01:05.973+0000] {logging_mixin.py:137} INFO - [2025-05-15T11:01:05.973+0000] {dagbag.py:538} INFO - Filling up the DagBag from /opt/airflow/dags/load_sales_dag.py
[2025-05-15T11:01:06.168+0000] {processor.py:753} INFO - DAG(s) dict_keys(['load_sales_dag']) retrieved from /opt/airflow/dags/load_sales_dag.py
[2025-05-15T11:01:06.194+0000] {logging_mixin.py:137} INFO - [2025-05-15T11:01:06.194+0000] {dag.py:2676} INFO - Sync 1 DAGs
[2025-05-15T11:01:06.214+0000] {logging_mixin.py:137} INFO - [2025-05-15T11:01:06.214+0000] {dag.py:3427} INFO - Setting next_dagrun for load_sales_dag to 2025-05-15T00:00:00+00:00, run_after=2025-05-16T00:00:00+00:00
[2025-05-15T11:01:06.227+0000] {processor.py:175} INFO - Processing /opt/airflow/dags/load_sales_dag.py took 0.258 seconds
[2025-05-15T11:01:36.365+0000] {processor.py:153} INFO - Started process (PID=264) to work on /opt/airflow/dags/load_sales_dag.py
[2025-05-15T11:01:36.366+0000] {processor.py:743} INFO - Processing file /opt/airflow/dags/load_sales_dag.py for tasks to queue
[2025-05-15T11:01:36.367+0000] {logging_mixin.py:137} INFO - [2025-05-15T11:01:36.367+0000] {dagbag.py:538} INFO - Filling up the DagBag from /opt/airflow/dags/load_sales_dag.py
[2025-05-15T11:01:36.696+0000] {processor.py:753} INFO - DAG(s) dict_keys(['load_sales_dag']) retrieved from /opt/airflow/dags/load_sales_dag.py
[2025-05-15T11:01:36.739+0000] {logging_mixin.py:137} INFO - [2025-05-15T11:01:36.738+0000] {dag.py:2676} INFO - Sync 1 DAGs
[2025-05-15T11:01:36.775+0000] {logging_mixin.py:137} INFO - [2025-05-15T11:01:36.775+0000] {dag.py:3427} INFO - Setting next_dagrun for load_sales_dag to 2025-05-15T00:00:00+00:00, run_after=2025-05-16T00:00:00+00:00
[2025-05-15T11:01:36.798+0000] {processor.py:175} INFO - Processing /opt/airflow/dags/load_sales_dag.py took 0.436 seconds
[2025-05-15T11:02:06.942+0000] {processor.py:153} INFO - Started process (PID=270) to work on /opt/airflow/dags/load_sales_dag.py
[2025-05-15T11:02:06.943+0000] {processor.py:743} INFO - Processing file /opt/airflow/dags/load_sales_dag.py for tasks to queue
[2025-05-15T11:02:06.943+0000] {logging_mixin.py:137} INFO - [2025-05-15T11:02:06.943+0000] {dagbag.py:538} INFO - Filling up the DagBag from /opt/airflow/dags/load_sales_dag.py
[2025-05-15T11:02:07.147+0000] {processor.py:753} INFO - DAG(s) dict_keys(['load_sales_dag']) retrieved from /opt/airflow/dags/load_sales_dag.py
[2025-05-15T11:02:07.175+0000] {logging_mixin.py:137} INFO - [2025-05-15T11:02:07.174+0000] {dag.py:2676} INFO - Sync 1 DAGs
[2025-05-15T11:02:07.196+0000] {logging_mixin.py:137} INFO - [2025-05-15T11:02:07.196+0000] {dag.py:3427} INFO - Setting next_dagrun for load_sales_dag to 2025-05-15T00:00:00+00:00, run_after=2025-05-16T00:00:00+00:00
[2025-05-15T11:02:07.334+0000] {processor.py:175} INFO - Processing /opt/airflow/dags/load_sales_dag.py took 0.395 seconds
[2025-05-15T11:02:37.488+0000] {processor.py:153} INFO - Started process (PID=276) to work on /opt/airflow/dags/load_sales_dag.py
[2025-05-15T11:02:37.488+0000] {processor.py:743} INFO - Processing file /opt/airflow/dags/load_sales_dag.py for tasks to queue
[2025-05-15T11:02:37.489+0000] {logging_mixin.py:137} INFO - [2025-05-15T11:02:37.489+0000] {dagbag.py:538} INFO - Filling up the DagBag from /opt/airflow/dags/load_sales_dag.py
[2025-05-15T11:02:37.708+0000] {processor.py:753} INFO - DAG(s) dict_keys(['load_sales_dag']) retrieved from /opt/airflow/dags/load_sales_dag.py
[2025-05-15T11:02:37.735+0000] {logging_mixin.py:137} INFO - [2025-05-15T11:02:37.734+0000] {dag.py:2676} INFO - Sync 1 DAGs
[2025-05-15T11:02:37.880+0000] {logging_mixin.py:137} INFO - [2025-05-15T11:02:37.880+0000] {dag.py:3427} INFO - Setting next_dagrun for load_sales_dag to 2025-05-15T00:00:00+00:00, run_after=2025-05-16T00:00:00+00:00
[2025-05-15T11:02:37.898+0000] {processor.py:175} INFO - Processing /opt/airflow/dags/load_sales_dag.py took 0.413 seconds
[2025-05-15T11:03:08.024+0000] {processor.py:153} INFO - Started process (PID=282) to work on /opt/airflow/dags/load_sales_dag.py
[2025-05-15T11:03:08.025+0000] {processor.py:743} INFO - Processing file /opt/airflow/dags/load_sales_dag.py for tasks to queue
[2025-05-15T11:03:08.025+0000] {logging_mixin.py:137} INFO - [2025-05-15T11:03:08.025+0000] {dagbag.py:538} INFO - Filling up the DagBag from /opt/airflow/dags/load_sales_dag.py
[2025-05-15T11:03:08.268+0000] {processor.py:753} INFO - DAG(s) dict_keys(['load_sales_dag']) retrieved from /opt/airflow/dags/load_sales_dag.py
[2025-05-15T11:03:08.294+0000] {logging_mixin.py:137} INFO - [2025-05-15T11:03:08.294+0000] {dag.py:2676} INFO - Sync 1 DAGs
[2025-05-15T11:03:08.434+0000] {logging_mixin.py:137} INFO - [2025-05-15T11:03:08.434+0000] {dag.py:3427} INFO - Setting next_dagrun for load_sales_dag to 2025-05-15T00:00:00+00:00, run_after=2025-05-16T00:00:00+00:00
[2025-05-15T11:03:08.460+0000] {processor.py:175} INFO - Processing /opt/airflow/dags/load_sales_dag.py took 0.439 seconds
[2025-05-15T11:03:38.602+0000] {processor.py:153} INFO - Started process (PID=288) to work on /opt/airflow/dags/load_sales_dag.py
[2025-05-15T11:03:38.602+0000] {processor.py:743} INFO - Processing file /opt/airflow/dags/load_sales_dag.py for tasks to queue
[2025-05-15T11:03:38.603+0000] {logging_mixin.py:137} INFO - [2025-05-15T11:03:38.603+0000] {dagbag.py:538} INFO - Filling up the DagBag from /opt/airflow/dags/load_sales_dag.py
[2025-05-15T11:03:38.804+0000] {processor.py:753} INFO - DAG(s) dict_keys(['load_sales_dag']) retrieved from /opt/airflow/dags/load_sales_dag.py
[2025-05-15T11:03:38.845+0000] {logging_mixin.py:137} INFO - [2025-05-15T11:03:38.845+0000] {dag.py:2676} INFO - Sync 1 DAGs
[2025-05-15T11:03:38.871+0000] {logging_mixin.py:137} INFO - [2025-05-15T11:03:38.871+0000] {dag.py:3427} INFO - Setting next_dagrun for load_sales_dag to 2025-05-15T00:00:00+00:00, run_after=2025-05-16T00:00:00+00:00
[2025-05-15T11:03:38.889+0000] {processor.py:175} INFO - Processing /opt/airflow/dags/load_sales_dag.py took 0.290 seconds
[2025-05-15T11:04:09.007+0000] {processor.py:153} INFO - Started process (PID=294) to work on /opt/airflow/dags/load_sales_dag.py
[2025-05-15T11:04:09.008+0000] {processor.py:743} INFO - Processing file /opt/airflow/dags/load_sales_dag.py for tasks to queue
[2025-05-15T11:04:09.008+0000] {logging_mixin.py:137} INFO - [2025-05-15T11:04:09.008+0000] {dagbag.py:538} INFO - Filling up the DagBag from /opt/airflow/dags/load_sales_dag.py
[2025-05-15T11:04:09.213+0000] {processor.py:753} INFO - DAG(s) dict_keys(['load_sales_dag']) retrieved from /opt/airflow/dags/load_sales_dag.py
[2025-05-15T11:04:09.241+0000] {logging_mixin.py:137} INFO - [2025-05-15T11:04:09.241+0000] {dag.py:2676} INFO - Sync 1 DAGs
[2025-05-15T11:04:09.262+0000] {logging_mixin.py:137} INFO - [2025-05-15T11:04:09.262+0000] {dag.py:3427} INFO - Setting next_dagrun for load_sales_dag to 2025-05-15T00:00:00+00:00, run_after=2025-05-16T00:00:00+00:00
[2025-05-15T11:04:09.277+0000] {processor.py:175} INFO - Processing /opt/airflow/dags/load_sales_dag.py took 0.272 seconds
[2025-05-15T11:04:39.398+0000] {processor.py:153} INFO - Started process (PID=300) to work on /opt/airflow/dags/load_sales_dag.py
[2025-05-15T11:04:39.399+0000] {processor.py:743} INFO - Processing file /opt/airflow/dags/load_sales_dag.py for tasks to queue
[2025-05-15T11:04:39.400+0000] {logging_mixin.py:137} INFO - [2025-05-15T11:04:39.399+0000] {dagbag.py:538} INFO - Filling up the DagBag from /opt/airflow/dags/load_sales_dag.py
[2025-05-15T11:04:39.599+0000] {processor.py:753} INFO - DAG(s) dict_keys(['load_sales_dag']) retrieved from /opt/airflow/dags/load_sales_dag.py
[2025-05-15T11:04:39.627+0000] {logging_mixin.py:137} INFO - [2025-05-15T11:04:39.626+0000] {dag.py:2676} INFO - Sync 1 DAGs
[2025-05-15T11:04:39.647+0000] {logging_mixin.py:137} INFO - [2025-05-15T11:04:39.647+0000] {dag.py:3427} INFO - Setting next_dagrun for load_sales_dag to 2025-05-15T00:00:00+00:00, run_after=2025-05-16T00:00:00+00:00
[2025-05-15T11:04:39.661+0000] {processor.py:175} INFO - Processing /opt/airflow/dags/load_sales_dag.py took 0.267 seconds
[2025-05-15T11:05:09.781+0000] {processor.py:153} INFO - Started process (PID=306) to work on /opt/airflow/dags/load_sales_dag.py
[2025-05-15T11:05:09.781+0000] {processor.py:743} INFO - Processing file /opt/airflow/dags/load_sales_dag.py for tasks to queue
[2025-05-15T11:05:09.782+0000] {logging_mixin.py:137} INFO - [2025-05-15T11:05:09.782+0000] {dagbag.py:538} INFO - Filling up the DagBag from /opt/airflow/dags/load_sales_dag.py
[2025-05-15T11:05:09.978+0000] {processor.py:753} INFO - DAG(s) dict_keys(['load_sales_dag']) retrieved from /opt/airflow/dags/load_sales_dag.py
[2025-05-15T11:05:10.005+0000] {logging_mixin.py:137} INFO - [2025-05-15T11:05:10.005+0000] {dag.py:2676} INFO - Sync 1 DAGs
[2025-05-15T11:05:10.026+0000] {logging_mixin.py:137} INFO - [2025-05-15T11:05:10.026+0000] {dag.py:3427} INFO - Setting next_dagrun for load_sales_dag to 2025-05-15T00:00:00+00:00, run_after=2025-05-16T00:00:00+00:00
[2025-05-15T11:05:10.041+0000] {processor.py:175} INFO - Processing /opt/airflow/dags/load_sales_dag.py took 0.263 seconds
[2025-05-15T11:05:40.164+0000] {processor.py:153} INFO - Started process (PID=312) to work on /opt/airflow/dags/load_sales_dag.py
[2025-05-15T11:05:40.165+0000] {processor.py:743} INFO - Processing file /opt/airflow/dags/load_sales_dag.py for tasks to queue
[2025-05-15T11:05:40.165+0000] {logging_mixin.py:137} INFO - [2025-05-15T11:05:40.165+0000] {dagbag.py:538} INFO - Filling up the DagBag from /opt/airflow/dags/load_sales_dag.py
[2025-05-15T11:05:40.390+0000] {processor.py:753} INFO - DAG(s) dict_keys(['load_sales_dag']) retrieved from /opt/airflow/dags/load_sales_dag.py
[2025-05-15T11:05:40.420+0000] {logging_mixin.py:137} INFO - [2025-05-15T11:05:40.420+0000] {dag.py:2676} INFO - Sync 1 DAGs
[2025-05-15T11:05:40.568+0000] {logging_mixin.py:137} INFO - [2025-05-15T11:05:40.568+0000] {dag.py:3427} INFO - Setting next_dagrun for load_sales_dag to 2025-05-15T00:00:00+00:00, run_after=2025-05-16T00:00:00+00:00
[2025-05-15T11:05:40.584+0000] {processor.py:175} INFO - Processing /opt/airflow/dags/load_sales_dag.py took 0.423 seconds
[2025-05-15T11:06:10.707+0000] {processor.py:153} INFO - Started process (PID=318) to work on /opt/airflow/dags/load_sales_dag.py
[2025-05-15T11:06:10.708+0000] {processor.py:743} INFO - Processing file /opt/airflow/dags/load_sales_dag.py for tasks to queue
[2025-05-15T11:06:10.708+0000] {logging_mixin.py:137} INFO - [2025-05-15T11:06:10.708+0000] {dagbag.py:538} INFO - Filling up the DagBag from /opt/airflow/dags/load_sales_dag.py
[2025-05-15T11:06:10.904+0000] {processor.py:753} INFO - DAG(s) dict_keys(['load_sales_dag']) retrieved from /opt/airflow/dags/load_sales_dag.py
[2025-05-15T11:06:10.931+0000] {logging_mixin.py:137} INFO - [2025-05-15T11:06:10.930+0000] {dag.py:2676} INFO - Sync 1 DAGs
[2025-05-15T11:06:11.086+0000] {logging_mixin.py:137} INFO - [2025-05-15T11:06:11.086+0000] {dag.py:3427} INFO - Setting next_dagrun for load_sales_dag to 2025-05-15T00:00:00+00:00, run_after=2025-05-16T00:00:00+00:00
[2025-05-15T11:06:11.125+0000] {processor.py:175} INFO - Processing /opt/airflow/dags/load_sales_dag.py took 0.420 seconds
[2025-05-15T11:06:41.270+0000] {processor.py:153} INFO - Started process (PID=324) to work on /opt/airflow/dags/load_sales_dag.py
[2025-05-15T11:06:41.271+0000] {processor.py:743} INFO - Processing file /opt/airflow/dags/load_sales_dag.py for tasks to queue
[2025-05-15T11:06:41.272+0000] {logging_mixin.py:137} INFO - [2025-05-15T11:06:41.272+0000] {dagbag.py:538} INFO - Filling up the DagBag from /opt/airflow/dags/load_sales_dag.py
[2025-05-15T11:06:41.497+0000] {processor.py:753} INFO - DAG(s) dict_keys(['load_sales_dag']) retrieved from /opt/airflow/dags/load_sales_dag.py
[2025-05-15T11:06:41.530+0000] {logging_mixin.py:137} INFO - [2025-05-15T11:06:41.529+0000] {dag.py:2676} INFO - Sync 1 DAGs
[2025-05-15T11:06:41.683+0000] {logging_mixin.py:137} INFO - [2025-05-15T11:06:41.682+0000] {dag.py:3427} INFO - Setting next_dagrun for load_sales_dag to 2025-05-15T00:00:00+00:00, run_after=2025-05-16T00:00:00+00:00
[2025-05-15T11:06:41.696+0000] {processor.py:175} INFO - Processing /opt/airflow/dags/load_sales_dag.py took 0.430 seconds
[2025-05-15T11:07:11.827+0000] {processor.py:153} INFO - Started process (PID=330) to work on /opt/airflow/dags/load_sales_dag.py
[2025-05-15T11:07:11.828+0000] {processor.py:743} INFO - Processing file /opt/airflow/dags/load_sales_dag.py for tasks to queue
[2025-05-15T11:07:11.829+0000] {logging_mixin.py:137} INFO - [2025-05-15T11:07:11.828+0000] {dagbag.py:538} INFO - Filling up the DagBag from /opt/airflow/dags/load_sales_dag.py
[2025-05-15T11:07:12.048+0000] {processor.py:753} INFO - DAG(s) dict_keys(['load_sales_dag']) retrieved from /opt/airflow/dags/load_sales_dag.py
[2025-05-15T11:07:12.088+0000] {logging_mixin.py:137} INFO - [2025-05-15T11:07:12.088+0000] {dag.py:2676} INFO - Sync 1 DAGs
[2025-05-15T11:07:12.109+0000] {logging_mixin.py:137} INFO - [2025-05-15T11:07:12.109+0000] {dag.py:3427} INFO - Setting next_dagrun for load_sales_dag to 2025-05-15T00:00:00+00:00, run_after=2025-05-16T00:00:00+00:00
[2025-05-15T11:07:12.123+0000] {processor.py:175} INFO - Processing /opt/airflow/dags/load_sales_dag.py took 0.300 seconds
[2025-05-15T11:07:42.250+0000] {processor.py:153} INFO - Started process (PID=336) to work on /opt/airflow/dags/load_sales_dag.py
[2025-05-15T11:07:42.250+0000] {processor.py:743} INFO - Processing file /opt/airflow/dags/load_sales_dag.py for tasks to queue
[2025-05-15T11:07:42.251+0000] {logging_mixin.py:137} INFO - [2025-05-15T11:07:42.251+0000] {dagbag.py:538} INFO - Filling up the DagBag from /opt/airflow/dags/load_sales_dag.py
[2025-05-15T11:07:42.446+0000] {processor.py:753} INFO - DAG(s) dict_keys(['load_sales_dag']) retrieved from /opt/airflow/dags/load_sales_dag.py
[2025-05-15T11:07:42.474+0000] {logging_mixin.py:137} INFO - [2025-05-15T11:07:42.473+0000] {dag.py:2676} INFO - Sync 1 DAGs
[2025-05-15T11:07:42.500+0000] {logging_mixin.py:137} INFO - [2025-05-15T11:07:42.499+0000] {dag.py:3427} INFO - Setting next_dagrun for load_sales_dag to 2025-05-15T00:00:00+00:00, run_after=2025-05-16T00:00:00+00:00
[2025-05-15T11:07:42.517+0000] {processor.py:175} INFO - Processing /opt/airflow/dags/load_sales_dag.py took 0.270 seconds
[2025-05-15T11:08:12.640+0000] {processor.py:153} INFO - Started process (PID=342) to work on /opt/airflow/dags/load_sales_dag.py
[2025-05-15T11:08:12.641+0000] {processor.py:743} INFO - Processing file /opt/airflow/dags/load_sales_dag.py for tasks to queue
[2025-05-15T11:08:12.641+0000] {logging_mixin.py:137} INFO - [2025-05-15T11:08:12.641+0000] {dagbag.py:538} INFO - Filling up the DagBag from /opt/airflow/dags/load_sales_dag.py
[2025-05-15T11:08:12.860+0000] {processor.py:753} INFO - DAG(s) dict_keys(['load_sales_dag']) retrieved from /opt/airflow/dags/load_sales_dag.py
[2025-05-15T11:08:12.888+0000] {logging_mixin.py:137} INFO - [2025-05-15T11:08:12.887+0000] {dag.py:2676} INFO - Sync 1 DAGs
[2025-05-15T11:08:12.908+0000] {logging_mixin.py:137} INFO - [2025-05-15T11:08:12.908+0000] {dag.py:3427} INFO - Setting next_dagrun for load_sales_dag to 2025-05-15T00:00:00+00:00, run_after=2025-05-16T00:00:00+00:00
[2025-05-15T11:08:12.922+0000] {processor.py:175} INFO - Processing /opt/airflow/dags/load_sales_dag.py took 0.285 seconds
[2025-05-15T11:08:43.068+0000] {processor.py:153} INFO - Started process (PID=348) to work on /opt/airflow/dags/load_sales_dag.py
[2025-05-15T11:08:43.069+0000] {processor.py:743} INFO - Processing file /opt/airflow/dags/load_sales_dag.py for tasks to queue
[2025-05-15T11:08:43.070+0000] {logging_mixin.py:137} INFO - [2025-05-15T11:08:43.069+0000] {dagbag.py:538} INFO - Filling up the DagBag from /opt/airflow/dags/load_sales_dag.py
[2025-05-15T11:08:43.438+0000] {processor.py:753} INFO - DAG(s) dict_keys(['load_sales_dag']) retrieved from /opt/airflow/dags/load_sales_dag.py
[2025-05-15T11:08:43.477+0000] {logging_mixin.py:137} INFO - [2025-05-15T11:08:43.477+0000] {dag.py:2676} INFO - Sync 1 DAGs
[2025-05-15T11:08:43.511+0000] {logging_mixin.py:137} INFO - [2025-05-15T11:08:43.511+0000] {dag.py:3427} INFO - Setting next_dagrun for load_sales_dag to 2025-05-15T00:00:00+00:00, run_after=2025-05-16T00:00:00+00:00
[2025-05-15T11:08:44.182+0000] {processor.py:175} INFO - Processing /opt/airflow/dags/load_sales_dag.py took 1.118 seconds
[2025-05-15T11:09:14.304+0000] {processor.py:153} INFO - Started process (PID=354) to work on /opt/airflow/dags/load_sales_dag.py
[2025-05-15T11:09:14.305+0000] {processor.py:743} INFO - Processing file /opt/airflow/dags/load_sales_dag.py for tasks to queue
[2025-05-15T11:09:14.305+0000] {logging_mixin.py:137} INFO - [2025-05-15T11:09:14.305+0000] {dagbag.py:538} INFO - Filling up the DagBag from /opt/airflow/dags/load_sales_dag.py
[2025-05-15T11:09:14.514+0000] {processor.py:753} INFO - DAG(s) dict_keys(['load_sales_dag']) retrieved from /opt/airflow/dags/load_sales_dag.py
[2025-05-15T11:09:14.541+0000] {logging_mixin.py:137} INFO - [2025-05-15T11:09:14.540+0000] {dag.py:2676} INFO - Sync 1 DAGs
[2025-05-15T11:09:14.685+0000] {logging_mixin.py:137} INFO - [2025-05-15T11:09:14.685+0000] {dag.py:3427} INFO - Setting next_dagrun for load_sales_dag to 2025-05-15T00:00:00+00:00, run_after=2025-05-16T00:00:00+00:00
[2025-05-15T11:09:14.700+0000] {processor.py:175} INFO - Processing /opt/airflow/dags/load_sales_dag.py took 0.399 seconds
[2025-05-15T11:09:44.822+0000] {processor.py:153} INFO - Started process (PID=360) to work on /opt/airflow/dags/load_sales_dag.py
[2025-05-15T11:09:44.823+0000] {processor.py:743} INFO - Processing file /opt/airflow/dags/load_sales_dag.py for tasks to queue
[2025-05-15T11:09:44.824+0000] {logging_mixin.py:137} INFO - [2025-05-15T11:09:44.823+0000] {dagbag.py:538} INFO - Filling up the DagBag from /opt/airflow/dags/load_sales_dag.py
[2025-05-15T11:09:45.021+0000] {processor.py:753} INFO - DAG(s) dict_keys(['load_sales_dag']) retrieved from /opt/airflow/dags/load_sales_dag.py
[2025-05-15T11:09:45.047+0000] {logging_mixin.py:137} INFO - [2025-05-15T11:09:45.047+0000] {dag.py:2676} INFO - Sync 1 DAGs
[2025-05-15T11:09:45.188+0000] {logging_mixin.py:137} INFO - [2025-05-15T11:09:45.188+0000] {dag.py:3427} INFO - Setting next_dagrun for load_sales_dag to 2025-05-15T00:00:00+00:00, run_after=2025-05-16T00:00:00+00:00
[2025-05-15T11:09:45.201+0000] {processor.py:175} INFO - Processing /opt/airflow/dags/load_sales_dag.py took 0.382 seconds
[2025-05-15T11:10:15.329+0000] {processor.py:153} INFO - Started process (PID=366) to work on /opt/airflow/dags/load_sales_dag.py
[2025-05-15T11:10:15.330+0000] {processor.py:743} INFO - Processing file /opt/airflow/dags/load_sales_dag.py for tasks to queue
[2025-05-15T11:10:15.331+0000] {logging_mixin.py:137} INFO - [2025-05-15T11:10:15.330+0000] {dagbag.py:538} INFO - Filling up the DagBag from /opt/airflow/dags/load_sales_dag.py
[2025-05-15T11:10:15.526+0000] {processor.py:753} INFO - DAG(s) dict_keys(['load_sales_dag']) retrieved from /opt/airflow/dags/load_sales_dag.py
[2025-05-15T11:10:15.553+0000] {logging_mixin.py:137} INFO - [2025-05-15T11:10:15.551+0000] {dag.py:2676} INFO - Sync 1 DAGs
[2025-05-15T11:10:15.691+0000] {logging_mixin.py:137} INFO - [2025-05-15T11:10:15.691+0000] {dag.py:3427} INFO - Setting next_dagrun for load_sales_dag to 2025-05-15T00:00:00+00:00, run_after=2025-05-16T00:00:00+00:00
[2025-05-15T11:10:15.704+0000] {processor.py:175} INFO - Processing /opt/airflow/dags/load_sales_dag.py took 0.377 seconds
[2025-05-15T11:10:45.830+0000] {processor.py:153} INFO - Started process (PID=372) to work on /opt/airflow/dags/load_sales_dag.py
[2025-05-15T11:10:45.830+0000] {processor.py:743} INFO - Processing file /opt/airflow/dags/load_sales_dag.py for tasks to queue
[2025-05-15T11:10:45.831+0000] {logging_mixin.py:137} INFO - [2025-05-15T11:10:45.831+0000] {dagbag.py:538} INFO - Filling up the DagBag from /opt/airflow/dags/load_sales_dag.py
[2025-05-15T11:10:46.023+0000] {processor.py:753} INFO - DAG(s) dict_keys(['load_sales_dag']) retrieved from /opt/airflow/dags/load_sales_dag.py
[2025-05-15T11:10:46.050+0000] {logging_mixin.py:137} INFO - [2025-05-15T11:10:46.050+0000] {dag.py:2676} INFO - Sync 1 DAGs
[2025-05-15T11:10:46.070+0000] {logging_mixin.py:137} INFO - [2025-05-15T11:10:46.070+0000] {dag.py:3427} INFO - Setting next_dagrun for load_sales_dag to 2025-05-15T00:00:00+00:00, run_after=2025-05-16T00:00:00+00:00
[2025-05-15T11:10:46.084+0000] {processor.py:175} INFO - Processing /opt/airflow/dags/load_sales_dag.py took 0.256 seconds
[2025-05-15T11:11:16.207+0000] {processor.py:153} INFO - Started process (PID=378) to work on /opt/airflow/dags/load_sales_dag.py
[2025-05-15T11:11:16.208+0000] {processor.py:743} INFO - Processing file /opt/airflow/dags/load_sales_dag.py for tasks to queue
[2025-05-15T11:11:16.208+0000] {logging_mixin.py:137} INFO - [2025-05-15T11:11:16.208+0000] {dagbag.py:538} INFO - Filling up the DagBag from /opt/airflow/dags/load_sales_dag.py
[2025-05-15T11:11:16.434+0000] {processor.py:753} INFO - DAG(s) dict_keys(['load_sales_dag']) retrieved from /opt/airflow/dags/load_sales_dag.py
[2025-05-15T11:11:16.477+0000] {logging_mixin.py:137} INFO - [2025-05-15T11:11:16.476+0000] {dag.py:2676} INFO - Sync 1 DAGs
[2025-05-15T11:11:16.507+0000] {logging_mixin.py:137} INFO - [2025-05-15T11:11:16.507+0000] {dag.py:3427} INFO - Setting next_dagrun for load_sales_dag to 2025-05-15T00:00:00+00:00, run_after=2025-05-16T00:00:00+00:00
[2025-05-15T11:11:16.536+0000] {processor.py:175} INFO - Processing /opt/airflow/dags/load_sales_dag.py took 0.331 seconds
[2025-05-15T11:11:46.669+0000] {processor.py:153} INFO - Started process (PID=384) to work on /opt/airflow/dags/load_sales_dag.py
[2025-05-15T11:11:46.670+0000] {processor.py:743} INFO - Processing file /opt/airflow/dags/load_sales_dag.py for tasks to queue
[2025-05-15T11:11:46.671+0000] {logging_mixin.py:137} INFO - [2025-05-15T11:11:46.670+0000] {dagbag.py:538} INFO - Filling up the DagBag from /opt/airflow/dags/load_sales_dag.py
[2025-05-15T11:11:46.876+0000] {processor.py:753} INFO - DAG(s) dict_keys(['load_sales_dag']) retrieved from /opt/airflow/dags/load_sales_dag.py
[2025-05-15T11:11:46.921+0000] {logging_mixin.py:137} INFO - [2025-05-15T11:11:46.920+0000] {dag.py:2676} INFO - Sync 1 DAGs
[2025-05-15T11:11:46.953+0000] {logging_mixin.py:137} INFO - [2025-05-15T11:11:46.953+0000] {dag.py:3427} INFO - Setting next_dagrun for load_sales_dag to 2025-05-15T00:00:00+00:00, run_after=2025-05-16T00:00:00+00:00
[2025-05-15T11:11:46.967+0000] {processor.py:175} INFO - Processing /opt/airflow/dags/load_sales_dag.py took 0.301 seconds
[2025-05-15T11:12:17.099+0000] {processor.py:153} INFO - Started process (PID=390) to work on /opt/airflow/dags/load_sales_dag.py
[2025-05-15T11:12:17.100+0000] {processor.py:743} INFO - Processing file /opt/airflow/dags/load_sales_dag.py for tasks to queue
[2025-05-15T11:12:17.101+0000] {logging_mixin.py:137} INFO - [2025-05-15T11:12:17.100+0000] {dagbag.py:538} INFO - Filling up the DagBag from /opt/airflow/dags/load_sales_dag.py
[2025-05-15T11:12:17.307+0000] {processor.py:753} INFO - DAG(s) dict_keys(['load_sales_dag']) retrieved from /opt/airflow/dags/load_sales_dag.py
[2025-05-15T11:12:17.349+0000] {logging_mixin.py:137} INFO - [2025-05-15T11:12:17.348+0000] {dag.py:2676} INFO - Sync 1 DAGs
[2025-05-15T11:12:17.499+0000] {logging_mixin.py:137} INFO - [2025-05-15T11:12:17.499+0000] {dag.py:3427} INFO - Setting next_dagrun for load_sales_dag to 2025-05-15T00:00:00+00:00, run_after=2025-05-16T00:00:00+00:00
[2025-05-15T11:12:17.514+0000] {processor.py:175} INFO - Processing /opt/airflow/dags/load_sales_dag.py took 0.417 seconds
[2025-05-15T11:12:47.641+0000] {processor.py:153} INFO - Started process (PID=396) to work on /opt/airflow/dags/load_sales_dag.py
[2025-05-15T11:12:47.641+0000] {processor.py:743} INFO - Processing file /opt/airflow/dags/load_sales_dag.py for tasks to queue
[2025-05-15T11:12:47.642+0000] {logging_mixin.py:137} INFO - [2025-05-15T11:12:47.642+0000] {dagbag.py:538} INFO - Filling up the DagBag from /opt/airflow/dags/load_sales_dag.py
[2025-05-15T11:12:47.872+0000] {processor.py:753} INFO - DAG(s) dict_keys(['load_sales_dag']) retrieved from /opt/airflow/dags/load_sales_dag.py
[2025-05-15T11:12:47.904+0000] {logging_mixin.py:137} INFO - [2025-05-15T11:12:47.904+0000] {dag.py:2676} INFO - Sync 1 DAGs
[2025-05-15T11:12:48.049+0000] {logging_mixin.py:137} INFO - [2025-05-15T11:12:48.049+0000] {dag.py:3427} INFO - Setting next_dagrun for load_sales_dag to 2025-05-15T00:00:00+00:00, run_after=2025-05-16T00:00:00+00:00
[2025-05-15T11:12:48.062+0000] {processor.py:175} INFO - Processing /opt/airflow/dags/load_sales_dag.py took 0.424 seconds
[2025-05-15T11:13:18.205+0000] {processor.py:153} INFO - Started process (PID=402) to work on /opt/airflow/dags/load_sales_dag.py
[2025-05-15T11:13:18.206+0000] {processor.py:743} INFO - Processing file /opt/airflow/dags/load_sales_dag.py for tasks to queue
[2025-05-15T11:13:18.206+0000] {logging_mixin.py:137} INFO - [2025-05-15T11:13:18.206+0000] {dagbag.py:538} INFO - Filling up the DagBag from /opt/airflow/dags/load_sales_dag.py
[2025-05-15T11:13:18.450+0000] {processor.py:753} INFO - DAG(s) dict_keys(['load_sales_dag']) retrieved from /opt/airflow/dags/load_sales_dag.py
[2025-05-15T11:13:18.485+0000] {logging_mixin.py:137} INFO - [2025-05-15T11:13:18.485+0000] {dag.py:2676} INFO - Sync 1 DAGs
[2025-05-15T11:13:18.632+0000] {logging_mixin.py:137} INFO - [2025-05-15T11:13:18.631+0000] {dag.py:3427} INFO - Setting next_dagrun for load_sales_dag to 2025-05-15T00:00:00+00:00, run_after=2025-05-16T00:00:00+00:00
[2025-05-15T11:13:18.645+0000] {processor.py:175} INFO - Processing /opt/airflow/dags/load_sales_dag.py took 0.442 seconds
[2025-05-15T11:13:48.768+0000] {processor.py:153} INFO - Started process (PID=408) to work on /opt/airflow/dags/load_sales_dag.py
[2025-05-15T11:13:48.768+0000] {processor.py:743} INFO - Processing file /opt/airflow/dags/load_sales_dag.py for tasks to queue
[2025-05-15T11:13:48.769+0000] {logging_mixin.py:137} INFO - [2025-05-15T11:13:48.769+0000] {dagbag.py:538} INFO - Filling up the DagBag from /opt/airflow/dags/load_sales_dag.py
[2025-05-15T11:13:48.964+0000] {processor.py:753} INFO - DAG(s) dict_keys(['load_sales_dag']) retrieved from /opt/airflow/dags/load_sales_dag.py
[2025-05-15T11:13:49.113+0000] {logging_mixin.py:137} INFO - [2025-05-15T11:13:48.990+0000] {dag.py:2676} INFO - Sync 1 DAGs
[2025-05-15T11:13:49.135+0000] {logging_mixin.py:137} INFO - [2025-05-15T11:13:49.135+0000] {dag.py:3427} INFO - Setting next_dagrun for load_sales_dag to 2025-05-15T00:00:00+00:00, run_after=2025-05-16T00:00:00+00:00
[2025-05-15T11:13:49.149+0000] {processor.py:175} INFO - Processing /opt/airflow/dags/load_sales_dag.py took 0.383 seconds
[2025-05-15T11:14:19.276+0000] {processor.py:153} INFO - Started process (PID=414) to work on /opt/airflow/dags/load_sales_dag.py
[2025-05-15T11:14:19.277+0000] {processor.py:743} INFO - Processing file /opt/airflow/dags/load_sales_dag.py for tasks to queue
[2025-05-15T11:14:19.277+0000] {logging_mixin.py:137} INFO - [2025-05-15T11:14:19.277+0000] {dagbag.py:538} INFO - Filling up the DagBag from /opt/airflow/dags/load_sales_dag.py
[2025-05-15T11:14:19.471+0000] {processor.py:753} INFO - DAG(s) dict_keys(['load_sales_dag']) retrieved from /opt/airflow/dags/load_sales_dag.py
[2025-05-15T11:14:19.498+0000] {logging_mixin.py:137} INFO - [2025-05-15T11:14:19.498+0000] {dag.py:2676} INFO - Sync 1 DAGs
[2025-05-15T11:14:19.518+0000] {logging_mixin.py:137} INFO - [2025-05-15T11:14:19.518+0000] {dag.py:3427} INFO - Setting next_dagrun for load_sales_dag to 2025-05-15T00:00:00+00:00, run_after=2025-05-16T00:00:00+00:00
[2025-05-15T11:14:19.532+0000] {processor.py:175} INFO - Processing /opt/airflow/dags/load_sales_dag.py took 0.258 seconds
[2025-05-15T11:14:49.652+0000] {processor.py:153} INFO - Started process (PID=420) to work on /opt/airflow/dags/load_sales_dag.py
[2025-05-15T11:14:49.652+0000] {processor.py:743} INFO - Processing file /opt/airflow/dags/load_sales_dag.py for tasks to queue
[2025-05-15T11:14:49.653+0000] {logging_mixin.py:137} INFO - [2025-05-15T11:14:49.653+0000] {dagbag.py:538} INFO - Filling up the DagBag from /opt/airflow/dags/load_sales_dag.py
[2025-05-15T11:14:49.848+0000] {processor.py:753} INFO - DAG(s) dict_keys(['load_sales_dag']) retrieved from /opt/airflow/dags/load_sales_dag.py
[2025-05-15T11:14:49.876+0000] {logging_mixin.py:137} INFO - [2025-05-15T11:14:49.876+0000] {dag.py:2676} INFO - Sync 1 DAGs
[2025-05-15T11:14:49.897+0000] {logging_mixin.py:137} INFO - [2025-05-15T11:14:49.897+0000] {dag.py:3427} INFO - Setting next_dagrun for load_sales_dag to 2025-05-15T00:00:00+00:00, run_after=2025-05-16T00:00:00+00:00
[2025-05-15T11:14:49.910+0000] {processor.py:175} INFO - Processing /opt/airflow/dags/load_sales_dag.py took 0.261 seconds
[2025-05-15T11:15:20.050+0000] {processor.py:153} INFO - Started process (PID=426) to work on /opt/airflow/dags/load_sales_dag.py
[2025-05-15T11:15:20.051+0000] {processor.py:743} INFO - Processing file /opt/airflow/dags/load_sales_dag.py for tasks to queue
[2025-05-15T11:15:20.051+0000] {logging_mixin.py:137} INFO - [2025-05-15T11:15:20.051+0000] {dagbag.py:538} INFO - Filling up the DagBag from /opt/airflow/dags/load_sales_dag.py
[2025-05-15T11:15:20.256+0000] {processor.py:753} INFO - DAG(s) dict_keys(['load_sales_dag']) retrieved from /opt/airflow/dags/load_sales_dag.py
[2025-05-15T11:15:20.294+0000] {logging_mixin.py:137} INFO - [2025-05-15T11:15:20.294+0000] {dag.py:2676} INFO - Sync 1 DAGs
[2025-05-15T11:15:20.315+0000] {logging_mixin.py:137} INFO - [2025-05-15T11:15:20.315+0000] {dag.py:3427} INFO - Setting next_dagrun for load_sales_dag to 2025-05-15T00:00:00+00:00, run_after=2025-05-16T00:00:00+00:00
[2025-05-15T11:15:20.480+0000] {processor.py:175} INFO - Processing /opt/airflow/dags/load_sales_dag.py took 0.432 seconds
[2025-05-15T11:15:50.615+0000] {processor.py:153} INFO - Started process (PID=432) to work on /opt/airflow/dags/load_sales_dag.py
[2025-05-15T11:15:50.615+0000] {processor.py:743} INFO - Processing file /opt/airflow/dags/load_sales_dag.py for tasks to queue
[2025-05-15T11:15:50.616+0000] {logging_mixin.py:137} INFO - [2025-05-15T11:15:50.616+0000] {dagbag.py:538} INFO - Filling up the DagBag from /opt/airflow/dags/load_sales_dag.py
[2025-05-15T11:15:50.812+0000] {processor.py:753} INFO - DAG(s) dict_keys(['load_sales_dag']) retrieved from /opt/airflow/dags/load_sales_dag.py
[2025-05-15T11:15:50.839+0000] {logging_mixin.py:137} INFO - [2025-05-15T11:15:50.838+0000] {dag.py:2676} INFO - Sync 1 DAGs
[2025-05-15T11:15:50.993+0000] {logging_mixin.py:137} INFO - [2025-05-15T11:15:50.993+0000] {dag.py:3427} INFO - Setting next_dagrun for load_sales_dag to 2025-05-15T00:00:00+00:00, run_after=2025-05-16T00:00:00+00:00
[2025-05-15T11:15:51.008+0000] {processor.py:175} INFO - Processing /opt/airflow/dags/load_sales_dag.py took 0.395 seconds
[2025-05-15T11:16:21.145+0000] {processor.py:153} INFO - Started process (PID=438) to work on /opt/airflow/dags/load_sales_dag.py
[2025-05-15T11:16:21.148+0000] {processor.py:743} INFO - Processing file /opt/airflow/dags/load_sales_dag.py for tasks to queue
[2025-05-15T11:16:21.149+0000] {logging_mixin.py:137} INFO - [2025-05-15T11:16:21.149+0000] {dagbag.py:538} INFO - Filling up the DagBag from /opt/airflow/dags/load_sales_dag.py
[2025-05-15T11:16:21.437+0000] {processor.py:753} INFO - DAG(s) dict_keys(['load_sales_dag']) retrieved from /opt/airflow/dags/load_sales_dag.py
[2025-05-15T11:16:21.464+0000] {logging_mixin.py:137} INFO - [2025-05-15T11:16:21.464+0000] {dag.py:2676} INFO - Sync 1 DAGs
[2025-05-15T11:16:21.610+0000] {logging_mixin.py:137} INFO - [2025-05-15T11:16:21.610+0000] {dag.py:3427} INFO - Setting next_dagrun for load_sales_dag to 2025-05-15T00:00:00+00:00, run_after=2025-05-16T00:00:00+00:00
[2025-05-15T11:16:21.624+0000] {processor.py:175} INFO - Processing /opt/airflow/dags/load_sales_dag.py took 0.482 seconds
[2025-05-15T11:16:51.757+0000] {processor.py:153} INFO - Started process (PID=444) to work on /opt/airflow/dags/load_sales_dag.py
[2025-05-15T11:16:51.758+0000] {processor.py:743} INFO - Processing file /opt/airflow/dags/load_sales_dag.py for tasks to queue
[2025-05-15T11:16:51.759+0000] {logging_mixin.py:137} INFO - [2025-05-15T11:16:51.759+0000] {dagbag.py:538} INFO - Filling up the DagBag from /opt/airflow/dags/load_sales_dag.py
[2025-05-15T11:16:51.969+0000] {processor.py:753} INFO - DAG(s) dict_keys(['load_sales_dag']) retrieved from /opt/airflow/dags/load_sales_dag.py
[2025-05-15T11:16:52.006+0000] {logging_mixin.py:137} INFO - [2025-05-15T11:16:52.004+0000] {dag.py:2676} INFO - Sync 1 DAGs
[2025-05-15T11:16:52.146+0000] {logging_mixin.py:137} INFO - [2025-05-15T11:16:52.145+0000] {dag.py:3427} INFO - Setting next_dagrun for load_sales_dag to 2025-05-15T00:00:00+00:00, run_after=2025-05-16T00:00:00+00:00
[2025-05-15T11:16:52.159+0000] {processor.py:175} INFO - Processing /opt/airflow/dags/load_sales_dag.py took 0.404 seconds
[2025-05-15T11:17:22.302+0000] {processor.py:153} INFO - Started process (PID=450) to work on /opt/airflow/dags/load_sales_dag.py
[2025-05-15T11:17:22.303+0000] {processor.py:743} INFO - Processing file /opt/airflow/dags/load_sales_dag.py for tasks to queue
[2025-05-15T11:17:22.303+0000] {logging_mixin.py:137} INFO - [2025-05-15T11:17:22.303+0000] {dagbag.py:538} INFO - Filling up the DagBag from /opt/airflow/dags/load_sales_dag.py
[2025-05-15T11:17:22.502+0000] {processor.py:753} INFO - DAG(s) dict_keys(['load_sales_dag']) retrieved from /opt/airflow/dags/load_sales_dag.py
[2025-05-15T11:17:22.529+0000] {logging_mixin.py:137} INFO - [2025-05-15T11:17:22.529+0000] {dag.py:2676} INFO - Sync 1 DAGs
[2025-05-15T11:17:22.550+0000] {logging_mixin.py:137} INFO - [2025-05-15T11:17:22.550+0000] {dag.py:3427} INFO - Setting next_dagrun for load_sales_dag to 2025-05-15T00:00:00+00:00, run_after=2025-05-16T00:00:00+00:00
[2025-05-15T11:17:22.567+0000] {processor.py:175} INFO - Processing /opt/airflow/dags/load_sales_dag.py took 0.268 seconds
[2025-05-15T11:17:52.694+0000] {processor.py:153} INFO - Started process (PID=456) to work on /opt/airflow/dags/load_sales_dag.py
[2025-05-15T11:17:52.695+0000] {processor.py:743} INFO - Processing file /opt/airflow/dags/load_sales_dag.py for tasks to queue
[2025-05-15T11:17:52.695+0000] {logging_mixin.py:137} INFO - [2025-05-15T11:17:52.695+0000] {dagbag.py:538} INFO - Filling up the DagBag from /opt/airflow/dags/load_sales_dag.py
[2025-05-15T11:17:52.895+0000] {processor.py:753} INFO - DAG(s) dict_keys(['load_sales_dag']) retrieved from /opt/airflow/dags/load_sales_dag.py
[2025-05-15T11:17:52.922+0000] {logging_mixin.py:137} INFO - [2025-05-15T11:17:52.922+0000] {dag.py:2676} INFO - Sync 1 DAGs
[2025-05-15T11:17:52.943+0000] {logging_mixin.py:137} INFO - [2025-05-15T11:17:52.943+0000] {dag.py:3427} INFO - Setting next_dagrun for load_sales_dag to 2025-05-15T00:00:00+00:00, run_after=2025-05-16T00:00:00+00:00
[2025-05-15T11:17:52.957+0000] {processor.py:175} INFO - Processing /opt/airflow/dags/load_sales_dag.py took 0.265 seconds
[2025-05-15T11:18:23.116+0000] {processor.py:153} INFO - Started process (PID=462) to work on /opt/airflow/dags/load_sales_dag.py
[2025-05-15T11:18:23.119+0000] {processor.py:743} INFO - Processing file /opt/airflow/dags/load_sales_dag.py for tasks to queue
[2025-05-15T11:18:23.120+0000] {logging_mixin.py:137} INFO - [2025-05-15T11:18:23.120+0000] {dagbag.py:538} INFO - Filling up the DagBag from /opt/airflow/dags/load_sales_dag.py
[2025-05-15T11:18:23.569+0000] {processor.py:753} INFO - DAG(s) dict_keys(['load_sales_dag']) retrieved from /opt/airflow/dags/load_sales_dag.py
[2025-05-15T11:18:23.610+0000] {logging_mixin.py:137} INFO - [2025-05-15T11:18:23.609+0000] {dag.py:2676} INFO - Sync 1 DAGs
[2025-05-15T11:18:23.662+0000] {logging_mixin.py:137} INFO - [2025-05-15T11:18:23.660+0000] {dag.py:3427} INFO - Setting next_dagrun for load_sales_dag to 2025-05-15T00:00:00+00:00, run_after=2025-05-16T00:00:00+00:00
[2025-05-15T11:18:23.702+0000] {processor.py:175} INFO - Processing /opt/airflow/dags/load_sales_dag.py took 0.596 seconds
[2025-05-15T11:18:53.867+0000] {processor.py:153} INFO - Started process (PID=468) to work on /opt/airflow/dags/load_sales_dag.py
[2025-05-15T11:18:53.868+0000] {processor.py:743} INFO - Processing file /opt/airflow/dags/load_sales_dag.py for tasks to queue
[2025-05-15T11:18:53.869+0000] {logging_mixin.py:137} INFO - [2025-05-15T11:18:53.869+0000] {dagbag.py:538} INFO - Filling up the DagBag from /opt/airflow/dags/load_sales_dag.py
[2025-05-15T11:18:54.080+0000] {processor.py:753} INFO - DAG(s) dict_keys(['load_sales_dag']) retrieved from /opt/airflow/dags/load_sales_dag.py
[2025-05-15T11:18:54.106+0000] {logging_mixin.py:137} INFO - [2025-05-15T11:18:54.106+0000] {dag.py:2676} INFO - Sync 1 DAGs
[2025-05-15T11:18:54.258+0000] {logging_mixin.py:137} INFO - [2025-05-15T11:18:54.258+0000] {dag.py:3427} INFO - Setting next_dagrun for load_sales_dag to 2025-05-15T00:00:00+00:00, run_after=2025-05-16T00:00:00+00:00
[2025-05-15T11:18:54.273+0000] {processor.py:175} INFO - Processing /opt/airflow/dags/load_sales_dag.py took 0.408 seconds
[2025-05-15T11:19:24.305+0000] {processor.py:153} INFO - Started process (PID=474) to work on /opt/airflow/dags/load_sales_dag.py
[2025-05-15T11:19:24.306+0000] {processor.py:743} INFO - Processing file /opt/airflow/dags/load_sales_dag.py for tasks to queue
[2025-05-15T11:19:24.306+0000] {logging_mixin.py:137} INFO - [2025-05-15T11:19:24.306+0000] {dagbag.py:538} INFO - Filling up the DagBag from /opt/airflow/dags/load_sales_dag.py
[2025-05-15T11:19:24.530+0000] {processor.py:753} INFO - DAG(s) dict_keys(['load_sales_dag']) retrieved from /opt/airflow/dags/load_sales_dag.py
[2025-05-15T11:19:24.556+0000] {logging_mixin.py:137} INFO - [2025-05-15T11:19:24.555+0000] {dag.py:2676} INFO - Sync 1 DAGs
[2025-05-15T11:19:24.783+0000] {logging_mixin.py:137} INFO - [2025-05-15T11:19:24.783+0000] {dag.py:3427} INFO - Setting next_dagrun for load_sales_dag to 2025-05-15T00:00:00+00:00, run_after=2025-05-16T00:00:00+00:00
[2025-05-15T11:19:24.814+0000] {processor.py:175} INFO - Processing /opt/airflow/dags/load_sales_dag.py took 0.511 seconds
[2025-05-15T11:19:54.960+0000] {processor.py:153} INFO - Started process (PID=480) to work on /opt/airflow/dags/load_sales_dag.py
[2025-05-15T11:19:54.961+0000] {processor.py:743} INFO - Processing file /opt/airflow/dags/load_sales_dag.py for tasks to queue
[2025-05-15T11:19:54.961+0000] {logging_mixin.py:137} INFO - [2025-05-15T11:19:54.961+0000] {dagbag.py:538} INFO - Filling up the DagBag from /opt/airflow/dags/load_sales_dag.py
[2025-05-15T11:19:55.166+0000] {processor.py:753} INFO - DAG(s) dict_keys(['load_sales_dag']) retrieved from /opt/airflow/dags/load_sales_dag.py
[2025-05-15T11:19:55.193+0000] {logging_mixin.py:137} INFO - [2025-05-15T11:19:55.193+0000] {dag.py:2676} INFO - Sync 1 DAGs
[2025-05-15T11:19:55.336+0000] {logging_mixin.py:137} INFO - [2025-05-15T11:19:55.336+0000] {dag.py:3427} INFO - Setting next_dagrun for load_sales_dag to 2025-05-15T00:00:00+00:00, run_after=2025-05-16T00:00:00+00:00
[2025-05-15T11:19:55.351+0000] {processor.py:175} INFO - Processing /opt/airflow/dags/load_sales_dag.py took 0.394 seconds
[2025-05-15T11:20:25.475+0000] {processor.py:153} INFO - Started process (PID=486) to work on /opt/airflow/dags/load_sales_dag.py
[2025-05-15T11:20:25.475+0000] {processor.py:743} INFO - Processing file /opt/airflow/dags/load_sales_dag.py for tasks to queue
[2025-05-15T11:20:25.476+0000] {logging_mixin.py:137} INFO - [2025-05-15T11:20:25.476+0000] {dagbag.py:538} INFO - Filling up the DagBag from /opt/airflow/dags/load_sales_dag.py
[2025-05-15T11:20:25.682+0000] {processor.py:753} INFO - DAG(s) dict_keys(['load_sales_dag']) retrieved from /opt/airflow/dags/load_sales_dag.py
[2025-05-15T11:20:25.830+0000] {logging_mixin.py:137} INFO - [2025-05-15T11:20:25.710+0000] {dag.py:2676} INFO - Sync 1 DAGs
[2025-05-15T11:20:25.852+0000] {logging_mixin.py:137} INFO - [2025-05-15T11:20:25.852+0000] {dag.py:3427} INFO - Setting next_dagrun for load_sales_dag to 2025-05-15T00:00:00+00:00, run_after=2025-05-16T00:00:00+00:00
[2025-05-15T11:20:25.864+0000] {processor.py:175} INFO - Processing /opt/airflow/dags/load_sales_dag.py took 0.392 seconds
[2025-05-15T11:20:55.989+0000] {processor.py:153} INFO - Started process (PID=492) to work on /opt/airflow/dags/load_sales_dag.py
[2025-05-15T11:20:55.990+0000] {processor.py:743} INFO - Processing file /opt/airflow/dags/load_sales_dag.py for tasks to queue
[2025-05-15T11:20:55.990+0000] {logging_mixin.py:137} INFO - [2025-05-15T11:20:55.990+0000] {dagbag.py:538} INFO - Filling up the DagBag from /opt/airflow/dags/load_sales_dag.py
[2025-05-15T11:20:56.243+0000] {processor.py:753} INFO - DAG(s) dict_keys(['load_sales_dag']) retrieved from /opt/airflow/dags/load_sales_dag.py
[2025-05-15T11:20:56.270+0000] {logging_mixin.py:137} INFO - [2025-05-15T11:20:56.270+0000] {dag.py:2676} INFO - Sync 1 DAGs
[2025-05-15T11:20:56.297+0000] {logging_mixin.py:137} INFO - [2025-05-15T11:20:56.297+0000] {dag.py:3427} INFO - Setting next_dagrun for load_sales_dag to 2025-05-15T00:00:00+00:00, run_after=2025-05-16T00:00:00+00:00
[2025-05-15T11:20:56.311+0000] {processor.py:175} INFO - Processing /opt/airflow/dags/load_sales_dag.py took 0.324 seconds
[2025-05-15T11:21:26.431+0000] {processor.py:153} INFO - Started process (PID=498) to work on /opt/airflow/dags/load_sales_dag.py
[2025-05-15T11:21:26.432+0000] {processor.py:743} INFO - Processing file /opt/airflow/dags/load_sales_dag.py for tasks to queue
[2025-05-15T11:21:26.432+0000] {logging_mixin.py:137} INFO - [2025-05-15T11:21:26.432+0000] {dagbag.py:538} INFO - Filling up the DagBag from /opt/airflow/dags/load_sales_dag.py
[2025-05-15T11:21:26.624+0000] {processor.py:753} INFO - DAG(s) dict_keys(['load_sales_dag']) retrieved from /opt/airflow/dags/load_sales_dag.py
[2025-05-15T11:21:26.650+0000] {logging_mixin.py:137} INFO - [2025-05-15T11:21:26.650+0000] {dag.py:2676} INFO - Sync 1 DAGs
[2025-05-15T11:21:26.670+0000] {logging_mixin.py:137} INFO - [2025-05-15T11:21:26.670+0000] {dag.py:3427} INFO - Setting next_dagrun for load_sales_dag to 2025-05-15T00:00:00+00:00, run_after=2025-05-16T00:00:00+00:00
[2025-05-15T11:21:26.683+0000] {processor.py:175} INFO - Processing /opt/airflow/dags/load_sales_dag.py took 0.255 seconds
[2025-05-15T11:21:56.802+0000] {processor.py:153} INFO - Started process (PID=504) to work on /opt/airflow/dags/load_sales_dag.py
[2025-05-15T11:21:56.802+0000] {processor.py:743} INFO - Processing file /opt/airflow/dags/load_sales_dag.py for tasks to queue
[2025-05-15T11:21:56.803+0000] {logging_mixin.py:137} INFO - [2025-05-15T11:21:56.803+0000] {dagbag.py:538} INFO - Filling up the DagBag from /opt/airflow/dags/load_sales_dag.py
[2025-05-15T11:21:56.997+0000] {processor.py:753} INFO - DAG(s) dict_keys(['load_sales_dag']) retrieved from /opt/airflow/dags/load_sales_dag.py
[2025-05-15T11:21:57.024+0000] {logging_mixin.py:137} INFO - [2025-05-15T11:21:57.023+0000] {dag.py:2676} INFO - Sync 1 DAGs
[2025-05-15T11:21:57.044+0000] {logging_mixin.py:137} INFO - [2025-05-15T11:21:57.043+0000] {dag.py:3427} INFO - Setting next_dagrun for load_sales_dag to 2025-05-15T00:00:00+00:00, run_after=2025-05-16T00:00:00+00:00
[2025-05-15T11:21:57.058+0000] {processor.py:175} INFO - Processing /opt/airflow/dags/load_sales_dag.py took 0.259 seconds
[2025-05-15T11:22:27.175+0000] {processor.py:153} INFO - Started process (PID=510) to work on /opt/airflow/dags/load_sales_dag.py
[2025-05-15T11:22:27.175+0000] {processor.py:743} INFO - Processing file /opt/airflow/dags/load_sales_dag.py for tasks to queue
[2025-05-15T11:22:27.176+0000] {logging_mixin.py:137} INFO - [2025-05-15T11:22:27.176+0000] {dagbag.py:538} INFO - Filling up the DagBag from /opt/airflow/dags/load_sales_dag.py
[2025-05-15T11:22:27.369+0000] {processor.py:753} INFO - DAG(s) dict_keys(['load_sales_dag']) retrieved from /opt/airflow/dags/load_sales_dag.py
[2025-05-15T11:22:27.396+0000] {logging_mixin.py:137} INFO - [2025-05-15T11:22:27.395+0000] {dag.py:2676} INFO - Sync 1 DAGs
[2025-05-15T11:22:27.532+0000] {logging_mixin.py:137} INFO - [2025-05-15T11:22:27.532+0000] {dag.py:3427} INFO - Setting next_dagrun for load_sales_dag to 2025-05-15T00:00:00+00:00, run_after=2025-05-16T00:00:00+00:00
[2025-05-15T11:22:27.546+0000] {processor.py:175} INFO - Processing /opt/airflow/dags/load_sales_dag.py took 0.374 seconds
[2025-05-15T11:23:37.396+0000] {processor.py:153} INFO - Started process (PID=163) to work on /opt/airflow/dags/load_sales_dag.py
[2025-05-15T11:23:37.405+0000] {processor.py:743} INFO - Processing file /opt/airflow/dags/load_sales_dag.py for tasks to queue
[2025-05-15T11:23:37.406+0000] {logging_mixin.py:137} INFO - [2025-05-15T11:23:37.406+0000] {dagbag.py:538} INFO - Filling up the DagBag from /opt/airflow/dags/load_sales_dag.py
[2025-05-15T11:23:40.196+0000] {processor.py:753} INFO - DAG(s) dict_keys(['load_sales_dag']) retrieved from /opt/airflow/dags/load_sales_dag.py
[2025-05-15T11:23:40.252+0000] {logging_mixin.py:137} INFO - [2025-05-15T11:23:40.251+0000] {dag.py:2676} INFO - Sync 1 DAGs
[2025-05-15T11:23:40.288+0000] {logging_mixin.py:137} INFO - [2025-05-15T11:23:40.288+0000] {dag.py:3427} INFO - Setting next_dagrun for load_sales_dag to 2025-05-15T00:00:00+00:00, run_after=2025-05-16T00:00:00+00:00
[2025-05-15T11:23:40.321+0000] {processor.py:175} INFO - Processing /opt/airflow/dags/load_sales_dag.py took 2.935 seconds
[2025-05-15T11:24:10.529+0000] {processor.py:153} INFO - Started process (PID=170) to work on /opt/airflow/dags/load_sales_dag.py
[2025-05-15T11:24:10.529+0000] {processor.py:743} INFO - Processing file /opt/airflow/dags/load_sales_dag.py for tasks to queue
[2025-05-15T11:24:10.530+0000] {logging_mixin.py:137} INFO - [2025-05-15T11:24:10.530+0000] {dagbag.py:538} INFO - Filling up the DagBag from /opt/airflow/dags/load_sales_dag.py
[2025-05-15T11:24:10.817+0000] {processor.py:753} INFO - DAG(s) dict_keys(['load_sales_dag']) retrieved from /opt/airflow/dags/load_sales_dag.py
[2025-05-15T11:24:10.847+0000] {logging_mixin.py:137} INFO - [2025-05-15T11:24:10.846+0000] {dag.py:2676} INFO - Sync 1 DAGs
[2025-05-15T11:24:10.887+0000] {logging_mixin.py:137} INFO - [2025-05-15T11:24:10.887+0000] {dag.py:3427} INFO - Setting next_dagrun for load_sales_dag to 2025-05-15T00:00:00+00:00, run_after=2025-05-16T00:00:00+00:00
[2025-05-15T11:24:10.904+0000] {processor.py:175} INFO - Processing /opt/airflow/dags/load_sales_dag.py took 0.378 seconds
[2025-05-15T11:24:41.032+0000] {processor.py:153} INFO - Started process (PID=176) to work on /opt/airflow/dags/load_sales_dag.py
[2025-05-15T11:24:41.033+0000] {processor.py:743} INFO - Processing file /opt/airflow/dags/load_sales_dag.py for tasks to queue
[2025-05-15T11:24:41.033+0000] {logging_mixin.py:137} INFO - [2025-05-15T11:24:41.033+0000] {dagbag.py:538} INFO - Filling up the DagBag from /opt/airflow/dags/load_sales_dag.py
[2025-05-15T11:24:41.310+0000] {processor.py:753} INFO - DAG(s) dict_keys(['load_sales_dag']) retrieved from /opt/airflow/dags/load_sales_dag.py
[2025-05-15T11:24:41.358+0000] {logging_mixin.py:137} INFO - [2025-05-15T11:24:41.357+0000] {dag.py:2676} INFO - Sync 1 DAGs
[2025-05-15T11:24:41.386+0000] {logging_mixin.py:137} INFO - [2025-05-15T11:24:41.386+0000] {dag.py:3427} INFO - Setting next_dagrun for load_sales_dag to 2025-05-15T00:00:00+00:00, run_after=2025-05-16T00:00:00+00:00
[2025-05-15T11:24:41.400+0000] {processor.py:175} INFO - Processing /opt/airflow/dags/load_sales_dag.py took 0.370 seconds
[2025-05-15T11:25:11.531+0000] {processor.py:153} INFO - Started process (PID=182) to work on /opt/airflow/dags/load_sales_dag.py
[2025-05-15T11:25:11.532+0000] {processor.py:743} INFO - Processing file /opt/airflow/dags/load_sales_dag.py for tasks to queue
[2025-05-15T11:25:11.532+0000] {logging_mixin.py:137} INFO - [2025-05-15T11:25:11.532+0000] {dagbag.py:538} INFO - Filling up the DagBag from /opt/airflow/dags/load_sales_dag.py
[2025-05-15T11:25:11.776+0000] {processor.py:753} INFO - DAG(s) dict_keys(['load_sales_dag']) retrieved from /opt/airflow/dags/load_sales_dag.py
[2025-05-15T11:25:11.849+0000] {logging_mixin.py:137} INFO - [2025-05-15T11:25:11.848+0000] {dag.py:2676} INFO - Sync 1 DAGs
[2025-05-15T11:25:11.905+0000] {logging_mixin.py:137} INFO - [2025-05-15T11:25:11.905+0000] {dag.py:3427} INFO - Setting next_dagrun for load_sales_dag to 2025-05-15T00:00:00+00:00, run_after=2025-05-16T00:00:00+00:00
[2025-05-15T11:25:11.927+0000] {processor.py:175} INFO - Processing /opt/airflow/dags/load_sales_dag.py took 0.398 seconds
[2025-05-15T11:25:42.086+0000] {processor.py:153} INFO - Started process (PID=191) to work on /opt/airflow/dags/load_sales_dag.py
[2025-05-15T11:25:42.086+0000] {processor.py:743} INFO - Processing file /opt/airflow/dags/load_sales_dag.py for tasks to queue
[2025-05-15T11:25:42.087+0000] {logging_mixin.py:137} INFO - [2025-05-15T11:25:42.087+0000] {dagbag.py:538} INFO - Filling up the DagBag from /opt/airflow/dags/load_sales_dag.py
[2025-05-15T11:25:42.328+0000] {processor.py:753} INFO - DAG(s) dict_keys(['load_sales_dag']) retrieved from /opt/airflow/dags/load_sales_dag.py
[2025-05-15T11:25:42.372+0000] {logging_mixin.py:137} INFO - [2025-05-15T11:25:42.371+0000] {dag.py:2676} INFO - Sync 1 DAGs
[2025-05-15T11:25:42.608+0000] {logging_mixin.py:137} INFO - [2025-05-15T11:25:42.608+0000] {dag.py:3427} INFO - Setting next_dagrun for load_sales_dag to 2025-05-15T00:00:00+00:00, run_after=2025-05-16T00:00:00+00:00
[2025-05-15T11:25:42.621+0000] {processor.py:175} INFO - Processing /opt/airflow/dags/load_sales_dag.py took 0.538 seconds
[2025-05-15T11:26:12.758+0000] {processor.py:153} INFO - Started process (PID=197) to work on /opt/airflow/dags/load_sales_dag.py
[2025-05-15T11:26:12.759+0000] {processor.py:743} INFO - Processing file /opt/airflow/dags/load_sales_dag.py for tasks to queue
[2025-05-15T11:26:12.760+0000] {logging_mixin.py:137} INFO - [2025-05-15T11:26:12.760+0000] {dagbag.py:538} INFO - Filling up the DagBag from /opt/airflow/dags/load_sales_dag.py
[2025-05-15T11:26:13.044+0000] {processor.py:753} INFO - DAG(s) dict_keys(['load_sales_dag']) retrieved from /opt/airflow/dags/load_sales_dag.py
[2025-05-15T11:26:13.082+0000] {logging_mixin.py:137} INFO - [2025-05-15T11:26:13.081+0000] {dag.py:2676} INFO - Sync 1 DAGs
[2025-05-15T11:26:13.225+0000] {logging_mixin.py:137} INFO - [2025-05-15T11:26:13.225+0000] {dag.py:3427} INFO - Setting next_dagrun for load_sales_dag to 2025-05-15T00:00:00+00:00, run_after=2025-05-16T00:00:00+00:00
[2025-05-15T11:26:13.239+0000] {processor.py:175} INFO - Processing /opt/airflow/dags/load_sales_dag.py took 0.484 seconds
[2025-05-15T11:26:43.310+0000] {processor.py:153} INFO - Started process (PID=203) to work on /opt/airflow/dags/load_sales_dag.py
[2025-05-15T11:26:43.311+0000] {processor.py:743} INFO - Processing file /opt/airflow/dags/load_sales_dag.py for tasks to queue
[2025-05-15T11:26:43.313+0000] {logging_mixin.py:137} INFO - [2025-05-15T11:26:43.313+0000] {dagbag.py:538} INFO - Filling up the DagBag from /opt/airflow/dags/load_sales_dag.py
[2025-05-15T11:26:43.581+0000] {processor.py:753} INFO - DAG(s) dict_keys(['load_sales_dag']) retrieved from /opt/airflow/dags/load_sales_dag.py
[2025-05-15T11:26:43.614+0000] {logging_mixin.py:137} INFO - [2025-05-15T11:26:43.613+0000] {dag.py:2676} INFO - Sync 1 DAGs
[2025-05-15T11:26:43.770+0000] {logging_mixin.py:137} INFO - [2025-05-15T11:26:43.770+0000] {dag.py:3427} INFO - Setting next_dagrun for load_sales_dag to 2025-05-15T00:00:00+00:00, run_after=2025-05-16T00:00:00+00:00
[2025-05-15T11:26:43.784+0000] {processor.py:175} INFO - Processing /opt/airflow/dags/load_sales_dag.py took 0.481 seconds
[2025-05-15T11:27:13.918+0000] {processor.py:153} INFO - Started process (PID=209) to work on /opt/airflow/dags/load_sales_dag.py
[2025-05-15T11:27:13.919+0000] {processor.py:743} INFO - Processing file /opt/airflow/dags/load_sales_dag.py for tasks to queue
[2025-05-15T11:27:13.920+0000] {logging_mixin.py:137} INFO - [2025-05-15T11:27:13.920+0000] {dagbag.py:538} INFO - Filling up the DagBag from /opt/airflow/dags/load_sales_dag.py
[2025-05-15T11:27:14.125+0000] {processor.py:753} INFO - DAG(s) dict_keys(['load_sales_dag']) retrieved from /opt/airflow/dags/load_sales_dag.py
[2025-05-15T11:27:14.161+0000] {logging_mixin.py:137} INFO - [2025-05-15T11:27:14.161+0000] {dag.py:2676} INFO - Sync 1 DAGs
[2025-05-15T11:27:14.188+0000] {logging_mixin.py:137} INFO - [2025-05-15T11:27:14.188+0000] {dag.py:3427} INFO - Setting next_dagrun for load_sales_dag to 2025-05-15T00:00:00+00:00, run_after=2025-05-16T00:00:00+00:00
[2025-05-15T11:27:14.202+0000] {processor.py:175} INFO - Processing /opt/airflow/dags/load_sales_dag.py took 0.288 seconds
[2025-05-15T11:27:44.328+0000] {processor.py:153} INFO - Started process (PID=215) to work on /opt/airflow/dags/load_sales_dag.py
[2025-05-15T11:27:44.329+0000] {processor.py:743} INFO - Processing file /opt/airflow/dags/load_sales_dag.py for tasks to queue
[2025-05-15T11:27:44.330+0000] {logging_mixin.py:137} INFO - [2025-05-15T11:27:44.330+0000] {dagbag.py:538} INFO - Filling up the DagBag from /opt/airflow/dags/load_sales_dag.py
[2025-05-15T11:27:44.555+0000] {processor.py:753} INFO - DAG(s) dict_keys(['load_sales_dag']) retrieved from /opt/airflow/dags/load_sales_dag.py
[2025-05-15T11:27:44.582+0000] {logging_mixin.py:137} INFO - [2025-05-15T11:27:44.582+0000] {dag.py:2676} INFO - Sync 1 DAGs
[2025-05-15T11:27:44.602+0000] {logging_mixin.py:137} INFO - [2025-05-15T11:27:44.602+0000] {dag.py:3427} INFO - Setting next_dagrun for load_sales_dag to 2025-05-15T00:00:00+00:00, run_after=2025-05-16T00:00:00+00:00
[2025-05-15T11:27:44.615+0000] {processor.py:175} INFO - Processing /opt/airflow/dags/load_sales_dag.py took 0.291 seconds
[2025-05-15T11:28:14.747+0000] {processor.py:153} INFO - Started process (PID=224) to work on /opt/airflow/dags/load_sales_dag.py
[2025-05-15T11:28:14.748+0000] {processor.py:743} INFO - Processing file /opt/airflow/dags/load_sales_dag.py for tasks to queue
[2025-05-15T11:28:14.748+0000] {logging_mixin.py:137} INFO - [2025-05-15T11:28:14.748+0000] {dagbag.py:538} INFO - Filling up the DagBag from /opt/airflow/dags/load_sales_dag.py
[2025-05-15T11:28:14.984+0000] {processor.py:753} INFO - DAG(s) dict_keys(['load_sales_dag']) retrieved from /opt/airflow/dags/load_sales_dag.py
[2025-05-15T11:28:15.011+0000] {logging_mixin.py:137} INFO - [2025-05-15T11:28:15.010+0000] {dag.py:2676} INFO - Sync 1 DAGs
[2025-05-15T11:28:15.031+0000] {logging_mixin.py:137} INFO - [2025-05-15T11:28:15.031+0000] {dag.py:3427} INFO - Setting next_dagrun for load_sales_dag to 2025-05-15T00:00:00+00:00, run_after=2025-05-16T00:00:00+00:00
[2025-05-15T11:28:15.044+0000] {processor.py:175} INFO - Processing /opt/airflow/dags/load_sales_dag.py took 0.301 seconds
[2025-05-15T11:28:45.168+0000] {processor.py:153} INFO - Started process (PID=230) to work on /opt/airflow/dags/load_sales_dag.py
[2025-05-15T11:28:45.169+0000] {processor.py:743} INFO - Processing file /opt/airflow/dags/load_sales_dag.py for tasks to queue
[2025-05-15T11:28:45.169+0000] {logging_mixin.py:137} INFO - [2025-05-15T11:28:45.169+0000] {dagbag.py:538} INFO - Filling up the DagBag from /opt/airflow/dags/load_sales_dag.py
[2025-05-15T11:28:45.428+0000] {processor.py:753} INFO - DAG(s) dict_keys(['load_sales_dag']) retrieved from /opt/airflow/dags/load_sales_dag.py
[2025-05-15T11:28:45.456+0000] {logging_mixin.py:137} INFO - [2025-05-15T11:28:45.455+0000] {dag.py:2676} INFO - Sync 1 DAGs
[2025-05-15T11:28:45.477+0000] {logging_mixin.py:137} INFO - [2025-05-15T11:28:45.477+0000] {dag.py:3427} INFO - Setting next_dagrun for load_sales_dag to 2025-05-15T00:00:00+00:00, run_after=2025-05-16T00:00:00+00:00
[2025-05-15T11:28:45.492+0000] {processor.py:175} INFO - Processing /opt/airflow/dags/load_sales_dag.py took 0.327 seconds
[2025-05-15T11:29:15.623+0000] {processor.py:153} INFO - Started process (PID=236) to work on /opt/airflow/dags/load_sales_dag.py
[2025-05-15T11:29:15.625+0000] {processor.py:743} INFO - Processing file /opt/airflow/dags/load_sales_dag.py for tasks to queue
[2025-05-15T11:29:15.626+0000] {logging_mixin.py:137} INFO - [2025-05-15T11:29:15.625+0000] {dagbag.py:538} INFO - Filling up the DagBag from /opt/airflow/dags/load_sales_dag.py
[2025-05-15T11:29:15.952+0000] {processor.py:753} INFO - DAG(s) dict_keys(['load_sales_dag']) retrieved from /opt/airflow/dags/load_sales_dag.py
[2025-05-15T11:29:15.986+0000] {logging_mixin.py:137} INFO - [2025-05-15T11:29:15.986+0000] {dag.py:2676} INFO - Sync 1 DAGs
[2025-05-15T11:29:16.136+0000] {logging_mixin.py:137} INFO - [2025-05-15T11:29:16.136+0000] {dag.py:3427} INFO - Setting next_dagrun for load_sales_dag to 2025-05-15T00:00:00+00:00, run_after=2025-05-16T00:00:00+00:00
[2025-05-15T11:29:16.151+0000] {processor.py:175} INFO - Processing /opt/airflow/dags/load_sales_dag.py took 0.531 seconds
[2025-05-15T11:29:46.280+0000] {processor.py:153} INFO - Started process (PID=242) to work on /opt/airflow/dags/load_sales_dag.py
[2025-05-15T11:29:46.281+0000] {processor.py:743} INFO - Processing file /opt/airflow/dags/load_sales_dag.py for tasks to queue
[2025-05-15T11:29:46.281+0000] {logging_mixin.py:137} INFO - [2025-05-15T11:29:46.281+0000] {dagbag.py:538} INFO - Filling up the DagBag from /opt/airflow/dags/load_sales_dag.py
[2025-05-15T11:29:46.479+0000] {processor.py:753} INFO - DAG(s) dict_keys(['load_sales_dag']) retrieved from /opt/airflow/dags/load_sales_dag.py
[2025-05-15T11:29:46.506+0000] {logging_mixin.py:137} INFO - [2025-05-15T11:29:46.506+0000] {dag.py:2676} INFO - Sync 1 DAGs
[2025-05-15T11:29:46.649+0000] {logging_mixin.py:137} INFO - [2025-05-15T11:29:46.649+0000] {dag.py:3427} INFO - Setting next_dagrun for load_sales_dag to 2025-05-15T00:00:00+00:00, run_after=2025-05-16T00:00:00+00:00
[2025-05-15T11:29:46.663+0000] {processor.py:175} INFO - Processing /opt/airflow/dags/load_sales_dag.py took 0.385 seconds
[2025-05-15T11:30:16.789+0000] {processor.py:153} INFO - Started process (PID=248) to work on /opt/airflow/dags/load_sales_dag.py
[2025-05-15T11:30:16.790+0000] {processor.py:743} INFO - Processing file /opt/airflow/dags/load_sales_dag.py for tasks to queue
[2025-05-15T11:30:16.790+0000] {logging_mixin.py:137} INFO - [2025-05-15T11:30:16.790+0000] {dagbag.py:538} INFO - Filling up the DagBag from /opt/airflow/dags/load_sales_dag.py
[2025-05-15T11:30:16.987+0000] {processor.py:753} INFO - DAG(s) dict_keys(['load_sales_dag']) retrieved from /opt/airflow/dags/load_sales_dag.py
[2025-05-15T11:30:17.014+0000] {logging_mixin.py:137} INFO - [2025-05-15T11:30:17.014+0000] {dag.py:2676} INFO - Sync 1 DAGs
[2025-05-15T11:30:17.157+0000] {logging_mixin.py:137} INFO - [2025-05-15T11:30:17.156+0000] {dag.py:3427} INFO - Setting next_dagrun for load_sales_dag to 2025-05-15T00:00:00+00:00, run_after=2025-05-16T00:00:00+00:00
[2025-05-15T11:30:17.170+0000] {processor.py:175} INFO - Processing /opt/airflow/dags/load_sales_dag.py took 0.384 seconds
[2025-05-15T11:30:47.298+0000] {processor.py:153} INFO - Started process (PID=254) to work on /opt/airflow/dags/load_sales_dag.py
[2025-05-15T11:30:47.298+0000] {processor.py:743} INFO - Processing file /opt/airflow/dags/load_sales_dag.py for tasks to queue
[2025-05-15T11:30:47.299+0000] {logging_mixin.py:137} INFO - [2025-05-15T11:30:47.299+0000] {dagbag.py:538} INFO - Filling up the DagBag from /opt/airflow/dags/load_sales_dag.py
[2025-05-15T11:30:47.489+0000] {processor.py:753} INFO - DAG(s) dict_keys(['load_sales_dag']) retrieved from /opt/airflow/dags/load_sales_dag.py
[2025-05-15T11:30:47.516+0000] {logging_mixin.py:137} INFO - [2025-05-15T11:30:47.515+0000] {dag.py:2676} INFO - Sync 1 DAGs
[2025-05-15T11:30:47.535+0000] {logging_mixin.py:137} INFO - [2025-05-15T11:30:47.535+0000] {dag.py:3427} INFO - Setting next_dagrun for load_sales_dag to 2025-05-15T00:00:00+00:00, run_after=2025-05-16T00:00:00+00:00
[2025-05-15T11:30:47.549+0000] {processor.py:175} INFO - Processing /opt/airflow/dags/load_sales_dag.py took 0.253 seconds
[2025-05-15T11:31:17.663+0000] {processor.py:153} INFO - Started process (PID=260) to work on /opt/airflow/dags/load_sales_dag.py
[2025-05-15T11:31:17.663+0000] {processor.py:743} INFO - Processing file /opt/airflow/dags/load_sales_dag.py for tasks to queue
[2025-05-15T11:31:17.664+0000] {logging_mixin.py:137} INFO - [2025-05-15T11:31:17.664+0000] {dagbag.py:538} INFO - Filling up the DagBag from /opt/airflow/dags/load_sales_dag.py
[2025-05-15T11:31:17.852+0000] {processor.py:753} INFO - DAG(s) dict_keys(['load_sales_dag']) retrieved from /opt/airflow/dags/load_sales_dag.py
[2025-05-15T11:31:17.878+0000] {logging_mixin.py:137} INFO - [2025-05-15T11:31:17.878+0000] {dag.py:2676} INFO - Sync 1 DAGs
[2025-05-15T11:31:17.909+0000] {logging_mixin.py:137} INFO - [2025-05-15T11:31:17.909+0000] {dag.py:3427} INFO - Setting next_dagrun for load_sales_dag to 2025-05-15T00:00:00+00:00, run_after=2025-05-16T00:00:00+00:00
[2025-05-15T11:31:17.922+0000] {processor.py:175} INFO - Processing /opt/airflow/dags/load_sales_dag.py took 0.262 seconds
[2025-05-15T11:31:48.035+0000] {processor.py:153} INFO - Started process (PID=266) to work on /opt/airflow/dags/load_sales_dag.py
[2025-05-15T11:31:48.036+0000] {processor.py:743} INFO - Processing file /opt/airflow/dags/load_sales_dag.py for tasks to queue
[2025-05-15T11:31:48.036+0000] {logging_mixin.py:137} INFO - [2025-05-15T11:31:48.036+0000] {dagbag.py:538} INFO - Filling up the DagBag from /opt/airflow/dags/load_sales_dag.py
[2025-05-15T11:31:48.247+0000] {processor.py:753} INFO - DAG(s) dict_keys(['load_sales_dag']) retrieved from /opt/airflow/dags/load_sales_dag.py
[2025-05-15T11:31:48.274+0000] {logging_mixin.py:137} INFO - [2025-05-15T11:31:48.274+0000] {dag.py:2676} INFO - Sync 1 DAGs
[2025-05-15T11:31:48.294+0000] {logging_mixin.py:137} INFO - [2025-05-15T11:31:48.294+0000] {dag.py:3427} INFO - Setting next_dagrun for load_sales_dag to 2025-05-15T00:00:00+00:00, run_after=2025-05-16T00:00:00+00:00
[2025-05-15T11:31:48.307+0000] {processor.py:175} INFO - Processing /opt/airflow/dags/load_sales_dag.py took 0.275 seconds
[2025-05-15T11:32:18.424+0000] {processor.py:153} INFO - Started process (PID=272) to work on /opt/airflow/dags/load_sales_dag.py
[2025-05-15T11:32:18.425+0000] {processor.py:743} INFO - Processing file /opt/airflow/dags/load_sales_dag.py for tasks to queue
[2025-05-15T11:32:18.425+0000] {logging_mixin.py:137} INFO - [2025-05-15T11:32:18.425+0000] {dagbag.py:538} INFO - Filling up the DagBag from /opt/airflow/dags/load_sales_dag.py
[2025-05-15T11:32:18.620+0000] {processor.py:753} INFO - DAG(s) dict_keys(['load_sales_dag']) retrieved from /opt/airflow/dags/load_sales_dag.py
[2025-05-15T11:32:18.647+0000] {logging_mixin.py:137} INFO - [2025-05-15T11:32:18.646+0000] {dag.py:2676} INFO - Sync 1 DAGs
[2025-05-15T11:32:18.671+0000] {logging_mixin.py:137} INFO - [2025-05-15T11:32:18.671+0000] {dag.py:3427} INFO - Setting next_dagrun for load_sales_dag to 2025-05-15T00:00:00+00:00, run_after=2025-05-16T00:00:00+00:00
[2025-05-15T11:32:18.685+0000] {processor.py:175} INFO - Processing /opt/airflow/dags/load_sales_dag.py took 0.264 seconds
[2025-05-15T11:32:48.801+0000] {processor.py:153} INFO - Started process (PID=278) to work on /opt/airflow/dags/load_sales_dag.py
[2025-05-15T11:32:48.801+0000] {processor.py:743} INFO - Processing file /opt/airflow/dags/load_sales_dag.py for tasks to queue
[2025-05-15T11:32:48.802+0000] {logging_mixin.py:137} INFO - [2025-05-15T11:32:48.802+0000] {dagbag.py:538} INFO - Filling up the DagBag from /opt/airflow/dags/load_sales_dag.py
[2025-05-15T11:32:49.001+0000] {processor.py:753} INFO - DAG(s) dict_keys(['load_sales_dag']) retrieved from /opt/airflow/dags/load_sales_dag.py
[2025-05-15T11:32:49.028+0000] {logging_mixin.py:137} INFO - [2025-05-15T11:32:49.027+0000] {dag.py:2676} INFO - Sync 1 DAGs
[2025-05-15T11:32:49.168+0000] {logging_mixin.py:137} INFO - [2025-05-15T11:32:49.168+0000] {dag.py:3427} INFO - Setting next_dagrun for load_sales_dag to 2025-05-15T00:00:00+00:00, run_after=2025-05-16T00:00:00+00:00
[2025-05-15T11:32:49.182+0000] {processor.py:175} INFO - Processing /opt/airflow/dags/load_sales_dag.py took 0.383 seconds
[2025-05-15T11:33:19.309+0000] {processor.py:153} INFO - Started process (PID=284) to work on /opt/airflow/dags/load_sales_dag.py
[2025-05-15T11:33:19.310+0000] {processor.py:743} INFO - Processing file /opt/airflow/dags/load_sales_dag.py for tasks to queue
[2025-05-15T11:33:19.311+0000] {logging_mixin.py:137} INFO - [2025-05-15T11:33:19.310+0000] {dagbag.py:538} INFO - Filling up the DagBag from /opt/airflow/dags/load_sales_dag.py
[2025-05-15T11:33:19.527+0000] {processor.py:753} INFO - DAG(s) dict_keys(['load_sales_dag']) retrieved from /opt/airflow/dags/load_sales_dag.py
[2025-05-15T11:33:19.583+0000] {logging_mixin.py:137} INFO - [2025-05-15T11:33:19.582+0000] {dag.py:2676} INFO - Sync 1 DAGs
[2025-05-15T11:33:19.731+0000] {logging_mixin.py:137} INFO - [2025-05-15T11:33:19.731+0000] {dag.py:3427} INFO - Setting next_dagrun for load_sales_dag to 2025-05-15T00:00:00+00:00, run_after=2025-05-16T00:00:00+00:00
[2025-05-15T11:33:19.744+0000] {processor.py:175} INFO - Processing /opt/airflow/dags/load_sales_dag.py took 0.437 seconds
[2025-05-15T11:33:49.877+0000] {processor.py:153} INFO - Started process (PID=290) to work on /opt/airflow/dags/load_sales_dag.py
[2025-05-15T11:33:49.878+0000] {processor.py:743} INFO - Processing file /opt/airflow/dags/load_sales_dag.py for tasks to queue
[2025-05-15T11:33:49.878+0000] {logging_mixin.py:137} INFO - [2025-05-15T11:33:49.878+0000] {dagbag.py:538} INFO - Filling up the DagBag from /opt/airflow/dags/load_sales_dag.py
[2025-05-15T11:33:50.074+0000] {processor.py:753} INFO - DAG(s) dict_keys(['load_sales_dag']) retrieved from /opt/airflow/dags/load_sales_dag.py
[2025-05-15T11:33:50.102+0000] {logging_mixin.py:137} INFO - [2025-05-15T11:33:50.100+0000] {dag.py:2676} INFO - Sync 1 DAGs
[2025-05-15T11:33:50.122+0000] {logging_mixin.py:137} INFO - [2025-05-15T11:33:50.122+0000] {dag.py:3427} INFO - Setting next_dagrun for load_sales_dag to 2025-05-15T00:00:00+00:00, run_after=2025-05-16T00:00:00+00:00
[2025-05-15T11:33:50.135+0000] {processor.py:175} INFO - Processing /opt/airflow/dags/load_sales_dag.py took 0.260 seconds
[2025-05-15T11:34:20.250+0000] {processor.py:153} INFO - Started process (PID=296) to work on /opt/airflow/dags/load_sales_dag.py
[2025-05-15T11:34:20.251+0000] {processor.py:743} INFO - Processing file /opt/airflow/dags/load_sales_dag.py for tasks to queue
[2025-05-15T11:34:20.251+0000] {logging_mixin.py:137} INFO - [2025-05-15T11:34:20.251+0000] {dagbag.py:538} INFO - Filling up the DagBag from /opt/airflow/dags/load_sales_dag.py
[2025-05-15T11:34:20.450+0000] {processor.py:753} INFO - DAG(s) dict_keys(['load_sales_dag']) retrieved from /opt/airflow/dags/load_sales_dag.py
[2025-05-15T11:34:20.476+0000] {logging_mixin.py:137} INFO - [2025-05-15T11:34:20.476+0000] {dag.py:2676} INFO - Sync 1 DAGs
[2025-05-15T11:34:20.496+0000] {logging_mixin.py:137} INFO - [2025-05-15T11:34:20.496+0000] {dag.py:3427} INFO - Setting next_dagrun for load_sales_dag to 2025-05-15T00:00:00+00:00, run_after=2025-05-16T00:00:00+00:00
[2025-05-15T11:34:20.509+0000] {processor.py:175} INFO - Processing /opt/airflow/dags/load_sales_dag.py took 0.262 seconds
[2025-05-15T11:34:50.643+0000] {processor.py:153} INFO - Started process (PID=302) to work on /opt/airflow/dags/load_sales_dag.py
[2025-05-15T11:34:50.643+0000] {processor.py:743} INFO - Processing file /opt/airflow/dags/load_sales_dag.py for tasks to queue
[2025-05-15T11:34:50.644+0000] {logging_mixin.py:137} INFO - [2025-05-15T11:34:50.644+0000] {dagbag.py:538} INFO - Filling up the DagBag from /opt/airflow/dags/load_sales_dag.py
[2025-05-15T11:34:50.833+0000] {processor.py:753} INFO - DAG(s) dict_keys(['load_sales_dag']) retrieved from /opt/airflow/dags/load_sales_dag.py
[2025-05-15T11:34:50.860+0000] {logging_mixin.py:137} INFO - [2025-05-15T11:34:50.860+0000] {dag.py:2676} INFO - Sync 1 DAGs
[2025-05-15T11:34:50.881+0000] {logging_mixin.py:137} INFO - [2025-05-15T11:34:50.880+0000] {dag.py:3427} INFO - Setting next_dagrun for load_sales_dag to 2025-05-15T00:00:00+00:00, run_after=2025-05-16T00:00:00+00:00
[2025-05-15T11:34:50.895+0000] {processor.py:175} INFO - Processing /opt/airflow/dags/load_sales_dag.py took 0.255 seconds
[2025-05-15T11:35:21.020+0000] {processor.py:153} INFO - Started process (PID=308) to work on /opt/airflow/dags/load_sales_dag.py
[2025-05-15T11:35:21.021+0000] {processor.py:743} INFO - Processing file /opt/airflow/dags/load_sales_dag.py for tasks to queue
[2025-05-15T11:35:21.021+0000] {logging_mixin.py:137} INFO - [2025-05-15T11:35:21.021+0000] {dagbag.py:538} INFO - Filling up the DagBag from /opt/airflow/dags/load_sales_dag.py
[2025-05-15T11:35:21.215+0000] {processor.py:753} INFO - DAG(s) dict_keys(['load_sales_dag']) retrieved from /opt/airflow/dags/load_sales_dag.py
[2025-05-15T11:35:21.241+0000] {logging_mixin.py:137} INFO - [2025-05-15T11:35:21.241+0000] {dag.py:2676} INFO - Sync 1 DAGs
[2025-05-15T11:35:21.261+0000] {logging_mixin.py:137} INFO - [2025-05-15T11:35:21.261+0000] {dag.py:3427} INFO - Setting next_dagrun for load_sales_dag to 2025-05-15T00:00:00+00:00, run_after=2025-05-16T00:00:00+00:00
[2025-05-15T11:35:21.275+0000] {processor.py:175} INFO - Processing /opt/airflow/dags/load_sales_dag.py took 0.257 seconds
[2025-05-15T11:35:51.393+0000] {processor.py:153} INFO - Started process (PID=314) to work on /opt/airflow/dags/load_sales_dag.py
[2025-05-15T11:35:51.394+0000] {processor.py:743} INFO - Processing file /opt/airflow/dags/load_sales_dag.py for tasks to queue
[2025-05-15T11:35:51.395+0000] {logging_mixin.py:137} INFO - [2025-05-15T11:35:51.394+0000] {dagbag.py:538} INFO - Filling up the DagBag from /opt/airflow/dags/load_sales_dag.py
[2025-05-15T11:35:51.592+0000] {processor.py:753} INFO - DAG(s) dict_keys(['load_sales_dag']) retrieved from /opt/airflow/dags/load_sales_dag.py
[2025-05-15T11:35:51.621+0000] {logging_mixin.py:137} INFO - [2025-05-15T11:35:51.621+0000] {dag.py:2676} INFO - Sync 1 DAGs
[2025-05-15T11:35:51.643+0000] {logging_mixin.py:137} INFO - [2025-05-15T11:35:51.643+0000] {dag.py:3427} INFO - Setting next_dagrun for load_sales_dag to 2025-05-15T00:00:00+00:00, run_after=2025-05-16T00:00:00+00:00
[2025-05-15T11:35:51.781+0000] {processor.py:175} INFO - Processing /opt/airflow/dags/load_sales_dag.py took 0.390 seconds
[2025-05-15T11:36:21.903+0000] {processor.py:153} INFO - Started process (PID=320) to work on /opt/airflow/dags/load_sales_dag.py
[2025-05-15T11:36:21.903+0000] {processor.py:743} INFO - Processing file /opt/airflow/dags/load_sales_dag.py for tasks to queue
[2025-05-15T11:36:21.904+0000] {logging_mixin.py:137} INFO - [2025-05-15T11:36:21.904+0000] {dagbag.py:538} INFO - Filling up the DagBag from /opt/airflow/dags/load_sales_dag.py
[2025-05-15T11:36:22.095+0000] {processor.py:753} INFO - DAG(s) dict_keys(['load_sales_dag']) retrieved from /opt/airflow/dags/load_sales_dag.py
[2025-05-15T11:36:22.121+0000] {logging_mixin.py:137} INFO - [2025-05-15T11:36:22.121+0000] {dag.py:2676} INFO - Sync 1 DAGs
[2025-05-15T11:36:22.270+0000] {logging_mixin.py:137} INFO - [2025-05-15T11:36:22.270+0000] {dag.py:3427} INFO - Setting next_dagrun for load_sales_dag to 2025-05-15T00:00:00+00:00, run_after=2025-05-16T00:00:00+00:00
[2025-05-15T11:36:22.283+0000] {processor.py:175} INFO - Processing /opt/airflow/dags/load_sales_dag.py took 0.383 seconds
[2025-05-15T11:36:52.412+0000] {processor.py:153} INFO - Started process (PID=326) to work on /opt/airflow/dags/load_sales_dag.py
[2025-05-15T11:36:52.413+0000] {processor.py:743} INFO - Processing file /opt/airflow/dags/load_sales_dag.py for tasks to queue
[2025-05-15T11:36:52.413+0000] {logging_mixin.py:137} INFO - [2025-05-15T11:36:52.413+0000] {dagbag.py:538} INFO - Filling up the DagBag from /opt/airflow/dags/load_sales_dag.py
[2025-05-15T11:36:52.634+0000] {processor.py:753} INFO - DAG(s) dict_keys(['load_sales_dag']) retrieved from /opt/airflow/dags/load_sales_dag.py
[2025-05-15T11:36:52.660+0000] {logging_mixin.py:137} INFO - [2025-05-15T11:36:52.659+0000] {dag.py:2676} INFO - Sync 1 DAGs
[2025-05-15T11:36:52.797+0000] {logging_mixin.py:137} INFO - [2025-05-15T11:36:52.797+0000] {dag.py:3427} INFO - Setting next_dagrun for load_sales_dag to 2025-05-15T00:00:00+00:00, run_after=2025-05-16T00:00:00+00:00
[2025-05-15T11:36:52.810+0000] {processor.py:175} INFO - Processing /opt/airflow/dags/load_sales_dag.py took 0.401 seconds
[2025-05-15T11:37:22.939+0000] {processor.py:153} INFO - Started process (PID=332) to work on /opt/airflow/dags/load_sales_dag.py
[2025-05-15T11:37:22.940+0000] {processor.py:743} INFO - Processing file /opt/airflow/dags/load_sales_dag.py for tasks to queue
[2025-05-15T11:37:22.942+0000] {logging_mixin.py:137} INFO - [2025-05-15T11:37:22.941+0000] {dagbag.py:538} INFO - Filling up the DagBag from /opt/airflow/dags/load_sales_dag.py
[2025-05-15T11:37:23.158+0000] {processor.py:753} INFO - DAG(s) dict_keys(['load_sales_dag']) retrieved from /opt/airflow/dags/load_sales_dag.py
[2025-05-15T11:37:23.185+0000] {logging_mixin.py:137} INFO - [2025-05-15T11:37:23.184+0000] {dag.py:2676} INFO - Sync 1 DAGs
[2025-05-15T11:37:23.224+0000] {logging_mixin.py:137} INFO - [2025-05-15T11:37:23.224+0000] {dag.py:3427} INFO - Setting next_dagrun for load_sales_dag to 2025-05-15T00:00:00+00:00, run_after=2025-05-16T00:00:00+00:00
[2025-05-15T11:37:23.247+0000] {processor.py:175} INFO - Processing /opt/airflow/dags/load_sales_dag.py took 0.311 seconds
[2025-05-15T11:37:53.371+0000] {processor.py:153} INFO - Started process (PID=338) to work on /opt/airflow/dags/load_sales_dag.py
[2025-05-15T11:37:53.371+0000] {processor.py:743} INFO - Processing file /opt/airflow/dags/load_sales_dag.py for tasks to queue
[2025-05-15T11:37:53.372+0000] {logging_mixin.py:137} INFO - [2025-05-15T11:37:53.372+0000] {dagbag.py:538} INFO - Filling up the DagBag from /opt/airflow/dags/load_sales_dag.py
[2025-05-15T11:37:53.607+0000] {processor.py:753} INFO - DAG(s) dict_keys(['load_sales_dag']) retrieved from /opt/airflow/dags/load_sales_dag.py
[2025-05-15T11:37:53.636+0000] {logging_mixin.py:137} INFO - [2025-05-15T11:37:53.635+0000] {dag.py:2676} INFO - Sync 1 DAGs
[2025-05-15T11:37:53.663+0000] {logging_mixin.py:137} INFO - [2025-05-15T11:37:53.663+0000] {dag.py:3427} INFO - Setting next_dagrun for load_sales_dag to 2025-05-15T00:00:00+00:00, run_after=2025-05-16T00:00:00+00:00
[2025-05-15T11:37:53.678+0000] {processor.py:175} INFO - Processing /opt/airflow/dags/load_sales_dag.py took 0.309 seconds
[2025-05-15T11:38:23.800+0000] {processor.py:153} INFO - Started process (PID=344) to work on /opt/airflow/dags/load_sales_dag.py
[2025-05-15T11:38:23.801+0000] {processor.py:743} INFO - Processing file /opt/airflow/dags/load_sales_dag.py for tasks to queue
[2025-05-15T11:38:23.801+0000] {logging_mixin.py:137} INFO - [2025-05-15T11:38:23.801+0000] {dagbag.py:538} INFO - Filling up the DagBag from /opt/airflow/dags/load_sales_dag.py
[2025-05-15T11:38:24.022+0000] {processor.py:753} INFO - DAG(s) dict_keys(['load_sales_dag']) retrieved from /opt/airflow/dags/load_sales_dag.py
[2025-05-15T11:38:24.055+0000] {logging_mixin.py:137} INFO - [2025-05-15T11:38:24.054+0000] {dag.py:2676} INFO - Sync 1 DAGs
[2025-05-15T11:38:24.075+0000] {logging_mixin.py:137} INFO - [2025-05-15T11:38:24.075+0000] {dag.py:3427} INFO - Setting next_dagrun for load_sales_dag to 2025-05-15T00:00:00+00:00, run_after=2025-05-16T00:00:00+00:00
[2025-05-15T11:38:24.089+0000] {processor.py:175} INFO - Processing /opt/airflow/dags/load_sales_dag.py took 0.292 seconds
[2025-05-15T11:38:54.214+0000] {processor.py:153} INFO - Started process (PID=350) to work on /opt/airflow/dags/load_sales_dag.py
[2025-05-15T11:38:54.215+0000] {processor.py:743} INFO - Processing file /opt/airflow/dags/load_sales_dag.py for tasks to queue
[2025-05-15T11:38:54.215+0000] {logging_mixin.py:137} INFO - [2025-05-15T11:38:54.215+0000] {dagbag.py:538} INFO - Filling up the DagBag from /opt/airflow/dags/load_sales_dag.py
[2025-05-15T11:38:54.421+0000] {processor.py:753} INFO - DAG(s) dict_keys(['load_sales_dag']) retrieved from /opt/airflow/dags/load_sales_dag.py
[2025-05-15T11:38:54.449+0000] {logging_mixin.py:137} INFO - [2025-05-15T11:38:54.448+0000] {dag.py:2676} INFO - Sync 1 DAGs
[2025-05-15T11:38:54.468+0000] {logging_mixin.py:137} INFO - [2025-05-15T11:38:54.468+0000] {dag.py:3427} INFO - Setting next_dagrun for load_sales_dag to 2025-05-15T00:00:00+00:00, run_after=2025-05-16T00:00:00+00:00
[2025-05-15T11:38:54.482+0000] {processor.py:175} INFO - Processing /opt/airflow/dags/load_sales_dag.py took 0.271 seconds
[2025-05-15T11:39:24.626+0000] {processor.py:153} INFO - Started process (PID=356) to work on /opt/airflow/dags/load_sales_dag.py
[2025-05-15T11:39:24.627+0000] {processor.py:743} INFO - Processing file /opt/airflow/dags/load_sales_dag.py for tasks to queue
[2025-05-15T11:39:24.628+0000] {logging_mixin.py:137} INFO - [2025-05-15T11:39:24.628+0000] {dagbag.py:538} INFO - Filling up the DagBag from /opt/airflow/dags/load_sales_dag.py
[2025-05-15T11:39:24.949+0000] {processor.py:753} INFO - DAG(s) dict_keys(['load_sales_dag']) retrieved from /opt/airflow/dags/load_sales_dag.py
[2025-05-15T11:39:24.988+0000] {logging_mixin.py:137} INFO - [2025-05-15T11:39:24.987+0000] {dag.py:2676} INFO - Sync 1 DAGs
[2025-05-15T11:39:25.205+0000] {logging_mixin.py:137} INFO - [2025-05-15T11:39:25.204+0000] {dag.py:3427} INFO - Setting next_dagrun for load_sales_dag to 2025-05-15T00:00:00+00:00, run_after=2025-05-16T00:00:00+00:00
[2025-05-15T11:39:25.231+0000] {processor.py:175} INFO - Processing /opt/airflow/dags/load_sales_dag.py took 0.609 seconds
[2025-05-15T11:39:55.400+0000] {processor.py:153} INFO - Started process (PID=362) to work on /opt/airflow/dags/load_sales_dag.py
[2025-05-15T11:39:55.401+0000] {processor.py:743} INFO - Processing file /opt/airflow/dags/load_sales_dag.py for tasks to queue
[2025-05-15T11:39:55.401+0000] {logging_mixin.py:137} INFO - [2025-05-15T11:39:55.401+0000] {dagbag.py:538} INFO - Filling up the DagBag from /opt/airflow/dags/load_sales_dag.py
[2025-05-15T11:39:55.846+0000] {processor.py:753} INFO - DAG(s) dict_keys(['load_sales_dag']) retrieved from /opt/airflow/dags/load_sales_dag.py
[2025-05-15T11:39:55.891+0000] {logging_mixin.py:137} INFO - [2025-05-15T11:39:55.891+0000] {dag.py:2676} INFO - Sync 1 DAGs
[2025-05-15T11:39:56.046+0000] {logging_mixin.py:137} INFO - [2025-05-15T11:39:56.046+0000] {dag.py:3427} INFO - Setting next_dagrun for load_sales_dag to 2025-05-15T00:00:00+00:00, run_after=2025-05-16T00:00:00+00:00
[2025-05-15T11:39:56.067+0000] {processor.py:175} INFO - Processing /opt/airflow/dags/load_sales_dag.py took 0.669 seconds
[2025-05-15T11:40:26.199+0000] {processor.py:153} INFO - Started process (PID=368) to work on /opt/airflow/dags/load_sales_dag.py
[2025-05-15T11:40:26.200+0000] {processor.py:743} INFO - Processing file /opt/airflow/dags/load_sales_dag.py for tasks to queue
[2025-05-15T11:40:26.200+0000] {logging_mixin.py:137} INFO - [2025-05-15T11:40:26.200+0000] {dagbag.py:538} INFO - Filling up the DagBag from /opt/airflow/dags/load_sales_dag.py
[2025-05-15T11:40:26.411+0000] {processor.py:753} INFO - DAG(s) dict_keys(['load_sales_dag']) retrieved from /opt/airflow/dags/load_sales_dag.py
[2025-05-15T11:40:26.437+0000] {logging_mixin.py:137} INFO - [2025-05-15T11:40:26.437+0000] {dag.py:2676} INFO - Sync 1 DAGs
[2025-05-15T11:40:26.594+0000] {logging_mixin.py:137} INFO - [2025-05-15T11:40:26.594+0000] {dag.py:3427} INFO - Setting next_dagrun for load_sales_dag to 2025-05-15T00:00:00+00:00, run_after=2025-05-16T00:00:00+00:00
[2025-05-15T11:40:26.613+0000] {processor.py:175} INFO - Processing /opt/airflow/dags/load_sales_dag.py took 0.416 seconds
[2025-05-15T11:40:56.742+0000] {processor.py:153} INFO - Started process (PID=374) to work on /opt/airflow/dags/load_sales_dag.py
[2025-05-15T11:40:56.743+0000] {processor.py:743} INFO - Processing file /opt/airflow/dags/load_sales_dag.py for tasks to queue
[2025-05-15T11:40:56.744+0000] {logging_mixin.py:137} INFO - [2025-05-15T11:40:56.743+0000] {dagbag.py:538} INFO - Filling up the DagBag from /opt/airflow/dags/load_sales_dag.py
[2025-05-15T11:40:56.975+0000] {processor.py:753} INFO - DAG(s) dict_keys(['load_sales_dag']) retrieved from /opt/airflow/dags/load_sales_dag.py
[2025-05-15T11:40:57.005+0000] {logging_mixin.py:137} INFO - [2025-05-15T11:40:57.005+0000] {dag.py:2676} INFO - Sync 1 DAGs
[2025-05-15T11:40:57.026+0000] {logging_mixin.py:137} INFO - [2025-05-15T11:40:57.026+0000] {dag.py:3427} INFO - Setting next_dagrun for load_sales_dag to 2025-05-15T00:00:00+00:00, run_after=2025-05-16T00:00:00+00:00
[2025-05-15T11:40:57.039+0000] {processor.py:175} INFO - Processing /opt/airflow/dags/load_sales_dag.py took 0.299 seconds
[2025-05-15T11:41:27.159+0000] {processor.py:153} INFO - Started process (PID=380) to work on /opt/airflow/dags/load_sales_dag.py
[2025-05-15T11:41:27.160+0000] {processor.py:743} INFO - Processing file /opt/airflow/dags/load_sales_dag.py for tasks to queue
[2025-05-15T11:41:27.160+0000] {logging_mixin.py:137} INFO - [2025-05-15T11:41:27.160+0000] {dagbag.py:538} INFO - Filling up the DagBag from /opt/airflow/dags/load_sales_dag.py
[2025-05-15T11:41:27.380+0000] {processor.py:753} INFO - DAG(s) dict_keys(['load_sales_dag']) retrieved from /opt/airflow/dags/load_sales_dag.py
[2025-05-15T11:41:27.410+0000] {logging_mixin.py:137} INFO - [2025-05-15T11:41:27.410+0000] {dag.py:2676} INFO - Sync 1 DAGs
[2025-05-15T11:41:27.430+0000] {logging_mixin.py:137} INFO - [2025-05-15T11:41:27.430+0000] {dag.py:3427} INFO - Setting next_dagrun for load_sales_dag to 2025-05-15T00:00:00+00:00, run_after=2025-05-16T00:00:00+00:00
[2025-05-15T11:41:27.443+0000] {processor.py:175} INFO - Processing /opt/airflow/dags/load_sales_dag.py took 0.286 seconds
[2025-05-15T11:41:57.566+0000] {processor.py:153} INFO - Started process (PID=386) to work on /opt/airflow/dags/load_sales_dag.py
[2025-05-15T11:41:57.567+0000] {processor.py:743} INFO - Processing file /opt/airflow/dags/load_sales_dag.py for tasks to queue
[2025-05-15T11:41:57.567+0000] {logging_mixin.py:137} INFO - [2025-05-15T11:41:57.567+0000] {dagbag.py:538} INFO - Filling up the DagBag from /opt/airflow/dags/load_sales_dag.py
[2025-05-15T11:41:57.801+0000] {processor.py:753} INFO - DAG(s) dict_keys(['load_sales_dag']) retrieved from /opt/airflow/dags/load_sales_dag.py
[2025-05-15T11:41:57.835+0000] {logging_mixin.py:137} INFO - [2025-05-15T11:41:57.834+0000] {dag.py:2676} INFO - Sync 1 DAGs
[2025-05-15T11:41:57.856+0000] {logging_mixin.py:137} INFO - [2025-05-15T11:41:57.855+0000] {dag.py:3427} INFO - Setting next_dagrun for load_sales_dag to 2025-05-15T00:00:00+00:00, run_after=2025-05-16T00:00:00+00:00
[2025-05-15T11:41:57.870+0000] {processor.py:175} INFO - Processing /opt/airflow/dags/load_sales_dag.py took 0.306 seconds
[2025-05-15T11:42:27.988+0000] {processor.py:153} INFO - Started process (PID=392) to work on /opt/airflow/dags/load_sales_dag.py
[2025-05-15T11:42:27.989+0000] {processor.py:743} INFO - Processing file /opt/airflow/dags/load_sales_dag.py for tasks to queue
[2025-05-15T11:42:27.990+0000] {logging_mixin.py:137} INFO - [2025-05-15T11:42:27.989+0000] {dagbag.py:538} INFO - Filling up the DagBag from /opt/airflow/dags/load_sales_dag.py
[2025-05-15T11:42:28.192+0000] {processor.py:753} INFO - DAG(s) dict_keys(['load_sales_dag']) retrieved from /opt/airflow/dags/load_sales_dag.py
[2025-05-15T11:42:28.219+0000] {logging_mixin.py:137} INFO - [2025-05-15T11:42:28.218+0000] {dag.py:2676} INFO - Sync 1 DAGs
[2025-05-15T11:42:28.241+0000] {logging_mixin.py:137} INFO - [2025-05-15T11:42:28.241+0000] {dag.py:3427} INFO - Setting next_dagrun for load_sales_dag to 2025-05-15T00:00:00+00:00, run_after=2025-05-16T00:00:00+00:00
[2025-05-15T11:42:28.379+0000] {processor.py:175} INFO - Processing /opt/airflow/dags/load_sales_dag.py took 0.394 seconds
[2025-05-15T11:42:58.505+0000] {processor.py:153} INFO - Started process (PID=398) to work on /opt/airflow/dags/load_sales_dag.py
[2025-05-15T11:42:58.506+0000] {processor.py:743} INFO - Processing file /opt/airflow/dags/load_sales_dag.py for tasks to queue
[2025-05-15T11:42:58.507+0000] {logging_mixin.py:137} INFO - [2025-05-15T11:42:58.507+0000] {dagbag.py:538} INFO - Filling up the DagBag from /opt/airflow/dags/load_sales_dag.py
[2025-05-15T11:42:58.716+0000] {processor.py:753} INFO - DAG(s) dict_keys(['load_sales_dag']) retrieved from /opt/airflow/dags/load_sales_dag.py
[2025-05-15T11:42:58.743+0000] {logging_mixin.py:137} INFO - [2025-05-15T11:42:58.743+0000] {dag.py:2676} INFO - Sync 1 DAGs
[2025-05-15T11:42:58.891+0000] {logging_mixin.py:137} INFO - [2025-05-15T11:42:58.891+0000] {dag.py:3427} INFO - Setting next_dagrun for load_sales_dag to 2025-05-15T00:00:00+00:00, run_after=2025-05-16T00:00:00+00:00
[2025-05-15T11:42:58.905+0000] {processor.py:175} INFO - Processing /opt/airflow/dags/load_sales_dag.py took 0.402 seconds
[2025-05-15T11:43:29.033+0000] {processor.py:153} INFO - Started process (PID=404) to work on /opt/airflow/dags/load_sales_dag.py
[2025-05-15T11:43:29.033+0000] {processor.py:743} INFO - Processing file /opt/airflow/dags/load_sales_dag.py for tasks to queue
[2025-05-15T11:43:29.034+0000] {logging_mixin.py:137} INFO - [2025-05-15T11:43:29.034+0000] {dagbag.py:538} INFO - Filling up the DagBag from /opt/airflow/dags/load_sales_dag.py
[2025-05-15T11:43:29.251+0000] {processor.py:753} INFO - DAG(s) dict_keys(['load_sales_dag']) retrieved from /opt/airflow/dags/load_sales_dag.py
[2025-05-15T11:43:29.281+0000] {logging_mixin.py:137} INFO - [2025-05-15T11:43:29.280+0000] {dag.py:2676} INFO - Sync 1 DAGs
[2025-05-15T11:43:29.426+0000] {logging_mixin.py:137} INFO - [2025-05-15T11:43:29.426+0000] {dag.py:3427} INFO - Setting next_dagrun for load_sales_dag to 2025-05-15T00:00:00+00:00, run_after=2025-05-16T00:00:00+00:00
[2025-05-15T11:43:29.439+0000] {processor.py:175} INFO - Processing /opt/airflow/dags/load_sales_dag.py took 0.409 seconds
[2025-05-15T11:43:59.569+0000] {processor.py:153} INFO - Started process (PID=410) to work on /opt/airflow/dags/load_sales_dag.py
[2025-05-15T11:43:59.570+0000] {processor.py:743} INFO - Processing file /opt/airflow/dags/load_sales_dag.py for tasks to queue
[2025-05-15T11:43:59.571+0000] {logging_mixin.py:137} INFO - [2025-05-15T11:43:59.571+0000] {dagbag.py:538} INFO - Filling up the DagBag from /opt/airflow/dags/load_sales_dag.py
[2025-05-15T11:43:59.771+0000] {processor.py:753} INFO - DAG(s) dict_keys(['load_sales_dag']) retrieved from /opt/airflow/dags/load_sales_dag.py
[2025-05-15T11:43:59.798+0000] {logging_mixin.py:137} INFO - [2025-05-15T11:43:59.797+0000] {dag.py:2676} INFO - Sync 1 DAGs
[2025-05-15T11:43:59.941+0000] {logging_mixin.py:137} INFO - [2025-05-15T11:43:59.941+0000] {dag.py:3427} INFO - Setting next_dagrun for load_sales_dag to 2025-05-15T00:00:00+00:00, run_after=2025-05-16T00:00:00+00:00
[2025-05-15T11:43:59.955+0000] {processor.py:175} INFO - Processing /opt/airflow/dags/load_sales_dag.py took 0.388 seconds
[2025-05-15T11:44:48.683+0000] {processor.py:153} INFO - Started process (PID=162) to work on /opt/airflow/dags/load_sales_dag.py
[2025-05-15T11:44:48.684+0000] {processor.py:743} INFO - Processing file /opt/airflow/dags/load_sales_dag.py for tasks to queue
[2025-05-15T11:44:48.686+0000] {logging_mixin.py:137} INFO - [2025-05-15T11:44:48.686+0000] {dagbag.py:538} INFO - Filling up the DagBag from /opt/airflow/dags/load_sales_dag.py
[2025-05-15T11:44:51.344+0000] {processor.py:753} INFO - DAG(s) dict_keys(['load_sales_dag']) retrieved from /opt/airflow/dags/load_sales_dag.py
[2025-05-15T11:44:51.382+0000] {logging_mixin.py:137} INFO - [2025-05-15T11:44:51.381+0000] {dag.py:2676} INFO - Sync 1 DAGs
[2025-05-15T11:44:51.456+0000] {logging_mixin.py:137} INFO - [2025-05-15T11:44:51.456+0000] {dag.py:3427} INFO - Setting next_dagrun for load_sales_dag to 2025-05-15T00:00:00+00:00, run_after=2025-05-16T00:00:00+00:00
[2025-05-15T11:44:51.503+0000] {processor.py:175} INFO - Processing /opt/airflow/dags/load_sales_dag.py took 2.832 seconds
[2025-05-15T11:45:21.709+0000] {processor.py:153} INFO - Started process (PID=169) to work on /opt/airflow/dags/load_sales_dag.py
[2025-05-15T11:45:21.709+0000] {processor.py:743} INFO - Processing file /opt/airflow/dags/load_sales_dag.py for tasks to queue
[2025-05-15T11:45:21.710+0000] {logging_mixin.py:137} INFO - [2025-05-15T11:45:21.710+0000] {dagbag.py:538} INFO - Filling up the DagBag from /opt/airflow/dags/load_sales_dag.py
[2025-05-15T11:45:21.911+0000] {processor.py:753} INFO - DAG(s) dict_keys(['load_sales_dag']) retrieved from /opt/airflow/dags/load_sales_dag.py
[2025-05-15T11:45:21.929+0000] {logging_mixin.py:137} INFO - [2025-05-15T11:45:21.929+0000] {dag.py:2676} INFO - Sync 1 DAGs
[2025-05-15T11:45:21.951+0000] {logging_mixin.py:137} INFO - [2025-05-15T11:45:21.951+0000] {dag.py:3427} INFO - Setting next_dagrun for load_sales_dag to 2025-05-15T00:00:00+00:00, run_after=2025-05-16T00:00:00+00:00
[2025-05-15T11:45:21.964+0000] {processor.py:175} INFO - Processing /opt/airflow/dags/load_sales_dag.py took 0.258 seconds
[2025-05-15T11:45:51.992+0000] {processor.py:153} INFO - Started process (PID=175) to work on /opt/airflow/dags/load_sales_dag.py
[2025-05-15T11:45:51.993+0000] {processor.py:743} INFO - Processing file /opt/airflow/dags/load_sales_dag.py for tasks to queue
[2025-05-15T11:45:51.994+0000] {logging_mixin.py:137} INFO - [2025-05-15T11:45:51.993+0000] {dagbag.py:538} INFO - Filling up the DagBag from /opt/airflow/dags/load_sales_dag.py
[2025-05-15T11:45:52.190+0000] {processor.py:753} INFO - DAG(s) dict_keys(['load_sales_dag']) retrieved from /opt/airflow/dags/load_sales_dag.py
[2025-05-15T11:45:52.222+0000] {logging_mixin.py:137} INFO - [2025-05-15T11:45:52.222+0000] {dag.py:2676} INFO - Sync 1 DAGs
[2025-05-15T11:45:52.242+0000] {logging_mixin.py:137} INFO - [2025-05-15T11:45:52.242+0000] {dag.py:3427} INFO - Setting next_dagrun for load_sales_dag to 2025-05-15T00:00:00+00:00, run_after=2025-05-16T00:00:00+00:00
[2025-05-15T11:45:52.256+0000] {processor.py:175} INFO - Processing /opt/airflow/dags/load_sales_dag.py took 0.266 seconds
[2025-05-15T11:46:22.365+0000] {processor.py:153} INFO - Started process (PID=181) to work on /opt/airflow/dags/load_sales_dag.py
[2025-05-15T11:46:22.366+0000] {processor.py:743} INFO - Processing file /opt/airflow/dags/load_sales_dag.py for tasks to queue
[2025-05-15T11:46:22.366+0000] {logging_mixin.py:137} INFO - [2025-05-15T11:46:22.366+0000] {dagbag.py:538} INFO - Filling up the DagBag from /opt/airflow/dags/load_sales_dag.py
[2025-05-15T11:46:22.569+0000] {processor.py:753} INFO - DAG(s) dict_keys(['load_sales_dag']) retrieved from /opt/airflow/dags/load_sales_dag.py
[2025-05-15T11:46:22.599+0000] {logging_mixin.py:137} INFO - [2025-05-15T11:46:22.599+0000] {dag.py:2676} INFO - Sync 1 DAGs
[2025-05-15T11:46:22.620+0000] {logging_mixin.py:137} INFO - [2025-05-15T11:46:22.619+0000] {dag.py:3427} INFO - Setting next_dagrun for load_sales_dag to 2025-05-15T00:00:00+00:00, run_after=2025-05-16T00:00:00+00:00
[2025-05-15T11:46:22.634+0000] {processor.py:175} INFO - Processing /opt/airflow/dags/load_sales_dag.py took 0.272 seconds
[2025-05-15T11:46:52.759+0000] {processor.py:153} INFO - Started process (PID=187) to work on /opt/airflow/dags/load_sales_dag.py
[2025-05-15T11:46:52.760+0000] {processor.py:743} INFO - Processing file /opt/airflow/dags/load_sales_dag.py for tasks to queue
[2025-05-15T11:46:52.761+0000] {logging_mixin.py:137} INFO - [2025-05-15T11:46:52.760+0000] {dagbag.py:538} INFO - Filling up the DagBag from /opt/airflow/dags/load_sales_dag.py
[2025-05-15T11:46:52.974+0000] {processor.py:753} INFO - DAG(s) dict_keys(['load_sales_dag']) retrieved from /opt/airflow/dags/load_sales_dag.py
[2025-05-15T11:46:53.018+0000] {logging_mixin.py:137} INFO - [2025-05-15T11:46:53.018+0000] {dag.py:2676} INFO - Sync 1 DAGs
[2025-05-15T11:46:53.194+0000] {logging_mixin.py:137} INFO - [2025-05-15T11:46:53.194+0000] {dag.py:3427} INFO - Setting next_dagrun for load_sales_dag to 2025-05-15T00:00:00+00:00, run_after=2025-05-16T00:00:00+00:00
[2025-05-15T11:46:53.208+0000] {processor.py:175} INFO - Processing /opt/airflow/dags/load_sales_dag.py took 0.451 seconds
[2025-05-15T11:47:23.336+0000] {processor.py:153} INFO - Started process (PID=193) to work on /opt/airflow/dags/load_sales_dag.py
[2025-05-15T11:47:23.337+0000] {processor.py:743} INFO - Processing file /opt/airflow/dags/load_sales_dag.py for tasks to queue
[2025-05-15T11:47:23.337+0000] {logging_mixin.py:137} INFO - [2025-05-15T11:47:23.337+0000] {dagbag.py:538} INFO - Filling up the DagBag from /opt/airflow/dags/load_sales_dag.py
[2025-05-15T11:47:23.570+0000] {processor.py:753} INFO - DAG(s) dict_keys(['load_sales_dag']) retrieved from /opt/airflow/dags/load_sales_dag.py
[2025-05-15T11:47:23.596+0000] {logging_mixin.py:137} INFO - [2025-05-15T11:47:23.595+0000] {dag.py:2676} INFO - Sync 1 DAGs
[2025-05-15T11:47:23.733+0000] {logging_mixin.py:137} INFO - [2025-05-15T11:47:23.733+0000] {dag.py:3427} INFO - Setting next_dagrun for load_sales_dag to 2025-05-15T00:00:00+00:00, run_after=2025-05-16T00:00:00+00:00
[2025-05-15T11:47:23.747+0000] {processor.py:175} INFO - Processing /opt/airflow/dags/load_sales_dag.py took 0.413 seconds
[2025-05-15T11:47:59.457+0000] {processor.py:153} INFO - Started process (PID=163) to work on /opt/airflow/dags/load_sales_dag.py
[2025-05-15T11:47:59.460+0000] {processor.py:743} INFO - Processing file /opt/airflow/dags/load_sales_dag.py for tasks to queue
[2025-05-15T11:47:59.463+0000] {logging_mixin.py:137} INFO - [2025-05-15T11:47:59.463+0000] {dagbag.py:538} INFO - Filling up the DagBag from /opt/airflow/dags/load_sales_dag.py
[2025-05-15T11:48:01.953+0000] {processor.py:753} INFO - DAG(s) dict_keys(['load_sales_dag']) retrieved from /opt/airflow/dags/load_sales_dag.py
[2025-05-15T11:48:02.054+0000] {logging_mixin.py:137} INFO - [2025-05-15T11:48:02.053+0000] {dag.py:2676} INFO - Sync 1 DAGs
[2025-05-15T11:48:02.143+0000] {logging_mixin.py:137} INFO - [2025-05-15T11:48:02.143+0000] {dag.py:3427} INFO - Setting next_dagrun for load_sales_dag to 2025-05-15T00:00:00+00:00, run_after=2025-05-16T00:00:00+00:00
[2025-05-15T11:48:02.194+0000] {processor.py:175} INFO - Processing /opt/airflow/dags/load_sales_dag.py took 2.755 seconds
[2025-05-15T11:48:32.374+0000] {processor.py:153} INFO - Started process (PID=170) to work on /opt/airflow/dags/load_sales_dag.py
[2025-05-15T11:48:32.375+0000] {processor.py:743} INFO - Processing file /opt/airflow/dags/load_sales_dag.py for tasks to queue
[2025-05-15T11:48:32.375+0000] {logging_mixin.py:137} INFO - [2025-05-15T11:48:32.375+0000] {dagbag.py:538} INFO - Filling up the DagBag from /opt/airflow/dags/load_sales_dag.py
[2025-05-15T11:48:32.569+0000] {processor.py:753} INFO - DAG(s) dict_keys(['load_sales_dag']) retrieved from /opt/airflow/dags/load_sales_dag.py
[2025-05-15T11:48:32.587+0000] {logging_mixin.py:137} INFO - [2025-05-15T11:48:32.586+0000] {dag.py:2676} INFO - Sync 1 DAGs
[2025-05-15T11:48:32.612+0000] {logging_mixin.py:137} INFO - [2025-05-15T11:48:32.612+0000] {dag.py:3427} INFO - Setting next_dagrun for load_sales_dag to 2025-05-15T00:00:00+00:00, run_after=2025-05-16T00:00:00+00:00
[2025-05-15T11:48:32.631+0000] {processor.py:175} INFO - Processing /opt/airflow/dags/load_sales_dag.py took 0.259 seconds
[2025-05-15T11:49:02.753+0000] {processor.py:153} INFO - Started process (PID=176) to work on /opt/airflow/dags/load_sales_dag.py
[2025-05-15T11:49:02.753+0000] {processor.py:743} INFO - Processing file /opt/airflow/dags/load_sales_dag.py for tasks to queue
[2025-05-15T11:49:02.754+0000] {logging_mixin.py:137} INFO - [2025-05-15T11:49:02.754+0000] {dagbag.py:538} INFO - Filling up the DagBag from /opt/airflow/dags/load_sales_dag.py
[2025-05-15T11:49:02.965+0000] {processor.py:753} INFO - DAG(s) dict_keys(['load_sales_dag']) retrieved from /opt/airflow/dags/load_sales_dag.py
[2025-05-15T11:49:02.994+0000] {logging_mixin.py:137} INFO - [2025-05-15T11:49:02.994+0000] {dag.py:2676} INFO - Sync 1 DAGs
[2025-05-15T11:49:03.014+0000] {logging_mixin.py:137} INFO - [2025-05-15T11:49:03.014+0000] {dag.py:3427} INFO - Setting next_dagrun for load_sales_dag to 2025-05-15T00:00:00+00:00, run_after=2025-05-16T00:00:00+00:00
[2025-05-15T11:49:03.028+0000] {processor.py:175} INFO - Processing /opt/airflow/dags/load_sales_dag.py took 0.277 seconds
[2025-05-15T11:49:33.144+0000] {processor.py:153} INFO - Started process (PID=182) to work on /opt/airflow/dags/load_sales_dag.py
[2025-05-15T11:49:33.145+0000] {processor.py:743} INFO - Processing file /opt/airflow/dags/load_sales_dag.py for tasks to queue
[2025-05-15T11:49:33.145+0000] {logging_mixin.py:137} INFO - [2025-05-15T11:49:33.145+0000] {dagbag.py:538} INFO - Filling up the DagBag from /opt/airflow/dags/load_sales_dag.py
[2025-05-15T11:49:33.339+0000] {processor.py:753} INFO - DAG(s) dict_keys(['load_sales_dag']) retrieved from /opt/airflow/dags/load_sales_dag.py
[2025-05-15T11:49:33.372+0000] {logging_mixin.py:137} INFO - [2025-05-15T11:49:33.372+0000] {dag.py:2676} INFO - Sync 1 DAGs
[2025-05-15T11:49:33.392+0000] {logging_mixin.py:137} INFO - [2025-05-15T11:49:33.392+0000] {dag.py:3427} INFO - Setting next_dagrun for load_sales_dag to 2025-05-15T00:00:00+00:00, run_after=2025-05-16T00:00:00+00:00
[2025-05-15T11:49:33.525+0000] {processor.py:175} INFO - Processing /opt/airflow/dags/load_sales_dag.py took 0.384 seconds
[2025-05-15T11:50:03.658+0000] {processor.py:153} INFO - Started process (PID=188) to work on /opt/airflow/dags/load_sales_dag.py
[2025-05-15T11:50:03.659+0000] {processor.py:743} INFO - Processing file /opt/airflow/dags/load_sales_dag.py for tasks to queue
[2025-05-15T11:50:03.660+0000] {logging_mixin.py:137} INFO - [2025-05-15T11:50:03.660+0000] {dagbag.py:538} INFO - Filling up the DagBag from /opt/airflow/dags/load_sales_dag.py
[2025-05-15T11:50:03.881+0000] {processor.py:753} INFO - DAG(s) dict_keys(['load_sales_dag']) retrieved from /opt/airflow/dags/load_sales_dag.py
[2025-05-15T11:50:03.908+0000] {logging_mixin.py:137} INFO - [2025-05-15T11:50:03.907+0000] {dag.py:2676} INFO - Sync 1 DAGs
[2025-05-15T11:50:04.051+0000] {logging_mixin.py:137} INFO - [2025-05-15T11:50:04.051+0000] {dag.py:3427} INFO - Setting next_dagrun for load_sales_dag to 2025-05-15T00:00:00+00:00, run_after=2025-05-16T00:00:00+00:00
[2025-05-15T11:50:04.065+0000] {processor.py:175} INFO - Processing /opt/airflow/dags/load_sales_dag.py took 0.412 seconds
[2025-05-15T11:50:34.192+0000] {processor.py:153} INFO - Started process (PID=194) to work on /opt/airflow/dags/load_sales_dag.py
[2025-05-15T11:50:34.192+0000] {processor.py:743} INFO - Processing file /opt/airflow/dags/load_sales_dag.py for tasks to queue
[2025-05-15T11:50:34.193+0000] {logging_mixin.py:137} INFO - [2025-05-15T11:50:34.193+0000] {dagbag.py:538} INFO - Filling up the DagBag from /opt/airflow/dags/load_sales_dag.py
[2025-05-15T11:50:34.387+0000] {processor.py:753} INFO - DAG(s) dict_keys(['load_sales_dag']) retrieved from /opt/airflow/dags/load_sales_dag.py
[2025-05-15T11:50:34.413+0000] {logging_mixin.py:137} INFO - [2025-05-15T11:50:34.413+0000] {dag.py:2676} INFO - Sync 1 DAGs
[2025-05-15T11:50:34.552+0000] {logging_mixin.py:137} INFO - [2025-05-15T11:50:34.552+0000] {dag.py:3427} INFO - Setting next_dagrun for load_sales_dag to 2025-05-15T00:00:00+00:00, run_after=2025-05-16T00:00:00+00:00
[2025-05-15T11:50:34.565+0000] {processor.py:175} INFO - Processing /opt/airflow/dags/load_sales_dag.py took 0.376 seconds
[2025-05-15T11:51:04.687+0000] {processor.py:153} INFO - Started process (PID=200) to work on /opt/airflow/dags/load_sales_dag.py
[2025-05-15T11:51:04.688+0000] {processor.py:743} INFO - Processing file /opt/airflow/dags/load_sales_dag.py for tasks to queue
[2025-05-15T11:51:04.688+0000] {logging_mixin.py:137} INFO - [2025-05-15T11:51:04.688+0000] {dagbag.py:538} INFO - Filling up the DagBag from /opt/airflow/dags/load_sales_dag.py
[2025-05-15T11:51:04.884+0000] {processor.py:753} INFO - DAG(s) dict_keys(['load_sales_dag']) retrieved from /opt/airflow/dags/load_sales_dag.py
[2025-05-15T11:51:04.910+0000] {logging_mixin.py:137} INFO - [2025-05-15T11:51:04.909+0000] {dag.py:2676} INFO - Sync 1 DAGs
[2025-05-15T11:51:05.060+0000] {logging_mixin.py:137} INFO - [2025-05-15T11:51:05.060+0000] {dag.py:3427} INFO - Setting next_dagrun for load_sales_dag to 2025-05-15T00:00:00+00:00, run_after=2025-05-16T00:00:00+00:00
[2025-05-15T11:51:05.074+0000] {processor.py:175} INFO - Processing /opt/airflow/dags/load_sales_dag.py took 0.389 seconds
[2025-05-15T11:51:35.199+0000] {processor.py:153} INFO - Started process (PID=206) to work on /opt/airflow/dags/load_sales_dag.py
[2025-05-15T11:51:35.199+0000] {processor.py:743} INFO - Processing file /opt/airflow/dags/load_sales_dag.py for tasks to queue
[2025-05-15T11:51:35.200+0000] {logging_mixin.py:137} INFO - [2025-05-15T11:51:35.200+0000] {dagbag.py:538} INFO - Filling up the DagBag from /opt/airflow/dags/load_sales_dag.py
[2025-05-15T11:51:35.428+0000] {processor.py:753} INFO - DAG(s) dict_keys(['load_sales_dag']) retrieved from /opt/airflow/dags/load_sales_dag.py
[2025-05-15T11:51:35.455+0000] {logging_mixin.py:137} INFO - [2025-05-15T11:51:35.455+0000] {dag.py:2676} INFO - Sync 1 DAGs
[2025-05-15T11:51:35.476+0000] {logging_mixin.py:137} INFO - [2025-05-15T11:51:35.476+0000] {dag.py:3427} INFO - Setting next_dagrun for load_sales_dag to 2025-05-15T00:00:00+00:00, run_after=2025-05-16T00:00:00+00:00
[2025-05-15T11:51:35.490+0000] {processor.py:175} INFO - Processing /opt/airflow/dags/load_sales_dag.py took 0.294 seconds
[2025-05-15T11:52:05.631+0000] {processor.py:153} INFO - Started process (PID=212) to work on /opt/airflow/dags/load_sales_dag.py
[2025-05-15T11:52:05.632+0000] {processor.py:743} INFO - Processing file /opt/airflow/dags/load_sales_dag.py for tasks to queue
[2025-05-15T11:52:05.633+0000] {logging_mixin.py:137} INFO - [2025-05-15T11:52:05.632+0000] {dagbag.py:538} INFO - Filling up the DagBag from /opt/airflow/dags/load_sales_dag.py
[2025-05-15T11:52:05.830+0000] {processor.py:753} INFO - DAG(s) dict_keys(['load_sales_dag']) retrieved from /opt/airflow/dags/load_sales_dag.py
[2025-05-15T11:52:05.863+0000] {logging_mixin.py:137} INFO - [2025-05-15T11:52:05.863+0000] {dag.py:2676} INFO - Sync 1 DAGs
[2025-05-15T11:52:05.885+0000] {logging_mixin.py:137} INFO - [2025-05-15T11:52:05.884+0000] {dag.py:3427} INFO - Setting next_dagrun for load_sales_dag to 2025-05-15T00:00:00+00:00, run_after=2025-05-16T00:00:00+00:00
[2025-05-15T11:52:05.899+0000] {processor.py:175} INFO - Processing /opt/airflow/dags/load_sales_dag.py took 0.270 seconds
[2025-05-15T11:52:36.019+0000] {processor.py:153} INFO - Started process (PID=218) to work on /opt/airflow/dags/load_sales_dag.py
[2025-05-15T11:52:36.020+0000] {processor.py:743} INFO - Processing file /opt/airflow/dags/load_sales_dag.py for tasks to queue
[2025-05-15T11:52:36.020+0000] {logging_mixin.py:137} INFO - [2025-05-15T11:52:36.020+0000] {dagbag.py:538} INFO - Filling up the DagBag from /opt/airflow/dags/load_sales_dag.py
[2025-05-15T11:52:36.218+0000] {processor.py:753} INFO - DAG(s) dict_keys(['load_sales_dag']) retrieved from /opt/airflow/dags/load_sales_dag.py
[2025-05-15T11:52:36.245+0000] {logging_mixin.py:137} INFO - [2025-05-15T11:52:36.245+0000] {dag.py:2676} INFO - Sync 1 DAGs
[2025-05-15T11:52:36.266+0000] {logging_mixin.py:137} INFO - [2025-05-15T11:52:36.266+0000] {dag.py:3427} INFO - Setting next_dagrun for load_sales_dag to 2025-05-15T00:00:00+00:00, run_after=2025-05-16T00:00:00+00:00
[2025-05-15T11:52:36.280+0000] {processor.py:175} INFO - Processing /opt/airflow/dags/load_sales_dag.py took 0.263 seconds
[2025-05-15T11:53:06.411+0000] {processor.py:153} INFO - Started process (PID=224) to work on /opt/airflow/dags/load_sales_dag.py
[2025-05-15T11:53:06.411+0000] {processor.py:743} INFO - Processing file /opt/airflow/dags/load_sales_dag.py for tasks to queue
[2025-05-15T11:53:06.412+0000] {logging_mixin.py:137} INFO - [2025-05-15T11:53:06.412+0000] {dagbag.py:538} INFO - Filling up the DagBag from /opt/airflow/dags/load_sales_dag.py
[2025-05-15T11:53:06.608+0000] {processor.py:753} INFO - DAG(s) dict_keys(['load_sales_dag']) retrieved from /opt/airflow/dags/load_sales_dag.py
[2025-05-15T11:53:06.636+0000] {logging_mixin.py:137} INFO - [2025-05-15T11:53:06.635+0000] {dag.py:2676} INFO - Sync 1 DAGs
[2025-05-15T11:53:06.656+0000] {logging_mixin.py:137} INFO - [2025-05-15T11:53:06.656+0000] {dag.py:3427} INFO - Setting next_dagrun for load_sales_dag to 2025-05-15T00:00:00+00:00, run_after=2025-05-16T00:00:00+00:00
[2025-05-15T11:53:06.793+0000] {processor.py:175} INFO - Processing /opt/airflow/dags/load_sales_dag.py took 0.385 seconds
[2025-05-15T11:53:36.920+0000] {processor.py:153} INFO - Started process (PID=230) to work on /opt/airflow/dags/load_sales_dag.py
[2025-05-15T11:53:36.920+0000] {processor.py:743} INFO - Processing file /opt/airflow/dags/load_sales_dag.py for tasks to queue
[2025-05-15T11:53:36.921+0000] {logging_mixin.py:137} INFO - [2025-05-15T11:53:36.921+0000] {dagbag.py:538} INFO - Filling up the DagBag from /opt/airflow/dags/load_sales_dag.py
[2025-05-15T11:53:37.129+0000] {processor.py:753} INFO - DAG(s) dict_keys(['load_sales_dag']) retrieved from /opt/airflow/dags/load_sales_dag.py
[2025-05-15T11:53:37.156+0000] {logging_mixin.py:137} INFO - [2025-05-15T11:53:37.155+0000] {dag.py:2676} INFO - Sync 1 DAGs
[2025-05-15T11:53:37.298+0000] {logging_mixin.py:137} INFO - [2025-05-15T11:53:37.298+0000] {dag.py:3427} INFO - Setting next_dagrun for load_sales_dag to 2025-05-15T00:00:00+00:00, run_after=2025-05-16T00:00:00+00:00
[2025-05-15T11:53:37.312+0000] {processor.py:175} INFO - Processing /opt/airflow/dags/load_sales_dag.py took 0.395 seconds
[2025-05-15T11:54:07.455+0000] {processor.py:153} INFO - Started process (PID=236) to work on /opt/airflow/dags/load_sales_dag.py
[2025-05-15T11:54:07.455+0000] {processor.py:743} INFO - Processing file /opt/airflow/dags/load_sales_dag.py for tasks to queue
[2025-05-15T11:54:07.456+0000] {logging_mixin.py:137} INFO - [2025-05-15T11:54:07.456+0000] {dagbag.py:538} INFO - Filling up the DagBag from /opt/airflow/dags/load_sales_dag.py
[2025-05-15T11:54:07.654+0000] {processor.py:753} INFO - DAG(s) dict_keys(['load_sales_dag']) retrieved from /opt/airflow/dags/load_sales_dag.py
[2025-05-15T11:54:07.681+0000] {logging_mixin.py:137} INFO - [2025-05-15T11:54:07.681+0000] {dag.py:2676} INFO - Sync 1 DAGs
[2025-05-15T11:54:07.874+0000] {logging_mixin.py:137} INFO - [2025-05-15T11:54:07.873+0000] {dag.py:3427} INFO - Setting next_dagrun for load_sales_dag to 2025-05-15T00:00:00+00:00, run_after=2025-05-16T00:00:00+00:00
[2025-05-15T11:54:07.896+0000] {processor.py:175} INFO - Processing /opt/airflow/dags/load_sales_dag.py took 0.444 seconds
[2025-05-15T11:54:38.028+0000] {processor.py:153} INFO - Started process (PID=242) to work on /opt/airflow/dags/load_sales_dag.py
[2025-05-15T11:54:38.029+0000] {processor.py:743} INFO - Processing file /opt/airflow/dags/load_sales_dag.py for tasks to queue
[2025-05-15T11:54:38.029+0000] {logging_mixin.py:137} INFO - [2025-05-15T11:54:38.029+0000] {dagbag.py:538} INFO - Filling up the DagBag from /opt/airflow/dags/load_sales_dag.py
[2025-05-15T11:54:38.244+0000] {processor.py:753} INFO - DAG(s) dict_keys(['load_sales_dag']) retrieved from /opt/airflow/dags/load_sales_dag.py
[2025-05-15T11:54:38.291+0000] {logging_mixin.py:137} INFO - [2025-05-15T11:54:38.290+0000] {dag.py:2676} INFO - Sync 1 DAGs
[2025-05-15T11:54:38.465+0000] {logging_mixin.py:137} INFO - [2025-05-15T11:54:38.465+0000] {dag.py:3427} INFO - Setting next_dagrun for load_sales_dag to 2025-05-15T00:00:00+00:00, run_after=2025-05-16T00:00:00+00:00
[2025-05-15T11:54:38.479+0000] {processor.py:175} INFO - Processing /opt/airflow/dags/load_sales_dag.py took 0.453 seconds
[2025-05-15T11:55:08.602+0000] {processor.py:153} INFO - Started process (PID=248) to work on /opt/airflow/dags/load_sales_dag.py
[2025-05-15T11:55:08.603+0000] {processor.py:743} INFO - Processing file /opt/airflow/dags/load_sales_dag.py for tasks to queue
[2025-05-15T11:55:08.603+0000] {logging_mixin.py:137} INFO - [2025-05-15T11:55:08.603+0000] {dagbag.py:538} INFO - Filling up the DagBag from /opt/airflow/dags/load_sales_dag.py
[2025-05-15T11:55:08.894+0000] {processor.py:753} INFO - DAG(s) dict_keys(['load_sales_dag']) retrieved from /opt/airflow/dags/load_sales_dag.py
[2025-05-15T11:55:08.921+0000] {logging_mixin.py:137} INFO - [2025-05-15T11:55:08.921+0000] {dag.py:2676} INFO - Sync 1 DAGs
[2025-05-15T11:55:08.942+0000] {logging_mixin.py:137} INFO - [2025-05-15T11:55:08.941+0000] {dag.py:3427} INFO - Setting next_dagrun for load_sales_dag to 2025-05-15T00:00:00+00:00, run_after=2025-05-16T00:00:00+00:00
[2025-05-15T11:55:08.955+0000] {processor.py:175} INFO - Processing /opt/airflow/dags/load_sales_dag.py took 0.356 seconds
[2025-05-15T11:55:39.078+0000] {processor.py:153} INFO - Started process (PID=254) to work on /opt/airflow/dags/load_sales_dag.py
[2025-05-15T11:55:39.079+0000] {processor.py:743} INFO - Processing file /opt/airflow/dags/load_sales_dag.py for tasks to queue
[2025-05-15T11:55:39.080+0000] {logging_mixin.py:137} INFO - [2025-05-15T11:55:39.079+0000] {dagbag.py:538} INFO - Filling up the DagBag from /opt/airflow/dags/load_sales_dag.py
[2025-05-15T11:55:39.392+0000] {processor.py:753} INFO - DAG(s) dict_keys(['load_sales_dag']) retrieved from /opt/airflow/dags/load_sales_dag.py
[2025-05-15T11:55:39.419+0000] {logging_mixin.py:137} INFO - [2025-05-15T11:55:39.419+0000] {dag.py:2676} INFO - Sync 1 DAGs
[2025-05-15T11:55:39.440+0000] {logging_mixin.py:137} INFO - [2025-05-15T11:55:39.440+0000] {dag.py:3427} INFO - Setting next_dagrun for load_sales_dag to 2025-05-15T00:00:00+00:00, run_after=2025-05-16T00:00:00+00:00
[2025-05-15T11:55:39.453+0000] {processor.py:175} INFO - Processing /opt/airflow/dags/load_sales_dag.py took 0.378 seconds
[2025-05-15T11:56:09.579+0000] {processor.py:153} INFO - Started process (PID=260) to work on /opt/airflow/dags/load_sales_dag.py
[2025-05-15T11:56:09.579+0000] {processor.py:743} INFO - Processing file /opt/airflow/dags/load_sales_dag.py for tasks to queue
[2025-05-15T11:56:09.580+0000] {logging_mixin.py:137} INFO - [2025-05-15T11:56:09.580+0000] {dagbag.py:538} INFO - Filling up the DagBag from /opt/airflow/dags/load_sales_dag.py
[2025-05-15T11:56:09.881+0000] {processor.py:753} INFO - DAG(s) dict_keys(['load_sales_dag']) retrieved from /opt/airflow/dags/load_sales_dag.py
[2025-05-15T11:56:09.925+0000] {logging_mixin.py:137} INFO - [2025-05-15T11:56:09.925+0000] {dag.py:2676} INFO - Sync 1 DAGs
[2025-05-15T11:56:09.946+0000] {logging_mixin.py:137} INFO - [2025-05-15T11:56:09.946+0000] {dag.py:3427} INFO - Setting next_dagrun for load_sales_dag to 2025-05-15T00:00:00+00:00, run_after=2025-05-16T00:00:00+00:00
[2025-05-15T11:56:09.960+0000] {processor.py:175} INFO - Processing /opt/airflow/dags/load_sales_dag.py took 0.384 seconds
[2025-05-15T11:56:40.087+0000] {processor.py:153} INFO - Started process (PID=266) to work on /opt/airflow/dags/load_sales_dag.py
[2025-05-15T11:56:40.088+0000] {processor.py:743} INFO - Processing file /opt/airflow/dags/load_sales_dag.py for tasks to queue
[2025-05-15T11:56:40.089+0000] {logging_mixin.py:137} INFO - [2025-05-15T11:56:40.088+0000] {dagbag.py:538} INFO - Filling up the DagBag from /opt/airflow/dags/load_sales_dag.py
[2025-05-15T11:56:40.398+0000] {processor.py:753} INFO - DAG(s) dict_keys(['load_sales_dag']) retrieved from /opt/airflow/dags/load_sales_dag.py
[2025-05-15T11:56:40.444+0000] {logging_mixin.py:137} INFO - [2025-05-15T11:56:40.443+0000] {dag.py:2676} INFO - Sync 1 DAGs
[2025-05-15T11:56:40.490+0000] {logging_mixin.py:137} INFO - [2025-05-15T11:56:40.489+0000] {dag.py:3427} INFO - Setting next_dagrun for load_sales_dag to 2025-05-15T00:00:00+00:00, run_after=2025-05-16T00:00:00+00:00
[2025-05-15T11:56:40.634+0000] {processor.py:175} INFO - Processing /opt/airflow/dags/load_sales_dag.py took 0.550 seconds
[2025-05-15T11:57:10.767+0000] {processor.py:153} INFO - Started process (PID=272) to work on /opt/airflow/dags/load_sales_dag.py
[2025-05-15T11:57:10.767+0000] {processor.py:743} INFO - Processing file /opt/airflow/dags/load_sales_dag.py for tasks to queue
[2025-05-15T11:57:10.768+0000] {logging_mixin.py:137} INFO - [2025-05-15T11:57:10.768+0000] {dagbag.py:538} INFO - Filling up the DagBag from /opt/airflow/dags/load_sales_dag.py
[2025-05-15T11:57:11.156+0000] {processor.py:753} INFO - DAG(s) dict_keys(['load_sales_dag']) retrieved from /opt/airflow/dags/load_sales_dag.py
[2025-05-15T11:57:11.183+0000] {logging_mixin.py:137} INFO - [2025-05-15T11:57:11.183+0000] {dag.py:2676} INFO - Sync 1 DAGs
[2025-05-15T11:57:11.331+0000] {logging_mixin.py:137} INFO - [2025-05-15T11:57:11.331+0000] {dag.py:3427} INFO - Setting next_dagrun for load_sales_dag to 2025-05-15T00:00:00+00:00, run_after=2025-05-16T00:00:00+00:00
[2025-05-15T11:57:11.352+0000] {processor.py:175} INFO - Processing /opt/airflow/dags/load_sales_dag.py took 0.587 seconds
[2025-05-15T11:57:41.484+0000] {processor.py:153} INFO - Started process (PID=278) to work on /opt/airflow/dags/load_sales_dag.py
[2025-05-15T11:57:41.485+0000] {processor.py:743} INFO - Processing file /opt/airflow/dags/load_sales_dag.py for tasks to queue
[2025-05-15T11:57:41.486+0000] {logging_mixin.py:137} INFO - [2025-05-15T11:57:41.486+0000] {dagbag.py:538} INFO - Filling up the DagBag from /opt/airflow/dags/load_sales_dag.py
[2025-05-15T11:57:41.716+0000] {processor.py:753} INFO - DAG(s) dict_keys(['load_sales_dag']) retrieved from /opt/airflow/dags/load_sales_dag.py
[2025-05-15T11:57:41.744+0000] {logging_mixin.py:137} INFO - [2025-05-15T11:57:41.743+0000] {dag.py:2676} INFO - Sync 1 DAGs
[2025-05-15T11:57:41.887+0000] {logging_mixin.py:137} INFO - [2025-05-15T11:57:41.887+0000] {dag.py:3427} INFO - Setting next_dagrun for load_sales_dag to 2025-05-15T00:00:00+00:00, run_after=2025-05-16T00:00:00+00:00
[2025-05-15T11:57:41.901+0000] {processor.py:175} INFO - Processing /opt/airflow/dags/load_sales_dag.py took 0.420 seconds
[2025-05-15T11:58:12.022+0000] {processor.py:153} INFO - Started process (PID=284) to work on /opt/airflow/dags/load_sales_dag.py
[2025-05-15T11:58:12.023+0000] {processor.py:743} INFO - Processing file /opt/airflow/dags/load_sales_dag.py for tasks to queue
[2025-05-15T11:58:12.023+0000] {logging_mixin.py:137} INFO - [2025-05-15T11:58:12.023+0000] {dagbag.py:538} INFO - Filling up the DagBag from /opt/airflow/dags/load_sales_dag.py
[2025-05-15T11:58:12.220+0000] {processor.py:753} INFO - DAG(s) dict_keys(['load_sales_dag']) retrieved from /opt/airflow/dags/load_sales_dag.py
[2025-05-15T11:58:12.248+0000] {logging_mixin.py:137} INFO - [2025-05-15T11:58:12.247+0000] {dag.py:2676} INFO - Sync 1 DAGs
[2025-05-15T11:58:12.269+0000] {logging_mixin.py:137} INFO - [2025-05-15T11:58:12.269+0000] {dag.py:3427} INFO - Setting next_dagrun for load_sales_dag to 2025-05-15T00:00:00+00:00, run_after=2025-05-16T00:00:00+00:00
[2025-05-15T11:58:12.283+0000] {processor.py:175} INFO - Processing /opt/airflow/dags/load_sales_dag.py took 0.264 seconds
[2025-05-15T11:58:42.400+0000] {processor.py:153} INFO - Started process (PID=290) to work on /opt/airflow/dags/load_sales_dag.py
[2025-05-15T11:58:42.401+0000] {processor.py:743} INFO - Processing file /opt/airflow/dags/load_sales_dag.py for tasks to queue
[2025-05-15T11:58:42.402+0000] {logging_mixin.py:137} INFO - [2025-05-15T11:58:42.402+0000] {dagbag.py:538} INFO - Filling up the DagBag from /opt/airflow/dags/load_sales_dag.py
[2025-05-15T11:58:42.595+0000] {processor.py:753} INFO - DAG(s) dict_keys(['load_sales_dag']) retrieved from /opt/airflow/dags/load_sales_dag.py
[2025-05-15T11:58:42.623+0000] {logging_mixin.py:137} INFO - [2025-05-15T11:58:42.623+0000] {dag.py:2676} INFO - Sync 1 DAGs
[2025-05-15T11:58:42.644+0000] {logging_mixin.py:137} INFO - [2025-05-15T11:58:42.644+0000] {dag.py:3427} INFO - Setting next_dagrun for load_sales_dag to 2025-05-15T00:00:00+00:00, run_after=2025-05-16T00:00:00+00:00
[2025-05-15T11:58:42.660+0000] {processor.py:175} INFO - Processing /opt/airflow/dags/load_sales_dag.py took 0.263 seconds
[2025-05-15T11:59:12.782+0000] {processor.py:153} INFO - Started process (PID=296) to work on /opt/airflow/dags/load_sales_dag.py
[2025-05-15T11:59:12.782+0000] {processor.py:743} INFO - Processing file /opt/airflow/dags/load_sales_dag.py for tasks to queue
[2025-05-15T11:59:12.783+0000] {logging_mixin.py:137} INFO - [2025-05-15T11:59:12.783+0000] {dagbag.py:538} INFO - Filling up the DagBag from /opt/airflow/dags/load_sales_dag.py
[2025-05-15T11:59:13.002+0000] {processor.py:753} INFO - DAG(s) dict_keys(['load_sales_dag']) retrieved from /opt/airflow/dags/load_sales_dag.py
[2025-05-15T11:59:13.031+0000] {logging_mixin.py:137} INFO - [2025-05-15T11:59:13.031+0000] {dag.py:2676} INFO - Sync 1 DAGs
[2025-05-15T11:59:13.053+0000] {logging_mixin.py:137} INFO - [2025-05-15T11:59:13.053+0000] {dag.py:3427} INFO - Setting next_dagrun for load_sales_dag to 2025-05-15T00:00:00+00:00, run_after=2025-05-16T00:00:00+00:00
[2025-05-15T11:59:13.068+0000] {processor.py:175} INFO - Processing /opt/airflow/dags/load_sales_dag.py took 0.289 seconds
[2025-05-15T11:59:43.190+0000] {processor.py:153} INFO - Started process (PID=302) to work on /opt/airflow/dags/load_sales_dag.py
[2025-05-15T11:59:43.190+0000] {processor.py:743} INFO - Processing file /opt/airflow/dags/load_sales_dag.py for tasks to queue
[2025-05-15T11:59:43.191+0000] {logging_mixin.py:137} INFO - [2025-05-15T11:59:43.191+0000] {dagbag.py:538} INFO - Filling up the DagBag from /opt/airflow/dags/load_sales_dag.py
[2025-05-15T11:59:43.395+0000] {processor.py:753} INFO - DAG(s) dict_keys(['load_sales_dag']) retrieved from /opt/airflow/dags/load_sales_dag.py
[2025-05-15T11:59:43.424+0000] {logging_mixin.py:137} INFO - [2025-05-15T11:59:43.423+0000] {dag.py:2676} INFO - Sync 1 DAGs
[2025-05-15T11:59:43.446+0000] {logging_mixin.py:137} INFO - [2025-05-15T11:59:43.446+0000] {dag.py:3427} INFO - Setting next_dagrun for load_sales_dag to 2025-05-15T00:00:00+00:00, run_after=2025-05-16T00:00:00+00:00
[2025-05-15T11:59:43.461+0000] {processor.py:175} INFO - Processing /opt/airflow/dags/load_sales_dag.py took 0.274 seconds
[2025-05-15T12:00:13.591+0000] {processor.py:153} INFO - Started process (PID=308) to work on /opt/airflow/dags/load_sales_dag.py
[2025-05-15T12:00:13.592+0000] {processor.py:743} INFO - Processing file /opt/airflow/dags/load_sales_dag.py for tasks to queue
[2025-05-15T12:00:13.592+0000] {logging_mixin.py:137} INFO - [2025-05-15T12:00:13.592+0000] {dagbag.py:538} INFO - Filling up the DagBag from /opt/airflow/dags/load_sales_dag.py
[2025-05-15T12:00:13.790+0000] {processor.py:753} INFO - DAG(s) dict_keys(['load_sales_dag']) retrieved from /opt/airflow/dags/load_sales_dag.py
[2025-05-15T12:00:13.818+0000] {logging_mixin.py:137} INFO - [2025-05-15T12:00:13.818+0000] {dag.py:2676} INFO - Sync 1 DAGs
[2025-05-15T12:00:13.841+0000] {logging_mixin.py:137} INFO - [2025-05-15T12:00:13.840+0000] {dag.py:3427} INFO - Setting next_dagrun for load_sales_dag to 2025-05-15T00:00:00+00:00, run_after=2025-05-16T00:00:00+00:00
[2025-05-15T12:00:13.981+0000] {processor.py:175} INFO - Processing /opt/airflow/dags/load_sales_dag.py took 0.393 seconds
[2025-05-15T12:00:44.107+0000] {processor.py:153} INFO - Started process (PID=314) to work on /opt/airflow/dags/load_sales_dag.py
[2025-05-15T12:00:44.108+0000] {processor.py:743} INFO - Processing file /opt/airflow/dags/load_sales_dag.py for tasks to queue
[2025-05-15T12:00:44.108+0000] {logging_mixin.py:137} INFO - [2025-05-15T12:00:44.108+0000] {dagbag.py:538} INFO - Filling up the DagBag from /opt/airflow/dags/load_sales_dag.py
[2025-05-15T12:00:44.312+0000] {processor.py:753} INFO - DAG(s) dict_keys(['load_sales_dag']) retrieved from /opt/airflow/dags/load_sales_dag.py
[2025-05-15T12:00:44.339+0000] {logging_mixin.py:137} INFO - [2025-05-15T12:00:44.339+0000] {dag.py:2676} INFO - Sync 1 DAGs
[2025-05-15T12:00:44.488+0000] {logging_mixin.py:137} INFO - [2025-05-15T12:00:44.488+0000] {dag.py:3427} INFO - Setting next_dagrun for load_sales_dag to 2025-05-15T00:00:00+00:00, run_after=2025-05-16T00:00:00+00:00
[2025-05-15T12:00:44.502+0000] {processor.py:175} INFO - Processing /opt/airflow/dags/load_sales_dag.py took 0.398 seconds
[2025-05-15T12:01:14.632+0000] {processor.py:153} INFO - Started process (PID=320) to work on /opt/airflow/dags/load_sales_dag.py
[2025-05-15T12:01:14.633+0000] {processor.py:743} INFO - Processing file /opt/airflow/dags/load_sales_dag.py for tasks to queue
[2025-05-15T12:01:14.633+0000] {logging_mixin.py:137} INFO - [2025-05-15T12:01:14.633+0000] {dagbag.py:538} INFO - Filling up the DagBag from /opt/airflow/dags/load_sales_dag.py
[2025-05-15T12:01:14.884+0000] {processor.py:753} INFO - DAG(s) dict_keys(['load_sales_dag']) retrieved from /opt/airflow/dags/load_sales_dag.py
[2025-05-15T12:01:14.921+0000] {logging_mixin.py:137} INFO - [2025-05-15T12:01:14.921+0000] {dag.py:2676} INFO - Sync 1 DAGs
[2025-05-15T12:01:15.078+0000] {logging_mixin.py:137} INFO - [2025-05-15T12:01:15.078+0000] {dag.py:3427} INFO - Setting next_dagrun for load_sales_dag to 2025-05-15T00:00:00+00:00, run_after=2025-05-16T00:00:00+00:00
[2025-05-15T12:01:15.094+0000] {processor.py:175} INFO - Processing /opt/airflow/dags/load_sales_dag.py took 0.464 seconds
[2025-05-15T12:01:45.216+0000] {processor.py:153} INFO - Started process (PID=326) to work on /opt/airflow/dags/load_sales_dag.py
[2025-05-15T12:01:45.216+0000] {processor.py:743} INFO - Processing file /opt/airflow/dags/load_sales_dag.py for tasks to queue
[2025-05-15T12:01:45.217+0000] {logging_mixin.py:137} INFO - [2025-05-15T12:01:45.217+0000] {dagbag.py:538} INFO - Filling up the DagBag from /opt/airflow/dags/load_sales_dag.py
[2025-05-15T12:01:45.414+0000] {processor.py:753} INFO - DAG(s) dict_keys(['load_sales_dag']) retrieved from /opt/airflow/dags/load_sales_dag.py
[2025-05-15T12:01:45.451+0000] {logging_mixin.py:137} INFO - [2025-05-15T12:01:45.449+0000] {dag.py:2676} INFO - Sync 1 DAGs
[2025-05-15T12:01:45.473+0000] {logging_mixin.py:137} INFO - [2025-05-15T12:01:45.473+0000] {dag.py:3427} INFO - Setting next_dagrun for load_sales_dag to 2025-05-15T00:00:00+00:00, run_after=2025-05-16T00:00:00+00:00
[2025-05-15T12:01:45.488+0000] {processor.py:175} INFO - Processing /opt/airflow/dags/load_sales_dag.py took 0.274 seconds
[2025-05-15T12:02:15.607+0000] {processor.py:153} INFO - Started process (PID=332) to work on /opt/airflow/dags/load_sales_dag.py
[2025-05-15T12:02:15.608+0000] {processor.py:743} INFO - Processing file /opt/airflow/dags/load_sales_dag.py for tasks to queue
[2025-05-15T12:02:15.608+0000] {logging_mixin.py:137} INFO - [2025-05-15T12:02:15.608+0000] {dagbag.py:538} INFO - Filling up the DagBag from /opt/airflow/dags/load_sales_dag.py
[2025-05-15T12:02:15.806+0000] {processor.py:753} INFO - DAG(s) dict_keys(['load_sales_dag']) retrieved from /opt/airflow/dags/load_sales_dag.py
[2025-05-15T12:02:15.839+0000] {logging_mixin.py:137} INFO - [2025-05-15T12:02:15.839+0000] {dag.py:2676} INFO - Sync 1 DAGs
[2025-05-15T12:02:15.864+0000] {logging_mixin.py:137} INFO - [2025-05-15T12:02:15.864+0000] {dag.py:3427} INFO - Setting next_dagrun for load_sales_dag to 2025-05-15T00:00:00+00:00, run_after=2025-05-16T00:00:00+00:00
[2025-05-15T12:02:15.878+0000] {processor.py:175} INFO - Processing /opt/airflow/dags/load_sales_dag.py took 0.274 seconds
[2025-05-15T12:02:45.992+0000] {processor.py:153} INFO - Started process (PID=338) to work on /opt/airflow/dags/load_sales_dag.py
[2025-05-15T12:02:45.993+0000] {processor.py:743} INFO - Processing file /opt/airflow/dags/load_sales_dag.py for tasks to queue
[2025-05-15T12:02:45.993+0000] {logging_mixin.py:137} INFO - [2025-05-15T12:02:45.993+0000] {dagbag.py:538} INFO - Filling up the DagBag from /opt/airflow/dags/load_sales_dag.py
[2025-05-15T12:02:46.202+0000] {processor.py:753} INFO - DAG(s) dict_keys(['load_sales_dag']) retrieved from /opt/airflow/dags/load_sales_dag.py
[2025-05-15T12:02:46.230+0000] {logging_mixin.py:137} INFO - [2025-05-15T12:02:46.229+0000] {dag.py:2676} INFO - Sync 1 DAGs
[2025-05-15T12:02:46.251+0000] {logging_mixin.py:137} INFO - [2025-05-15T12:02:46.250+0000] {dag.py:3427} INFO - Setting next_dagrun for load_sales_dag to 2025-05-15T00:00:00+00:00, run_after=2025-05-16T00:00:00+00:00
[2025-05-15T12:02:46.264+0000] {processor.py:175} INFO - Processing /opt/airflow/dags/load_sales_dag.py took 0.275 seconds
[2025-05-15T12:03:16.388+0000] {processor.py:153} INFO - Started process (PID=344) to work on /opt/airflow/dags/load_sales_dag.py
[2025-05-15T12:03:16.389+0000] {processor.py:743} INFO - Processing file /opt/airflow/dags/load_sales_dag.py for tasks to queue
[2025-05-15T12:03:16.389+0000] {logging_mixin.py:137} INFO - [2025-05-15T12:03:16.389+0000] {dagbag.py:538} INFO - Filling up the DagBag from /opt/airflow/dags/load_sales_dag.py
[2025-05-15T12:03:16.599+0000] {processor.py:753} INFO - DAG(s) dict_keys(['load_sales_dag']) retrieved from /opt/airflow/dags/load_sales_dag.py
[2025-05-15T12:03:16.629+0000] {logging_mixin.py:137} INFO - [2025-05-15T12:03:16.629+0000] {dag.py:2676} INFO - Sync 1 DAGs
[2025-05-15T12:03:16.654+0000] {logging_mixin.py:137} INFO - [2025-05-15T12:03:16.654+0000] {dag.py:3427} INFO - Setting next_dagrun for load_sales_dag to 2025-05-15T00:00:00+00:00, run_after=2025-05-16T00:00:00+00:00
[2025-05-15T12:03:16.786+0000] {processor.py:175} INFO - Processing /opt/airflow/dags/load_sales_dag.py took 0.401 seconds
[2025-05-15T12:03:46.907+0000] {processor.py:153} INFO - Started process (PID=350) to work on /opt/airflow/dags/load_sales_dag.py
[2025-05-15T12:03:46.907+0000] {processor.py:743} INFO - Processing file /opt/airflow/dags/load_sales_dag.py for tasks to queue
[2025-05-15T12:03:46.908+0000] {logging_mixin.py:137} INFO - [2025-05-15T12:03:46.908+0000] {dagbag.py:538} INFO - Filling up the DagBag from /opt/airflow/dags/load_sales_dag.py
[2025-05-15T12:03:47.111+0000] {processor.py:753} INFO - DAG(s) dict_keys(['load_sales_dag']) retrieved from /opt/airflow/dags/load_sales_dag.py
[2025-05-15T12:03:47.138+0000] {logging_mixin.py:137} INFO - [2025-05-15T12:03:47.137+0000] {dag.py:2676} INFO - Sync 1 DAGs
[2025-05-15T12:03:47.159+0000] {logging_mixin.py:137} INFO - [2025-05-15T12:03:47.159+0000] {dag.py:3427} INFO - Setting next_dagrun for load_sales_dag to 2025-05-15T00:00:00+00:00, run_after=2025-05-16T00:00:00+00:00
[2025-05-15T12:03:47.294+0000] {processor.py:175} INFO - Processing /opt/airflow/dags/load_sales_dag.py took 0.390 seconds
[2025-05-15T12:04:17.423+0000] {processor.py:153} INFO - Started process (PID=356) to work on /opt/airflow/dags/load_sales_dag.py
[2025-05-15T12:04:17.423+0000] {processor.py:743} INFO - Processing file /opt/airflow/dags/load_sales_dag.py for tasks to queue
[2025-05-15T12:04:17.424+0000] {logging_mixin.py:137} INFO - [2025-05-15T12:04:17.424+0000] {dagbag.py:538} INFO - Filling up the DagBag from /opt/airflow/dags/load_sales_dag.py
[2025-05-15T12:04:17.626+0000] {processor.py:753} INFO - DAG(s) dict_keys(['load_sales_dag']) retrieved from /opt/airflow/dags/load_sales_dag.py
[2025-05-15T12:04:17.653+0000] {logging_mixin.py:137} INFO - [2025-05-15T12:04:17.652+0000] {dag.py:2676} INFO - Sync 1 DAGs
[2025-05-15T12:04:17.822+0000] {logging_mixin.py:137} INFO - [2025-05-15T12:04:17.822+0000] {dag.py:3427} INFO - Setting next_dagrun for load_sales_dag to 2025-05-15T00:00:00+00:00, run_after=2025-05-16T00:00:00+00:00
[2025-05-15T12:04:17.840+0000] {processor.py:175} INFO - Processing /opt/airflow/dags/load_sales_dag.py took 0.420 seconds
[2025-05-15T12:04:47.967+0000] {processor.py:153} INFO - Started process (PID=362) to work on /opt/airflow/dags/load_sales_dag.py
[2025-05-15T12:04:47.968+0000] {processor.py:743} INFO - Processing file /opt/airflow/dags/load_sales_dag.py for tasks to queue
[2025-05-15T12:04:47.969+0000] {logging_mixin.py:137} INFO - [2025-05-15T12:04:47.968+0000] {dagbag.py:538} INFO - Filling up the DagBag from /opt/airflow/dags/load_sales_dag.py
[2025-05-15T12:04:48.176+0000] {processor.py:753} INFO - DAG(s) dict_keys(['load_sales_dag']) retrieved from /opt/airflow/dags/load_sales_dag.py
[2025-05-15T12:04:48.204+0000] {logging_mixin.py:137} INFO - [2025-05-15T12:04:48.204+0000] {dag.py:2676} INFO - Sync 1 DAGs
[2025-05-15T12:04:48.350+0000] {logging_mixin.py:137} INFO - [2025-05-15T12:04:48.350+0000] {dag.py:3427} INFO - Setting next_dagrun for load_sales_dag to 2025-05-15T00:00:00+00:00, run_after=2025-05-16T00:00:00+00:00
[2025-05-15T12:04:48.364+0000] {processor.py:175} INFO - Processing /opt/airflow/dags/load_sales_dag.py took 0.399 seconds
[2025-05-15T12:05:18.501+0000] {processor.py:153} INFO - Started process (PID=368) to work on /opt/airflow/dags/load_sales_dag.py
[2025-05-15T12:05:18.502+0000] {processor.py:743} INFO - Processing file /opt/airflow/dags/load_sales_dag.py for tasks to queue
[2025-05-15T12:05:18.502+0000] {logging_mixin.py:137} INFO - [2025-05-15T12:05:18.502+0000] {dagbag.py:538} INFO - Filling up the DagBag from /opt/airflow/dags/load_sales_dag.py
[2025-05-15T12:05:18.741+0000] {processor.py:753} INFO - DAG(s) dict_keys(['load_sales_dag']) retrieved from /opt/airflow/dags/load_sales_dag.py
[2025-05-15T12:05:18.769+0000] {logging_mixin.py:137} INFO - [2025-05-15T12:05:18.769+0000] {dag.py:2676} INFO - Sync 1 DAGs
[2025-05-15T12:05:18.790+0000] {logging_mixin.py:137} INFO - [2025-05-15T12:05:18.790+0000] {dag.py:3427} INFO - Setting next_dagrun for load_sales_dag to 2025-05-15T00:00:00+00:00, run_after=2025-05-16T00:00:00+00:00
[2025-05-15T12:05:18.804+0000] {processor.py:175} INFO - Processing /opt/airflow/dags/load_sales_dag.py took 0.306 seconds
[2025-05-15T12:05:48.924+0000] {processor.py:153} INFO - Started process (PID=374) to work on /opt/airflow/dags/load_sales_dag.py
[2025-05-15T12:05:48.925+0000] {processor.py:743} INFO - Processing file /opt/airflow/dags/load_sales_dag.py for tasks to queue
[2025-05-15T12:05:48.925+0000] {logging_mixin.py:137} INFO - [2025-05-15T12:05:48.925+0000] {dagbag.py:538} INFO - Filling up the DagBag from /opt/airflow/dags/load_sales_dag.py
[2025-05-15T12:05:49.142+0000] {processor.py:753} INFO - DAG(s) dict_keys(['load_sales_dag']) retrieved from /opt/airflow/dags/load_sales_dag.py
[2025-05-15T12:05:49.169+0000] {logging_mixin.py:137} INFO - [2025-05-15T12:05:49.168+0000] {dag.py:2676} INFO - Sync 1 DAGs
[2025-05-15T12:05:49.190+0000] {logging_mixin.py:137} INFO - [2025-05-15T12:05:49.190+0000] {dag.py:3427} INFO - Setting next_dagrun for load_sales_dag to 2025-05-15T00:00:00+00:00, run_after=2025-05-16T00:00:00+00:00
[2025-05-15T12:05:49.204+0000] {processor.py:175} INFO - Processing /opt/airflow/dags/load_sales_dag.py took 0.282 seconds
[2025-05-15T12:06:19.325+0000] {processor.py:153} INFO - Started process (PID=380) to work on /opt/airflow/dags/load_sales_dag.py
[2025-05-15T12:06:19.326+0000] {processor.py:743} INFO - Processing file /opt/airflow/dags/load_sales_dag.py for tasks to queue
[2025-05-15T12:06:19.326+0000] {logging_mixin.py:137} INFO - [2025-05-15T12:06:19.326+0000] {dagbag.py:538} INFO - Filling up the DagBag from /opt/airflow/dags/load_sales_dag.py
[2025-05-15T12:06:19.522+0000] {processor.py:753} INFO - DAG(s) dict_keys(['load_sales_dag']) retrieved from /opt/airflow/dags/load_sales_dag.py
[2025-05-15T12:06:19.550+0000] {logging_mixin.py:137} INFO - [2025-05-15T12:06:19.550+0000] {dag.py:2676} INFO - Sync 1 DAGs
[2025-05-15T12:06:19.571+0000] {logging_mixin.py:137} INFO - [2025-05-15T12:06:19.571+0000] {dag.py:3427} INFO - Setting next_dagrun for load_sales_dag to 2025-05-15T00:00:00+00:00, run_after=2025-05-16T00:00:00+00:00
[2025-05-15T12:06:19.586+0000] {processor.py:175} INFO - Processing /opt/airflow/dags/load_sales_dag.py took 0.264 seconds
[2025-05-15T12:06:49.708+0000] {processor.py:153} INFO - Started process (PID=386) to work on /opt/airflow/dags/load_sales_dag.py
[2025-05-15T12:06:49.708+0000] {processor.py:743} INFO - Processing file /opt/airflow/dags/load_sales_dag.py for tasks to queue
[2025-05-15T12:06:49.709+0000] {logging_mixin.py:137} INFO - [2025-05-15T12:06:49.709+0000] {dagbag.py:538} INFO - Filling up the DagBag from /opt/airflow/dags/load_sales_dag.py
[2025-05-15T12:06:49.899+0000] {processor.py:753} INFO - DAG(s) dict_keys(['load_sales_dag']) retrieved from /opt/airflow/dags/load_sales_dag.py
[2025-05-15T12:06:49.926+0000] {logging_mixin.py:137} INFO - [2025-05-15T12:06:49.926+0000] {dag.py:2676} INFO - Sync 1 DAGs
[2025-05-15T12:06:49.949+0000] {logging_mixin.py:137} INFO - [2025-05-15T12:06:49.949+0000] {dag.py:3427} INFO - Setting next_dagrun for load_sales_dag to 2025-05-15T00:00:00+00:00, run_after=2025-05-16T00:00:00+00:00
[2025-05-15T12:06:50.092+0000] {processor.py:175} INFO - Processing /opt/airflow/dags/load_sales_dag.py took 0.386 seconds
[2025-05-15T12:07:20.220+0000] {processor.py:153} INFO - Started process (PID=392) to work on /opt/airflow/dags/load_sales_dag.py
[2025-05-15T12:07:20.221+0000] {processor.py:743} INFO - Processing file /opt/airflow/dags/load_sales_dag.py for tasks to queue
[2025-05-15T12:07:20.221+0000] {logging_mixin.py:137} INFO - [2025-05-15T12:07:20.221+0000] {dagbag.py:538} INFO - Filling up the DagBag from /opt/airflow/dags/load_sales_dag.py
[2025-05-15T12:07:20.422+0000] {processor.py:753} INFO - DAG(s) dict_keys(['load_sales_dag']) retrieved from /opt/airflow/dags/load_sales_dag.py
[2025-05-15T12:07:20.450+0000] {logging_mixin.py:137} INFO - [2025-05-15T12:07:20.450+0000] {dag.py:2676} INFO - Sync 1 DAGs
[2025-05-15T12:07:20.593+0000] {logging_mixin.py:137} INFO - [2025-05-15T12:07:20.593+0000] {dag.py:3427} INFO - Setting next_dagrun for load_sales_dag to 2025-05-15T00:00:00+00:00, run_after=2025-05-16T00:00:00+00:00
[2025-05-15T12:07:20.609+0000] {processor.py:175} INFO - Processing /opt/airflow/dags/load_sales_dag.py took 0.391 seconds
