[2025-05-15T12:08:00.391+0000] {processor.py:153} INFO - Started process (PID=398) to work on /opt/airflow/dags/sales_pipeline.py
[2025-05-15T12:08:00.392+0000] {processor.py:743} INFO - Processing file /opt/airflow/dags/sales_pipeline.py for tasks to queue
[2025-05-15T12:08:00.392+0000] {logging_mixin.py:137} INFO - [2025-05-15T12:08:00.392+0000] {dagbag.py:538} INFO - Filling up the DagBag from /opt/airflow/dags/sales_pipeline.py
[2025-05-15T12:08:00.412+0000] {processor.py:753} INFO - DAG(s) dict_keys(['sales_data_pipeline']) retrieved from /opt/airflow/dags/sales_pipeline.py
[2025-05-15T12:08:00.588+0000] {logging_mixin.py:137} INFO - [2025-05-15T12:08:00.587+0000] {manager.py:504} INFO - Created Permission View: can read on DAG:sales_data_pipeline
[2025-05-15T12:08:00.595+0000] {logging_mixin.py:137} INFO - [2025-05-15T12:08:00.595+0000] {manager.py:504} INFO - Created Permission View: can edit on DAG:sales_data_pipeline
[2025-05-15T12:08:00.600+0000] {logging_mixin.py:137} INFO - [2025-05-15T12:08:00.600+0000] {manager.py:504} INFO - Created Permission View: can delete on DAG:sales_data_pipeline
[2025-05-15T12:08:00.601+0000] {logging_mixin.py:137} INFO - [2025-05-15T12:08:00.601+0000] {dag.py:2676} INFO - Sync 1 DAGs
[2025-05-15T12:08:00.610+0000] {logging_mixin.py:137} INFO - [2025-05-15T12:08:00.610+0000] {dag.py:2697} INFO - Creating ORM DAG for sales_data_pipeline
[2025-05-15T12:08:00.623+0000] {logging_mixin.py:137} INFO - [2025-05-15T12:08:00.623+0000] {dag.py:3427} INFO - Setting next_dagrun for sales_data_pipeline to 2025-05-14T00:00:00+00:00, run_after=2025-05-15T00:00:00+00:00
[2025-05-15T12:08:00.638+0000] {processor.py:175} INFO - Processing /opt/airflow/dags/sales_pipeline.py took 0.249 seconds
[2025-05-15T12:08:30.751+0000] {processor.py:153} INFO - Started process (PID=403) to work on /opt/airflow/dags/sales_pipeline.py
[2025-05-15T12:08:30.752+0000] {processor.py:743} INFO - Processing file /opt/airflow/dags/sales_pipeline.py for tasks to queue
[2025-05-15T12:08:30.752+0000] {logging_mixin.py:137} INFO - [2025-05-15T12:08:30.752+0000] {dagbag.py:538} INFO - Filling up the DagBag from /opt/airflow/dags/sales_pipeline.py
[2025-05-15T12:08:30.766+0000] {processor.py:753} INFO - DAG(s) dict_keys(['sales_data_pipeline']) retrieved from /opt/airflow/dags/sales_pipeline.py
[2025-05-15T12:08:30.794+0000] {logging_mixin.py:137} INFO - [2025-05-15T12:08:30.794+0000] {dag.py:2676} INFO - Sync 1 DAGs
[2025-05-15T12:08:30.816+0000] {logging_mixin.py:137} INFO - [2025-05-15T12:08:30.816+0000] {dag.py:3427} INFO - Setting next_dagrun for sales_data_pipeline to 2025-05-14T00:00:00+00:00, run_after=2025-05-15T00:00:00+00:00
[2025-05-15T12:08:30.831+0000] {processor.py:175} INFO - Processing /opt/airflow/dags/sales_pipeline.py took 0.083 seconds
[2025-05-15T12:09:00.861+0000] {processor.py:153} INFO - Started process (PID=408) to work on /opt/airflow/dags/sales_pipeline.py
[2025-05-15T12:09:00.862+0000] {processor.py:743} INFO - Processing file /opt/airflow/dags/sales_pipeline.py for tasks to queue
[2025-05-15T12:09:00.863+0000] {logging_mixin.py:137} INFO - [2025-05-15T12:09:00.863+0000] {dagbag.py:538} INFO - Filling up the DagBag from /opt/airflow/dags/sales_pipeline.py
[2025-05-15T12:09:00.876+0000] {processor.py:753} INFO - DAG(s) dict_keys(['sales_data_pipeline']) retrieved from /opt/airflow/dags/sales_pipeline.py
[2025-05-15T12:09:00.906+0000] {logging_mixin.py:137} INFO - [2025-05-15T12:09:00.906+0000] {dag.py:2676} INFO - Sync 1 DAGs
[2025-05-15T12:09:00.929+0000] {logging_mixin.py:137} INFO - [2025-05-15T12:09:00.929+0000] {dag.py:3427} INFO - Setting next_dagrun for sales_data_pipeline to 2025-05-14T00:00:00+00:00, run_after=2025-05-15T00:00:00+00:00
[2025-05-15T12:09:00.945+0000] {processor.py:175} INFO - Processing /opt/airflow/dags/sales_pipeline.py took 0.086 seconds
[2025-05-15T12:09:31.079+0000] {processor.py:153} INFO - Started process (PID=413) to work on /opt/airflow/dags/sales_pipeline.py
[2025-05-15T12:09:31.081+0000] {processor.py:743} INFO - Processing file /opt/airflow/dags/sales_pipeline.py for tasks to queue
[2025-05-15T12:09:31.084+0000] {logging_mixin.py:137} INFO - [2025-05-15T12:09:31.083+0000] {dagbag.py:538} INFO - Filling up the DagBag from /opt/airflow/dags/sales_pipeline.py
[2025-05-15T12:09:31.129+0000] {processor.py:753} INFO - DAG(s) dict_keys(['sales_data_pipeline']) retrieved from /opt/airflow/dags/sales_pipeline.py
[2025-05-15T12:09:31.197+0000] {logging_mixin.py:137} INFO - [2025-05-15T12:09:31.197+0000] {dag.py:2676} INFO - Sync 1 DAGs
[2025-05-15T12:09:31.237+0000] {logging_mixin.py:137} INFO - [2025-05-15T12:09:31.237+0000] {dag.py:3427} INFO - Setting next_dagrun for sales_data_pipeline to 2025-05-14T00:00:00+00:00, run_after=2025-05-15T00:00:00+00:00
[2025-05-15T12:09:31.263+0000] {processor.py:175} INFO - Processing /opt/airflow/dags/sales_pipeline.py took 0.189 seconds
[2025-05-15T12:10:01.380+0000] {processor.py:153} INFO - Started process (PID=418) to work on /opt/airflow/dags/sales_pipeline.py
[2025-05-15T12:10:01.380+0000] {processor.py:743} INFO - Processing file /opt/airflow/dags/sales_pipeline.py for tasks to queue
[2025-05-15T12:10:01.381+0000] {logging_mixin.py:137} INFO - [2025-05-15T12:10:01.381+0000] {dagbag.py:538} INFO - Filling up the DagBag from /opt/airflow/dags/sales_pipeline.py
[2025-05-15T12:10:01.394+0000] {processor.py:753} INFO - DAG(s) dict_keys(['sales_data_pipeline']) retrieved from /opt/airflow/dags/sales_pipeline.py
[2025-05-15T12:10:01.424+0000] {logging_mixin.py:137} INFO - [2025-05-15T12:10:01.424+0000] {dag.py:2676} INFO - Sync 1 DAGs
[2025-05-15T12:10:01.445+0000] {logging_mixin.py:137} INFO - [2025-05-15T12:10:01.445+0000] {dag.py:3427} INFO - Setting next_dagrun for sales_data_pipeline to 2025-05-14T00:00:00+00:00, run_after=2025-05-15T00:00:00+00:00
[2025-05-15T12:10:01.460+0000] {processor.py:175} INFO - Processing /opt/airflow/dags/sales_pipeline.py took 0.083 seconds
[2025-05-15T12:10:31.488+0000] {processor.py:153} INFO - Started process (PID=423) to work on /opt/airflow/dags/sales_pipeline.py
[2025-05-15T12:10:31.488+0000] {processor.py:743} INFO - Processing file /opt/airflow/dags/sales_pipeline.py for tasks to queue
[2025-05-15T12:10:31.489+0000] {logging_mixin.py:137} INFO - [2025-05-15T12:10:31.489+0000] {dagbag.py:538} INFO - Filling up the DagBag from /opt/airflow/dags/sales_pipeline.py
[2025-05-15T12:10:31.502+0000] {processor.py:753} INFO - DAG(s) dict_keys(['sales_data_pipeline']) retrieved from /opt/airflow/dags/sales_pipeline.py
[2025-05-15T12:10:31.532+0000] {logging_mixin.py:137} INFO - [2025-05-15T12:10:31.532+0000] {dag.py:2676} INFO - Sync 1 DAGs
[2025-05-15T12:10:31.554+0000] {logging_mixin.py:137} INFO - [2025-05-15T12:10:31.554+0000] {dag.py:3427} INFO - Setting next_dagrun for sales_data_pipeline to 2025-05-14T00:00:00+00:00, run_after=2025-05-15T00:00:00+00:00
[2025-05-15T12:10:31.569+0000] {processor.py:175} INFO - Processing /opt/airflow/dags/sales_pipeline.py took 0.083 seconds
[2025-05-15T12:11:01.666+0000] {processor.py:153} INFO - Started process (PID=428) to work on /opt/airflow/dags/sales_pipeline.py
[2025-05-15T12:11:01.667+0000] {processor.py:743} INFO - Processing file /opt/airflow/dags/sales_pipeline.py for tasks to queue
[2025-05-15T12:11:01.667+0000] {logging_mixin.py:137} INFO - [2025-05-15T12:11:01.667+0000] {dagbag.py:538} INFO - Filling up the DagBag from /opt/airflow/dags/sales_pipeline.py
[2025-05-15T12:11:01.680+0000] {processor.py:753} INFO - DAG(s) dict_keys(['sales_data_pipeline']) retrieved from /opt/airflow/dags/sales_pipeline.py
[2025-05-15T12:11:01.708+0000] {logging_mixin.py:137} INFO - [2025-05-15T12:11:01.708+0000] {dag.py:2676} INFO - Sync 1 DAGs
[2025-05-15T12:11:01.729+0000] {logging_mixin.py:137} INFO - [2025-05-15T12:11:01.729+0000] {dag.py:3427} INFO - Setting next_dagrun for sales_data_pipeline to 2025-05-14T00:00:00+00:00, run_after=2025-05-15T00:00:00+00:00
[2025-05-15T12:11:01.742+0000] {processor.py:175} INFO - Processing /opt/airflow/dags/sales_pipeline.py took 0.079 seconds
[2025-05-15T12:11:31.782+0000] {processor.py:153} INFO - Started process (PID=433) to work on /opt/airflow/dags/sales_pipeline.py
[2025-05-15T12:11:31.782+0000] {processor.py:743} INFO - Processing file /opt/airflow/dags/sales_pipeline.py for tasks to queue
[2025-05-15T12:11:31.783+0000] {logging_mixin.py:137} INFO - [2025-05-15T12:11:31.783+0000] {dagbag.py:538} INFO - Filling up the DagBag from /opt/airflow/dags/sales_pipeline.py
[2025-05-15T12:11:31.796+0000] {processor.py:753} INFO - DAG(s) dict_keys(['sales_data_pipeline']) retrieved from /opt/airflow/dags/sales_pipeline.py
[2025-05-15T12:11:31.825+0000] {logging_mixin.py:137} INFO - [2025-05-15T12:11:31.825+0000] {dag.py:2676} INFO - Sync 1 DAGs
[2025-05-15T12:11:31.847+0000] {logging_mixin.py:137} INFO - [2025-05-15T12:11:31.847+0000] {dag.py:3427} INFO - Setting next_dagrun for sales_data_pipeline to 2025-05-14T00:00:00+00:00, run_after=2025-05-15T00:00:00+00:00
[2025-05-15T12:11:31.863+0000] {processor.py:175} INFO - Processing /opt/airflow/dags/sales_pipeline.py took 0.084 seconds
[2025-05-15T12:12:01.952+0000] {processor.py:153} INFO - Started process (PID=438) to work on /opt/airflow/dags/sales_pipeline.py
[2025-05-15T12:12:01.953+0000] {processor.py:743} INFO - Processing file /opt/airflow/dags/sales_pipeline.py for tasks to queue
[2025-05-15T12:12:01.954+0000] {logging_mixin.py:137} INFO - [2025-05-15T12:12:01.953+0000] {dagbag.py:538} INFO - Filling up the DagBag from /opt/airflow/dags/sales_pipeline.py
[2025-05-15T12:12:01.967+0000] {processor.py:753} INFO - DAG(s) dict_keys(['sales_data_pipeline']) retrieved from /opt/airflow/dags/sales_pipeline.py
[2025-05-15T12:12:01.995+0000] {logging_mixin.py:137} INFO - [2025-05-15T12:12:01.995+0000] {dag.py:2676} INFO - Sync 1 DAGs
[2025-05-15T12:12:02.017+0000] {logging_mixin.py:137} INFO - [2025-05-15T12:12:02.017+0000] {dag.py:3427} INFO - Setting next_dagrun for sales_data_pipeline to 2025-05-14T00:00:00+00:00, run_after=2025-05-15T00:00:00+00:00
[2025-05-15T12:12:02.032+0000] {processor.py:175} INFO - Processing /opt/airflow/dags/sales_pipeline.py took 0.082 seconds
[2025-05-15T12:12:32.066+0000] {processor.py:153} INFO - Started process (PID=443) to work on /opt/airflow/dags/sales_pipeline.py
[2025-05-15T12:12:32.067+0000] {processor.py:743} INFO - Processing file /opt/airflow/dags/sales_pipeline.py for tasks to queue
[2025-05-15T12:12:32.067+0000] {logging_mixin.py:137} INFO - [2025-05-15T12:12:32.067+0000] {dagbag.py:538} INFO - Filling up the DagBag from /opt/airflow/dags/sales_pipeline.py
[2025-05-15T12:12:32.081+0000] {processor.py:753} INFO - DAG(s) dict_keys(['sales_data_pipeline']) retrieved from /opt/airflow/dags/sales_pipeline.py
[2025-05-15T12:12:32.110+0000] {logging_mixin.py:137} INFO - [2025-05-15T12:12:32.109+0000] {dag.py:2676} INFO - Sync 1 DAGs
[2025-05-15T12:12:32.132+0000] {logging_mixin.py:137} INFO - [2025-05-15T12:12:32.132+0000] {dag.py:3427} INFO - Setting next_dagrun for sales_data_pipeline to 2025-05-14T00:00:00+00:00, run_after=2025-05-15T00:00:00+00:00
[2025-05-15T12:12:32.145+0000] {processor.py:175} INFO - Processing /opt/airflow/dags/sales_pipeline.py took 0.082 seconds
[2025-05-15T12:13:02.252+0000] {processor.py:153} INFO - Started process (PID=448) to work on /opt/airflow/dags/sales_pipeline.py
[2025-05-15T12:13:02.253+0000] {processor.py:743} INFO - Processing file /opt/airflow/dags/sales_pipeline.py for tasks to queue
[2025-05-15T12:13:02.254+0000] {logging_mixin.py:137} INFO - [2025-05-15T12:13:02.254+0000] {dagbag.py:538} INFO - Filling up the DagBag from /opt/airflow/dags/sales_pipeline.py
[2025-05-15T12:13:02.267+0000] {processor.py:753} INFO - DAG(s) dict_keys(['sales_data_pipeline']) retrieved from /opt/airflow/dags/sales_pipeline.py
[2025-05-15T12:13:02.301+0000] {logging_mixin.py:137} INFO - [2025-05-15T12:13:02.301+0000] {dag.py:2676} INFO - Sync 1 DAGs
[2025-05-15T12:13:02.322+0000] {logging_mixin.py:137} INFO - [2025-05-15T12:13:02.322+0000] {dag.py:3427} INFO - Setting next_dagrun for sales_data_pipeline to 2025-05-14T00:00:00+00:00, run_after=2025-05-15T00:00:00+00:00
[2025-05-15T12:13:02.339+0000] {processor.py:175} INFO - Processing /opt/airflow/dags/sales_pipeline.py took 0.090 seconds
[2025-05-15T12:13:32.368+0000] {processor.py:153} INFO - Started process (PID=453) to work on /opt/airflow/dags/sales_pipeline.py
[2025-05-15T12:13:32.368+0000] {processor.py:743} INFO - Processing file /opt/airflow/dags/sales_pipeline.py for tasks to queue
[2025-05-15T12:13:32.369+0000] {logging_mixin.py:137} INFO - [2025-05-15T12:13:32.369+0000] {dagbag.py:538} INFO - Filling up the DagBag from /opt/airflow/dags/sales_pipeline.py
[2025-05-15T12:13:32.382+0000] {processor.py:753} INFO - DAG(s) dict_keys(['sales_data_pipeline']) retrieved from /opt/airflow/dags/sales_pipeline.py
[2025-05-15T12:13:32.412+0000] {logging_mixin.py:137} INFO - [2025-05-15T12:13:32.412+0000] {dag.py:2676} INFO - Sync 1 DAGs
[2025-05-15T12:13:32.433+0000] {logging_mixin.py:137} INFO - [2025-05-15T12:13:32.433+0000] {dag.py:3427} INFO - Setting next_dagrun for sales_data_pipeline to 2025-05-14T00:00:00+00:00, run_after=2025-05-15T00:00:00+00:00
[2025-05-15T12:13:32.448+0000] {processor.py:175} INFO - Processing /opt/airflow/dags/sales_pipeline.py took 0.083 seconds
[2025-05-15T12:14:02.548+0000] {processor.py:153} INFO - Started process (PID=458) to work on /opt/airflow/dags/sales_pipeline.py
[2025-05-15T12:14:02.549+0000] {processor.py:743} INFO - Processing file /opt/airflow/dags/sales_pipeline.py for tasks to queue
[2025-05-15T12:14:02.549+0000] {logging_mixin.py:137} INFO - [2025-05-15T12:14:02.549+0000] {dagbag.py:538} INFO - Filling up the DagBag from /opt/airflow/dags/sales_pipeline.py
[2025-05-15T12:14:02.567+0000] {processor.py:753} INFO - DAG(s) dict_keys(['sales_data_pipeline']) retrieved from /opt/airflow/dags/sales_pipeline.py
[2025-05-15T12:14:02.621+0000] {logging_mixin.py:137} INFO - [2025-05-15T12:14:02.621+0000] {dag.py:2676} INFO - Sync 1 DAGs
[2025-05-15T12:14:02.662+0000] {logging_mixin.py:137} INFO - [2025-05-15T12:14:02.662+0000] {dag.py:3427} INFO - Setting next_dagrun for sales_data_pipeline to 2025-05-14T00:00:00+00:00, run_after=2025-05-15T00:00:00+00:00
[2025-05-15T12:14:02.690+0000] {processor.py:175} INFO - Processing /opt/airflow/dags/sales_pipeline.py took 0.145 seconds
[2025-05-15T12:14:32.804+0000] {processor.py:153} INFO - Started process (PID=463) to work on /opt/airflow/dags/sales_pipeline.py
[2025-05-15T12:14:32.805+0000] {processor.py:743} INFO - Processing file /opt/airflow/dags/sales_pipeline.py for tasks to queue
[2025-05-15T12:14:32.806+0000] {logging_mixin.py:137} INFO - [2025-05-15T12:14:32.806+0000] {dagbag.py:538} INFO - Filling up the DagBag from /opt/airflow/dags/sales_pipeline.py
[2025-05-15T12:14:32.819+0000] {processor.py:753} INFO - DAG(s) dict_keys(['sales_data_pipeline']) retrieved from /opt/airflow/dags/sales_pipeline.py
[2025-05-15T12:14:32.849+0000] {logging_mixin.py:137} INFO - [2025-05-15T12:14:32.848+0000] {dag.py:2676} INFO - Sync 1 DAGs
[2025-05-15T12:14:32.869+0000] {logging_mixin.py:137} INFO - [2025-05-15T12:14:32.869+0000] {dag.py:3427} INFO - Setting next_dagrun for sales_data_pipeline to 2025-05-14T00:00:00+00:00, run_after=2025-05-15T00:00:00+00:00
[2025-05-15T12:14:32.886+0000] {processor.py:175} INFO - Processing /opt/airflow/dags/sales_pipeline.py took 0.084 seconds
[2025-05-15T12:15:02.913+0000] {processor.py:153} INFO - Started process (PID=468) to work on /opt/airflow/dags/sales_pipeline.py
[2025-05-15T12:15:02.914+0000] {processor.py:743} INFO - Processing file /opt/airflow/dags/sales_pipeline.py for tasks to queue
[2025-05-15T12:15:02.914+0000] {logging_mixin.py:137} INFO - [2025-05-15T12:15:02.914+0000] {dagbag.py:538} INFO - Filling up the DagBag from /opt/airflow/dags/sales_pipeline.py
[2025-05-15T12:15:02.934+0000] {processor.py:753} INFO - DAG(s) dict_keys(['sales_data_pipeline']) retrieved from /opt/airflow/dags/sales_pipeline.py
[2025-05-15T12:15:02.985+0000] {logging_mixin.py:137} INFO - [2025-05-15T12:15:02.984+0000] {dag.py:2676} INFO - Sync 1 DAGs
[2025-05-15T12:15:03.022+0000] {logging_mixin.py:137} INFO - [2025-05-15T12:15:03.022+0000] {dag.py:3427} INFO - Setting next_dagrun for sales_data_pipeline to 2025-05-14T00:00:00+00:00, run_after=2025-05-15T00:00:00+00:00
[2025-05-15T12:15:03.048+0000] {processor.py:175} INFO - Processing /opt/airflow/dags/sales_pipeline.py took 0.138 seconds
[2025-05-15T12:15:33.093+0000] {processor.py:153} INFO - Started process (PID=473) to work on /opt/airflow/dags/sales_pipeline.py
[2025-05-15T12:15:33.093+0000] {processor.py:743} INFO - Processing file /opt/airflow/dags/sales_pipeline.py for tasks to queue
[2025-05-15T12:15:33.094+0000] {logging_mixin.py:137} INFO - [2025-05-15T12:15:33.094+0000] {dagbag.py:538} INFO - Filling up the DagBag from /opt/airflow/dags/sales_pipeline.py
[2025-05-15T12:15:33.107+0000] {processor.py:753} INFO - DAG(s) dict_keys(['sales_data_pipeline']) retrieved from /opt/airflow/dags/sales_pipeline.py
[2025-05-15T12:15:33.136+0000] {logging_mixin.py:137} INFO - [2025-05-15T12:15:33.135+0000] {dag.py:2676} INFO - Sync 1 DAGs
[2025-05-15T12:15:33.158+0000] {logging_mixin.py:137} INFO - [2025-05-15T12:15:33.158+0000] {dag.py:3427} INFO - Setting next_dagrun for sales_data_pipeline to 2025-05-14T00:00:00+00:00, run_after=2025-05-15T00:00:00+00:00
[2025-05-15T12:15:33.172+0000] {processor.py:175} INFO - Processing /opt/airflow/dags/sales_pipeline.py took 0.082 seconds
[2025-05-15T12:16:03.262+0000] {processor.py:153} INFO - Started process (PID=478) to work on /opt/airflow/dags/sales_pipeline.py
[2025-05-15T12:16:03.263+0000] {processor.py:743} INFO - Processing file /opt/airflow/dags/sales_pipeline.py for tasks to queue
[2025-05-15T12:16:03.264+0000] {logging_mixin.py:137} INFO - [2025-05-15T12:16:03.264+0000] {dagbag.py:538} INFO - Filling up the DagBag from /opt/airflow/dags/sales_pipeline.py
[2025-05-15T12:16:03.277+0000] {processor.py:753} INFO - DAG(s) dict_keys(['sales_data_pipeline']) retrieved from /opt/airflow/dags/sales_pipeline.py
[2025-05-15T12:16:03.310+0000] {logging_mixin.py:137} INFO - [2025-05-15T12:16:03.309+0000] {dag.py:2676} INFO - Sync 1 DAGs
[2025-05-15T12:16:03.337+0000] {logging_mixin.py:137} INFO - [2025-05-15T12:16:03.337+0000] {dag.py:3427} INFO - Setting next_dagrun for sales_data_pipeline to 2025-05-14T00:00:00+00:00, run_after=2025-05-15T00:00:00+00:00
[2025-05-15T12:16:03.352+0000] {processor.py:175} INFO - Processing /opt/airflow/dags/sales_pipeline.py took 0.093 seconds
[2025-05-15T12:16:33.384+0000] {processor.py:153} INFO - Started process (PID=483) to work on /opt/airflow/dags/sales_pipeline.py
[2025-05-15T12:16:33.384+0000] {processor.py:743} INFO - Processing file /opt/airflow/dags/sales_pipeline.py for tasks to queue
[2025-05-15T12:16:33.385+0000] {logging_mixin.py:137} INFO - [2025-05-15T12:16:33.385+0000] {dagbag.py:538} INFO - Filling up the DagBag from /opt/airflow/dags/sales_pipeline.py
[2025-05-15T12:16:33.401+0000] {processor.py:753} INFO - DAG(s) dict_keys(['sales_data_pipeline']) retrieved from /opt/airflow/dags/sales_pipeline.py
[2025-05-15T12:16:33.432+0000] {logging_mixin.py:137} INFO - [2025-05-15T12:16:33.432+0000] {dag.py:2676} INFO - Sync 1 DAGs
[2025-05-15T12:16:33.455+0000] {logging_mixin.py:137} INFO - [2025-05-15T12:16:33.454+0000] {dag.py:3427} INFO - Setting next_dagrun for sales_data_pipeline to 2025-05-14T00:00:00+00:00, run_after=2025-05-15T00:00:00+00:00
[2025-05-15T12:16:33.469+0000] {processor.py:175} INFO - Processing /opt/airflow/dags/sales_pipeline.py took 0.089 seconds
[2025-05-15T12:17:03.561+0000] {processor.py:153} INFO - Started process (PID=488) to work on /opt/airflow/dags/sales_pipeline.py
[2025-05-15T12:17:03.561+0000] {processor.py:743} INFO - Processing file /opt/airflow/dags/sales_pipeline.py for tasks to queue
[2025-05-15T12:17:03.562+0000] {logging_mixin.py:137} INFO - [2025-05-15T12:17:03.562+0000] {dagbag.py:538} INFO - Filling up the DagBag from /opt/airflow/dags/sales_pipeline.py
[2025-05-15T12:17:03.575+0000] {processor.py:753} INFO - DAG(s) dict_keys(['sales_data_pipeline']) retrieved from /opt/airflow/dags/sales_pipeline.py
[2025-05-15T12:17:03.605+0000] {logging_mixin.py:137} INFO - [2025-05-15T12:17:03.605+0000] {dag.py:2676} INFO - Sync 1 DAGs
[2025-05-15T12:17:03.626+0000] {logging_mixin.py:137} INFO - [2025-05-15T12:17:03.626+0000] {dag.py:3427} INFO - Setting next_dagrun for sales_data_pipeline to 2025-05-14T00:00:00+00:00, run_after=2025-05-15T00:00:00+00:00
[2025-05-15T12:17:03.643+0000] {processor.py:175} INFO - Processing /opt/airflow/dags/sales_pipeline.py took 0.084 seconds
[2025-05-15T12:17:33.682+0000] {processor.py:153} INFO - Started process (PID=493) to work on /opt/airflow/dags/sales_pipeline.py
[2025-05-15T12:17:33.683+0000] {processor.py:743} INFO - Processing file /opt/airflow/dags/sales_pipeline.py for tasks to queue
[2025-05-15T12:17:33.684+0000] {logging_mixin.py:137} INFO - [2025-05-15T12:17:33.683+0000] {dagbag.py:538} INFO - Filling up the DagBag from /opt/airflow/dags/sales_pipeline.py
[2025-05-15T12:17:33.697+0000] {processor.py:753} INFO - DAG(s) dict_keys(['sales_data_pipeline']) retrieved from /opt/airflow/dags/sales_pipeline.py
[2025-05-15T12:17:33.727+0000] {logging_mixin.py:137} INFO - [2025-05-15T12:17:33.727+0000] {dag.py:2676} INFO - Sync 1 DAGs
[2025-05-15T12:17:33.750+0000] {logging_mixin.py:137} INFO - [2025-05-15T12:17:33.749+0000] {dag.py:3427} INFO - Setting next_dagrun for sales_data_pipeline to 2025-05-14T00:00:00+00:00, run_after=2025-05-15T00:00:00+00:00
[2025-05-15T12:17:33.768+0000] {processor.py:175} INFO - Processing /opt/airflow/dags/sales_pipeline.py took 0.089 seconds
[2025-05-15T12:18:03.872+0000] {processor.py:153} INFO - Started process (PID=498) to work on /opt/airflow/dags/sales_pipeline.py
[2025-05-15T12:18:03.873+0000] {processor.py:743} INFO - Processing file /opt/airflow/dags/sales_pipeline.py for tasks to queue
[2025-05-15T12:18:03.873+0000] {logging_mixin.py:137} INFO - [2025-05-15T12:18:03.873+0000] {dagbag.py:538} INFO - Filling up the DagBag from /opt/airflow/dags/sales_pipeline.py
[2025-05-15T12:18:03.886+0000] {processor.py:753} INFO - DAG(s) dict_keys(['sales_data_pipeline']) retrieved from /opt/airflow/dags/sales_pipeline.py
[2025-05-15T12:18:03.915+0000] {logging_mixin.py:137} INFO - [2025-05-15T12:18:03.915+0000] {dag.py:2676} INFO - Sync 1 DAGs
[2025-05-15T12:18:03.935+0000] {logging_mixin.py:137} INFO - [2025-05-15T12:18:03.935+0000] {dag.py:3427} INFO - Setting next_dagrun for sales_data_pipeline to 2025-05-14T00:00:00+00:00, run_after=2025-05-15T00:00:00+00:00
[2025-05-15T12:18:03.950+0000] {processor.py:175} INFO - Processing /opt/airflow/dags/sales_pipeline.py took 0.081 seconds
[2025-05-15T12:18:33.984+0000] {processor.py:153} INFO - Started process (PID=503) to work on /opt/airflow/dags/sales_pipeline.py
[2025-05-15T12:18:33.985+0000] {processor.py:743} INFO - Processing file /opt/airflow/dags/sales_pipeline.py for tasks to queue
[2025-05-15T12:18:33.986+0000] {logging_mixin.py:137} INFO - [2025-05-15T12:18:33.985+0000] {dagbag.py:538} INFO - Filling up the DagBag from /opt/airflow/dags/sales_pipeline.py
[2025-05-15T12:18:33.999+0000] {processor.py:753} INFO - DAG(s) dict_keys(['sales_data_pipeline']) retrieved from /opt/airflow/dags/sales_pipeline.py
[2025-05-15T12:18:34.030+0000] {logging_mixin.py:137} INFO - [2025-05-15T12:18:34.030+0000] {dag.py:2676} INFO - Sync 1 DAGs
[2025-05-15T12:18:34.066+0000] {logging_mixin.py:137} INFO - [2025-05-15T12:18:34.066+0000] {dag.py:3427} INFO - Setting next_dagrun for sales_data_pipeline to 2025-05-14T00:00:00+00:00, run_after=2025-05-15T00:00:00+00:00
[2025-05-15T12:18:34.087+0000] {processor.py:175} INFO - Processing /opt/airflow/dags/sales_pipeline.py took 0.105 seconds
[2025-05-15T12:19:04.178+0000] {processor.py:153} INFO - Started process (PID=508) to work on /opt/airflow/dags/sales_pipeline.py
[2025-05-15T12:19:04.179+0000] {processor.py:743} INFO - Processing file /opt/airflow/dags/sales_pipeline.py for tasks to queue
[2025-05-15T12:19:04.179+0000] {logging_mixin.py:137} INFO - [2025-05-15T12:19:04.179+0000] {dagbag.py:538} INFO - Filling up the DagBag from /opt/airflow/dags/sales_pipeline.py
[2025-05-15T12:19:04.192+0000] {processor.py:753} INFO - DAG(s) dict_keys(['sales_data_pipeline']) retrieved from /opt/airflow/dags/sales_pipeline.py
[2025-05-15T12:19:04.222+0000] {logging_mixin.py:137} INFO - [2025-05-15T12:19:04.221+0000] {dag.py:2676} INFO - Sync 1 DAGs
[2025-05-15T12:19:04.243+0000] {logging_mixin.py:137} INFO - [2025-05-15T12:19:04.243+0000] {dag.py:3427} INFO - Setting next_dagrun for sales_data_pipeline to 2025-05-14T00:00:00+00:00, run_after=2025-05-15T00:00:00+00:00
[2025-05-15T12:19:04.258+0000] {processor.py:175} INFO - Processing /opt/airflow/dags/sales_pipeline.py took 0.084 seconds
[2025-05-15T12:19:34.297+0000] {processor.py:153} INFO - Started process (PID=513) to work on /opt/airflow/dags/sales_pipeline.py
[2025-05-15T12:19:34.297+0000] {processor.py:743} INFO - Processing file /opt/airflow/dags/sales_pipeline.py for tasks to queue
[2025-05-15T12:19:34.298+0000] {logging_mixin.py:137} INFO - [2025-05-15T12:19:34.298+0000] {dagbag.py:538} INFO - Filling up the DagBag from /opt/airflow/dags/sales_pipeline.py
[2025-05-15T12:19:34.311+0000] {processor.py:753} INFO - DAG(s) dict_keys(['sales_data_pipeline']) retrieved from /opt/airflow/dags/sales_pipeline.py
[2025-05-15T12:19:34.342+0000] {logging_mixin.py:137} INFO - [2025-05-15T12:19:34.341+0000] {dag.py:2676} INFO - Sync 1 DAGs
[2025-05-15T12:19:34.364+0000] {logging_mixin.py:137} INFO - [2025-05-15T12:19:34.363+0000] {dag.py:3427} INFO - Setting next_dagrun for sales_data_pipeline to 2025-05-14T00:00:00+00:00, run_after=2025-05-15T00:00:00+00:00
[2025-05-15T12:19:34.380+0000] {processor.py:175} INFO - Processing /opt/airflow/dags/sales_pipeline.py took 0.086 seconds
[2025-05-15T12:21:53.198+0000] {processor.py:153} INFO - Started process (PID=163) to work on /opt/airflow/dags/sales_pipeline.py
[2025-05-15T12:21:53.203+0000] {processor.py:743} INFO - Processing file /opt/airflow/dags/sales_pipeline.py for tasks to queue
[2025-05-15T12:21:53.204+0000] {logging_mixin.py:137} INFO - [2025-05-15T12:21:53.204+0000] {dagbag.py:538} INFO - Filling up the DagBag from /opt/airflow/dags/sales_pipeline.py
[2025-05-15T12:21:53.359+0000] {processor.py:753} INFO - DAG(s) dict_keys(['sales_data_pipeline']) retrieved from /opt/airflow/dags/sales_pipeline.py
[2025-05-15T12:21:53.528+0000] {logging_mixin.py:137} INFO - [2025-05-15T12:21:53.527+0000] {dag.py:2676} INFO - Sync 1 DAGs
[2025-05-15T12:21:53.643+0000] {logging_mixin.py:137} INFO - [2025-05-15T12:21:53.643+0000] {dag.py:3427} INFO - Setting next_dagrun for sales_data_pipeline to 2025-05-14T00:00:00+00:00, run_after=2025-05-15T00:00:00+00:00
[2025-05-15T12:21:53.694+0000] {processor.py:175} INFO - Processing /opt/airflow/dags/sales_pipeline.py took 0.514 seconds
[2025-05-15T12:22:23.884+0000] {processor.py:153} INFO - Started process (PID=169) to work on /opt/airflow/dags/sales_pipeline.py
[2025-05-15T12:22:23.885+0000] {processor.py:743} INFO - Processing file /opt/airflow/dags/sales_pipeline.py for tasks to queue
[2025-05-15T12:22:23.885+0000] {logging_mixin.py:137} INFO - [2025-05-15T12:22:23.885+0000] {dagbag.py:538} INFO - Filling up the DagBag from /opt/airflow/dags/sales_pipeline.py
[2025-05-15T12:22:23.900+0000] {processor.py:753} INFO - DAG(s) dict_keys(['sales_data_pipeline']) retrieved from /opt/airflow/dags/sales_pipeline.py
[2025-05-15T12:22:23.929+0000] {logging_mixin.py:137} INFO - [2025-05-15T12:22:23.929+0000] {dag.py:2676} INFO - Sync 1 DAGs
[2025-05-15T12:22:23.961+0000] {logging_mixin.py:137} INFO - [2025-05-15T12:22:23.961+0000] {dag.py:3427} INFO - Setting next_dagrun for sales_data_pipeline to 2025-05-14T00:00:00+00:00, run_after=2025-05-15T00:00:00+00:00
[2025-05-15T12:22:23.979+0000] {processor.py:175} INFO - Processing /opt/airflow/dags/sales_pipeline.py took 0.097 seconds
[2025-05-15T12:22:54.022+0000] {processor.py:153} INFO - Started process (PID=174) to work on /opt/airflow/dags/sales_pipeline.py
[2025-05-15T12:22:54.025+0000] {processor.py:743} INFO - Processing file /opt/airflow/dags/sales_pipeline.py for tasks to queue
[2025-05-15T12:22:54.026+0000] {logging_mixin.py:137} INFO - [2025-05-15T12:22:54.025+0000] {dagbag.py:538} INFO - Filling up the DagBag from /opt/airflow/dags/sales_pipeline.py
[2025-05-15T12:22:54.081+0000] {processor.py:753} INFO - DAG(s) dict_keys(['sales_data_pipeline']) retrieved from /opt/airflow/dags/sales_pipeline.py
[2025-05-15T12:22:54.191+0000] {logging_mixin.py:137} INFO - [2025-05-15T12:22:54.190+0000] {dag.py:2676} INFO - Sync 1 DAGs
[2025-05-15T12:22:54.227+0000] {logging_mixin.py:137} INFO - [2025-05-15T12:22:54.227+0000] {dag.py:3427} INFO - Setting next_dagrun for sales_data_pipeline to 2025-05-14T00:00:00+00:00, run_after=2025-05-15T00:00:00+00:00
[2025-05-15T12:22:54.257+0000] {processor.py:175} INFO - Processing /opt/airflow/dags/sales_pipeline.py took 0.244 seconds
[2025-05-15T12:23:24.397+0000] {processor.py:153} INFO - Started process (PID=179) to work on /opt/airflow/dags/sales_pipeline.py
[2025-05-15T12:23:24.398+0000] {processor.py:743} INFO - Processing file /opt/airflow/dags/sales_pipeline.py for tasks to queue
[2025-05-15T12:23:24.399+0000] {logging_mixin.py:137} INFO - [2025-05-15T12:23:24.398+0000] {dagbag.py:538} INFO - Filling up the DagBag from /opt/airflow/dags/sales_pipeline.py
[2025-05-15T12:23:24.424+0000] {processor.py:753} INFO - DAG(s) dict_keys(['sales_data_pipeline']) retrieved from /opt/airflow/dags/sales_pipeline.py
[2025-05-15T12:23:24.536+0000] {logging_mixin.py:137} INFO - [2025-05-15T12:23:24.535+0000] {dag.py:2676} INFO - Sync 1 DAGs
[2025-05-15T12:23:24.605+0000] {logging_mixin.py:137} INFO - [2025-05-15T12:23:24.604+0000] {dag.py:3427} INFO - Setting next_dagrun for sales_data_pipeline to 2025-05-14T00:00:00+00:00, run_after=2025-05-15T00:00:00+00:00
[2025-05-15T12:23:24.632+0000] {processor.py:175} INFO - Processing /opt/airflow/dags/sales_pipeline.py took 0.238 seconds
[2025-05-15T12:23:54.756+0000] {processor.py:153} INFO - Started process (PID=184) to work on /opt/airflow/dags/sales_pipeline.py
[2025-05-15T12:23:54.756+0000] {processor.py:743} INFO - Processing file /opt/airflow/dags/sales_pipeline.py for tasks to queue
[2025-05-15T12:23:54.757+0000] {logging_mixin.py:137} INFO - [2025-05-15T12:23:54.757+0000] {dagbag.py:538} INFO - Filling up the DagBag from /opt/airflow/dags/sales_pipeline.py
[2025-05-15T12:23:54.770+0000] {processor.py:753} INFO - DAG(s) dict_keys(['sales_data_pipeline']) retrieved from /opt/airflow/dags/sales_pipeline.py
[2025-05-15T12:23:54.799+0000] {logging_mixin.py:137} INFO - [2025-05-15T12:23:54.799+0000] {dag.py:2676} INFO - Sync 1 DAGs
[2025-05-15T12:23:54.820+0000] {logging_mixin.py:137} INFO - [2025-05-15T12:23:54.819+0000] {dag.py:3427} INFO - Setting next_dagrun for sales_data_pipeline to 2025-05-14T00:00:00+00:00, run_after=2025-05-15T00:00:00+00:00
[2025-05-15T12:23:54.834+0000] {processor.py:175} INFO - Processing /opt/airflow/dags/sales_pipeline.py took 0.081 seconds
[2025-05-15T12:24:24.867+0000] {processor.py:153} INFO - Started process (PID=189) to work on /opt/airflow/dags/sales_pipeline.py
[2025-05-15T12:24:24.867+0000] {processor.py:743} INFO - Processing file /opt/airflow/dags/sales_pipeline.py for tasks to queue
[2025-05-15T12:24:24.868+0000] {logging_mixin.py:137} INFO - [2025-05-15T12:24:24.868+0000] {dagbag.py:538} INFO - Filling up the DagBag from /opt/airflow/dags/sales_pipeline.py
[2025-05-15T12:24:24.881+0000] {processor.py:753} INFO - DAG(s) dict_keys(['sales_data_pipeline']) retrieved from /opt/airflow/dags/sales_pipeline.py
[2025-05-15T12:24:24.910+0000] {logging_mixin.py:137} INFO - [2025-05-15T12:24:24.910+0000] {dag.py:2676} INFO - Sync 1 DAGs
[2025-05-15T12:24:24.931+0000] {logging_mixin.py:137} INFO - [2025-05-15T12:24:24.931+0000] {dag.py:3427} INFO - Setting next_dagrun for sales_data_pipeline to 2025-05-14T00:00:00+00:00, run_after=2025-05-15T00:00:00+00:00
[2025-05-15T12:24:24.946+0000] {processor.py:175} INFO - Processing /opt/airflow/dags/sales_pipeline.py took 0.081 seconds
[2025-05-15T12:24:55.050+0000] {processor.py:153} INFO - Started process (PID=194) to work on /opt/airflow/dags/sales_pipeline.py
[2025-05-15T12:24:55.050+0000] {processor.py:743} INFO - Processing file /opt/airflow/dags/sales_pipeline.py for tasks to queue
[2025-05-15T12:24:55.051+0000] {logging_mixin.py:137} INFO - [2025-05-15T12:24:55.051+0000] {dagbag.py:538} INFO - Filling up the DagBag from /opt/airflow/dags/sales_pipeline.py
[2025-05-15T12:24:55.064+0000] {processor.py:753} INFO - DAG(s) dict_keys(['sales_data_pipeline']) retrieved from /opt/airflow/dags/sales_pipeline.py
[2025-05-15T12:24:55.092+0000] {logging_mixin.py:137} INFO - [2025-05-15T12:24:55.092+0000] {dag.py:2676} INFO - Sync 1 DAGs
[2025-05-15T12:24:55.112+0000] {logging_mixin.py:137} INFO - [2025-05-15T12:24:55.112+0000] {dag.py:3427} INFO - Setting next_dagrun for sales_data_pipeline to 2025-05-14T00:00:00+00:00, run_after=2025-05-15T00:00:00+00:00
[2025-05-15T12:24:55.127+0000] {processor.py:175} INFO - Processing /opt/airflow/dags/sales_pipeline.py took 0.080 seconds
[2025-05-15T12:25:25.168+0000] {processor.py:153} INFO - Started process (PID=205) to work on /opt/airflow/dags/sales_pipeline.py
[2025-05-15T12:25:25.169+0000] {processor.py:743} INFO - Processing file /opt/airflow/dags/sales_pipeline.py for tasks to queue
[2025-05-15T12:25:25.170+0000] {logging_mixin.py:137} INFO - [2025-05-15T12:25:25.169+0000] {dagbag.py:538} INFO - Filling up the DagBag from /opt/airflow/dags/sales_pipeline.py
[2025-05-15T12:25:25.183+0000] {processor.py:753} INFO - DAG(s) dict_keys(['sales_data_pipeline']) retrieved from /opt/airflow/dags/sales_pipeline.py
[2025-05-15T12:25:25.211+0000] {logging_mixin.py:137} INFO - [2025-05-15T12:25:25.211+0000] {dag.py:2676} INFO - Sync 1 DAGs
[2025-05-15T12:25:25.233+0000] {logging_mixin.py:137} INFO - [2025-05-15T12:25:25.233+0000] {dag.py:3427} INFO - Setting next_dagrun for sales_data_pipeline to 2025-05-15T00:00:00+00:00, run_after=2025-05-16T00:00:00+00:00
[2025-05-15T12:25:25.249+0000] {processor.py:175} INFO - Processing /opt/airflow/dags/sales_pipeline.py took 0.082 seconds
[2025-05-15T12:25:55.356+0000] {processor.py:153} INFO - Started process (PID=210) to work on /opt/airflow/dags/sales_pipeline.py
[2025-05-15T12:25:55.357+0000] {processor.py:743} INFO - Processing file /opt/airflow/dags/sales_pipeline.py for tasks to queue
[2025-05-15T12:25:55.357+0000] {logging_mixin.py:137} INFO - [2025-05-15T12:25:55.357+0000] {dagbag.py:538} INFO - Filling up the DagBag from /opt/airflow/dags/sales_pipeline.py
[2025-05-15T12:25:55.370+0000] {processor.py:753} INFO - DAG(s) dict_keys(['sales_data_pipeline']) retrieved from /opt/airflow/dags/sales_pipeline.py
[2025-05-15T12:25:55.398+0000] {logging_mixin.py:137} INFO - [2025-05-15T12:25:55.398+0000] {dag.py:2676} INFO - Sync 1 DAGs
[2025-05-15T12:25:55.419+0000] {logging_mixin.py:137} INFO - [2025-05-15T12:25:55.419+0000] {dag.py:3427} INFO - Setting next_dagrun for sales_data_pipeline to 2025-05-15T00:00:00+00:00, run_after=2025-05-16T00:00:00+00:00
[2025-05-15T12:25:55.433+0000] {processor.py:175} INFO - Processing /opt/airflow/dags/sales_pipeline.py took 0.080 seconds
[2025-05-15T12:26:25.481+0000] {processor.py:153} INFO - Started process (PID=215) to work on /opt/airflow/dags/sales_pipeline.py
[2025-05-15T12:26:25.482+0000] {processor.py:743} INFO - Processing file /opt/airflow/dags/sales_pipeline.py for tasks to queue
[2025-05-15T12:26:25.483+0000] {logging_mixin.py:137} INFO - [2025-05-15T12:26:25.483+0000] {dagbag.py:538} INFO - Filling up the DagBag from /opt/airflow/dags/sales_pipeline.py
[2025-05-15T12:26:25.501+0000] {processor.py:753} INFO - DAG(s) dict_keys(['sales_data_pipeline']) retrieved from /opt/airflow/dags/sales_pipeline.py
[2025-05-15T12:26:25.541+0000] {logging_mixin.py:137} INFO - [2025-05-15T12:26:25.541+0000] {dag.py:2676} INFO - Sync 1 DAGs
[2025-05-15T12:26:25.575+0000] {logging_mixin.py:137} INFO - [2025-05-15T12:26:25.575+0000] {dag.py:3427} INFO - Setting next_dagrun for sales_data_pipeline to 2025-05-15T00:00:00+00:00, run_after=2025-05-16T00:00:00+00:00
[2025-05-15T12:26:25.596+0000] {processor.py:175} INFO - Processing /opt/airflow/dags/sales_pipeline.py took 0.118 seconds
[2025-05-15T12:26:55.670+0000] {processor.py:153} INFO - Started process (PID=220) to work on /opt/airflow/dags/sales_pipeline.py
[2025-05-15T12:26:55.671+0000] {processor.py:743} INFO - Processing file /opt/airflow/dags/sales_pipeline.py for tasks to queue
[2025-05-15T12:26:55.671+0000] {logging_mixin.py:137} INFO - [2025-05-15T12:26:55.671+0000] {dagbag.py:538} INFO - Filling up the DagBag from /opt/airflow/dags/sales_pipeline.py
[2025-05-15T12:26:55.684+0000] {processor.py:753} INFO - DAG(s) dict_keys(['sales_data_pipeline']) retrieved from /opt/airflow/dags/sales_pipeline.py
[2025-05-15T12:26:55.721+0000] {logging_mixin.py:137} INFO - [2025-05-15T12:26:55.721+0000] {dag.py:2676} INFO - Sync 1 DAGs
[2025-05-15T12:26:55.748+0000] {logging_mixin.py:137} INFO - [2025-05-15T12:26:55.748+0000] {dag.py:3427} INFO - Setting next_dagrun for sales_data_pipeline to 2025-05-15T00:00:00+00:00, run_after=2025-05-16T00:00:00+00:00
[2025-05-15T12:26:55.762+0000] {processor.py:175} INFO - Processing /opt/airflow/dags/sales_pipeline.py took 0.094 seconds
[2025-05-15T12:27:25.803+0000] {processor.py:153} INFO - Started process (PID=225) to work on /opt/airflow/dags/sales_pipeline.py
[2025-05-15T12:27:25.804+0000] {processor.py:743} INFO - Processing file /opt/airflow/dags/sales_pipeline.py for tasks to queue
[2025-05-15T12:27:25.804+0000] {logging_mixin.py:137} INFO - [2025-05-15T12:27:25.804+0000] {dagbag.py:538} INFO - Filling up the DagBag from /opt/airflow/dags/sales_pipeline.py
[2025-05-15T12:27:25.817+0000] {processor.py:753} INFO - DAG(s) dict_keys(['sales_data_pipeline']) retrieved from /opt/airflow/dags/sales_pipeline.py
[2025-05-15T12:27:25.847+0000] {logging_mixin.py:137} INFO - [2025-05-15T12:27:25.847+0000] {dag.py:2676} INFO - Sync 1 DAGs
[2025-05-15T12:27:25.869+0000] {logging_mixin.py:137} INFO - [2025-05-15T12:27:25.869+0000] {dag.py:3427} INFO - Setting next_dagrun for sales_data_pipeline to 2025-05-15T00:00:00+00:00, run_after=2025-05-16T00:00:00+00:00
[2025-05-15T12:27:25.884+0000] {processor.py:175} INFO - Processing /opt/airflow/dags/sales_pipeline.py took 0.084 seconds
[2025-05-15T12:27:55.976+0000] {processor.py:153} INFO - Started process (PID=230) to work on /opt/airflow/dags/sales_pipeline.py
[2025-05-15T12:27:55.977+0000] {processor.py:743} INFO - Processing file /opt/airflow/dags/sales_pipeline.py for tasks to queue
[2025-05-15T12:27:55.977+0000] {logging_mixin.py:137} INFO - [2025-05-15T12:27:55.977+0000] {dagbag.py:538} INFO - Filling up the DagBag from /opt/airflow/dags/sales_pipeline.py
[2025-05-15T12:27:55.990+0000] {processor.py:753} INFO - DAG(s) dict_keys(['sales_data_pipeline']) retrieved from /opt/airflow/dags/sales_pipeline.py
[2025-05-15T12:27:56.020+0000] {logging_mixin.py:137} INFO - [2025-05-15T12:27:56.020+0000] {dag.py:2676} INFO - Sync 1 DAGs
[2025-05-15T12:27:56.040+0000] {logging_mixin.py:137} INFO - [2025-05-15T12:27:56.040+0000] {dag.py:3427} INFO - Setting next_dagrun for sales_data_pipeline to 2025-05-15T00:00:00+00:00, run_after=2025-05-16T00:00:00+00:00
[2025-05-15T12:27:56.062+0000] {processor.py:175} INFO - Processing /opt/airflow/dags/sales_pipeline.py took 0.089 seconds
[2025-05-15T12:28:26.099+0000] {processor.py:153} INFO - Started process (PID=235) to work on /opt/airflow/dags/sales_pipeline.py
[2025-05-15T12:28:26.099+0000] {processor.py:743} INFO - Processing file /opt/airflow/dags/sales_pipeline.py for tasks to queue
[2025-05-15T12:28:26.100+0000] {logging_mixin.py:137} INFO - [2025-05-15T12:28:26.100+0000] {dagbag.py:538} INFO - Filling up the DagBag from /opt/airflow/dags/sales_pipeline.py
[2025-05-15T12:28:26.113+0000] {processor.py:753} INFO - DAG(s) dict_keys(['sales_data_pipeline']) retrieved from /opt/airflow/dags/sales_pipeline.py
[2025-05-15T12:28:26.143+0000] {logging_mixin.py:137} INFO - [2025-05-15T12:28:26.143+0000] {dag.py:2676} INFO - Sync 1 DAGs
[2025-05-15T12:28:26.166+0000] {logging_mixin.py:137} INFO - [2025-05-15T12:28:26.166+0000] {dag.py:3427} INFO - Setting next_dagrun for sales_data_pipeline to 2025-05-15T00:00:00+00:00, run_after=2025-05-16T00:00:00+00:00
[2025-05-15T12:28:26.182+0000] {processor.py:175} INFO - Processing /opt/airflow/dags/sales_pipeline.py took 0.086 seconds
[2025-05-15T12:28:56.284+0000] {processor.py:153} INFO - Started process (PID=240) to work on /opt/airflow/dags/sales_pipeline.py
[2025-05-15T12:28:56.284+0000] {processor.py:743} INFO - Processing file /opt/airflow/dags/sales_pipeline.py for tasks to queue
[2025-05-15T12:28:56.285+0000] {logging_mixin.py:137} INFO - [2025-05-15T12:28:56.285+0000] {dagbag.py:538} INFO - Filling up the DagBag from /opt/airflow/dags/sales_pipeline.py
[2025-05-15T12:28:56.298+0000] {processor.py:753} INFO - DAG(s) dict_keys(['sales_data_pipeline']) retrieved from /opt/airflow/dags/sales_pipeline.py
[2025-05-15T12:28:56.327+0000] {logging_mixin.py:137} INFO - [2025-05-15T12:28:56.327+0000] {dag.py:2676} INFO - Sync 1 DAGs
[2025-05-15T12:28:56.351+0000] {logging_mixin.py:137} INFO - [2025-05-15T12:28:56.351+0000] {dag.py:3427} INFO - Setting next_dagrun for sales_data_pipeline to 2025-05-15T00:00:00+00:00, run_after=2025-05-16T00:00:00+00:00
[2025-05-15T12:28:56.368+0000] {processor.py:175} INFO - Processing /opt/airflow/dags/sales_pipeline.py took 0.087 seconds
[2025-05-15T12:29:26.400+0000] {processor.py:153} INFO - Started process (PID=245) to work on /opt/airflow/dags/sales_pipeline.py
[2025-05-15T12:29:26.400+0000] {processor.py:743} INFO - Processing file /opt/airflow/dags/sales_pipeline.py for tasks to queue
[2025-05-15T12:29:26.401+0000] {logging_mixin.py:137} INFO - [2025-05-15T12:29:26.400+0000] {dagbag.py:538} INFO - Filling up the DagBag from /opt/airflow/dags/sales_pipeline.py
[2025-05-15T12:29:26.414+0000] {processor.py:753} INFO - DAG(s) dict_keys(['sales_data_pipeline']) retrieved from /opt/airflow/dags/sales_pipeline.py
[2025-05-15T12:29:26.443+0000] {logging_mixin.py:137} INFO - [2025-05-15T12:29:26.442+0000] {dag.py:2676} INFO - Sync 1 DAGs
[2025-05-15T12:29:26.465+0000] {logging_mixin.py:137} INFO - [2025-05-15T12:29:26.465+0000] {dag.py:3427} INFO - Setting next_dagrun for sales_data_pipeline to 2025-05-15T00:00:00+00:00, run_after=2025-05-16T00:00:00+00:00
[2025-05-15T12:29:26.480+0000] {processor.py:175} INFO - Processing /opt/airflow/dags/sales_pipeline.py took 0.083 seconds
[2025-05-15T12:29:56.585+0000] {processor.py:153} INFO - Started process (PID=250) to work on /opt/airflow/dags/sales_pipeline.py
[2025-05-15T12:29:56.585+0000] {processor.py:743} INFO - Processing file /opt/airflow/dags/sales_pipeline.py for tasks to queue
[2025-05-15T12:29:56.586+0000] {logging_mixin.py:137} INFO - [2025-05-15T12:29:56.586+0000] {dagbag.py:538} INFO - Filling up the DagBag from /opt/airflow/dags/sales_pipeline.py
[2025-05-15T12:29:56.598+0000] {processor.py:753} INFO - DAG(s) dict_keys(['sales_data_pipeline']) retrieved from /opt/airflow/dags/sales_pipeline.py
[2025-05-15T12:29:56.626+0000] {logging_mixin.py:137} INFO - [2025-05-15T12:29:56.626+0000] {dag.py:2676} INFO - Sync 1 DAGs
[2025-05-15T12:29:56.647+0000] {logging_mixin.py:137} INFO - [2025-05-15T12:29:56.647+0000] {dag.py:3427} INFO - Setting next_dagrun for sales_data_pipeline to 2025-05-15T00:00:00+00:00, run_after=2025-05-16T00:00:00+00:00
[2025-05-15T12:29:56.662+0000] {processor.py:175} INFO - Processing /opt/airflow/dags/sales_pipeline.py took 0.080 seconds
[2025-05-15T12:30:26.700+0000] {processor.py:153} INFO - Started process (PID=255) to work on /opt/airflow/dags/sales_pipeline.py
[2025-05-15T12:30:26.700+0000] {processor.py:743} INFO - Processing file /opt/airflow/dags/sales_pipeline.py for tasks to queue
[2025-05-15T12:30:26.701+0000] {logging_mixin.py:137} INFO - [2025-05-15T12:30:26.701+0000] {dagbag.py:538} INFO - Filling up the DagBag from /opt/airflow/dags/sales_pipeline.py
[2025-05-15T12:30:26.714+0000] {processor.py:753} INFO - DAG(s) dict_keys(['sales_data_pipeline']) retrieved from /opt/airflow/dags/sales_pipeline.py
[2025-05-15T12:30:26.743+0000] {logging_mixin.py:137} INFO - [2025-05-15T12:30:26.743+0000] {dag.py:2676} INFO - Sync 1 DAGs
[2025-05-15T12:30:26.764+0000] {logging_mixin.py:137} INFO - [2025-05-15T12:30:26.764+0000] {dag.py:3427} INFO - Setting next_dagrun for sales_data_pipeline to 2025-05-15T00:00:00+00:00, run_after=2025-05-16T00:00:00+00:00
[2025-05-15T12:30:26.779+0000] {processor.py:175} INFO - Processing /opt/airflow/dags/sales_pipeline.py took 0.081 seconds
[2025-05-15T12:30:56.882+0000] {processor.py:153} INFO - Started process (PID=260) to work on /opt/airflow/dags/sales_pipeline.py
[2025-05-15T12:30:56.883+0000] {processor.py:743} INFO - Processing file /opt/airflow/dags/sales_pipeline.py for tasks to queue
[2025-05-15T12:30:56.883+0000] {logging_mixin.py:137} INFO - [2025-05-15T12:30:56.883+0000] {dagbag.py:538} INFO - Filling up the DagBag from /opt/airflow/dags/sales_pipeline.py
[2025-05-15T12:30:56.896+0000] {processor.py:753} INFO - DAG(s) dict_keys(['sales_data_pipeline']) retrieved from /opt/airflow/dags/sales_pipeline.py
[2025-05-15T12:30:56.926+0000] {logging_mixin.py:137} INFO - [2025-05-15T12:30:56.926+0000] {dag.py:2676} INFO - Sync 1 DAGs
[2025-05-15T12:30:56.947+0000] {logging_mixin.py:137} INFO - [2025-05-15T12:30:56.946+0000] {dag.py:3427} INFO - Setting next_dagrun for sales_data_pipeline to 2025-05-15T00:00:00+00:00, run_after=2025-05-16T00:00:00+00:00
[2025-05-15T12:30:56.961+0000] {processor.py:175} INFO - Processing /opt/airflow/dags/sales_pipeline.py took 0.082 seconds
[2025-05-15T12:31:26.997+0000] {processor.py:153} INFO - Started process (PID=265) to work on /opt/airflow/dags/sales_pipeline.py
[2025-05-15T12:31:26.997+0000] {processor.py:743} INFO - Processing file /opt/airflow/dags/sales_pipeline.py for tasks to queue
[2025-05-15T12:31:26.998+0000] {logging_mixin.py:137} INFO - [2025-05-15T12:31:26.998+0000] {dagbag.py:538} INFO - Filling up the DagBag from /opt/airflow/dags/sales_pipeline.py
[2025-05-15T12:31:27.011+0000] {processor.py:753} INFO - DAG(s) dict_keys(['sales_data_pipeline']) retrieved from /opt/airflow/dags/sales_pipeline.py
[2025-05-15T12:31:27.040+0000] {logging_mixin.py:137} INFO - [2025-05-15T12:31:27.040+0000] {dag.py:2676} INFO - Sync 1 DAGs
[2025-05-15T12:31:27.062+0000] {logging_mixin.py:137} INFO - [2025-05-15T12:31:27.062+0000] {dag.py:3427} INFO - Setting next_dagrun for sales_data_pipeline to 2025-05-15T00:00:00+00:00, run_after=2025-05-16T00:00:00+00:00
[2025-05-15T12:31:27.078+0000] {processor.py:175} INFO - Processing /opt/airflow/dags/sales_pipeline.py took 0.084 seconds
[2025-05-15T12:31:57.174+0000] {processor.py:153} INFO - Started process (PID=270) to work on /opt/airflow/dags/sales_pipeline.py
[2025-05-15T12:31:57.175+0000] {processor.py:743} INFO - Processing file /opt/airflow/dags/sales_pipeline.py for tasks to queue
[2025-05-15T12:31:57.176+0000] {logging_mixin.py:137} INFO - [2025-05-15T12:31:57.175+0000] {dagbag.py:538} INFO - Filling up the DagBag from /opt/airflow/dags/sales_pipeline.py
[2025-05-15T12:31:57.189+0000] {processor.py:753} INFO - DAG(s) dict_keys(['sales_data_pipeline']) retrieved from /opt/airflow/dags/sales_pipeline.py
[2025-05-15T12:31:57.218+0000] {logging_mixin.py:137} INFO - [2025-05-15T12:31:57.218+0000] {dag.py:2676} INFO - Sync 1 DAGs
[2025-05-15T12:31:57.255+0000] {logging_mixin.py:137} INFO - [2025-05-15T12:31:57.255+0000] {dag.py:3427} INFO - Setting next_dagrun for sales_data_pipeline to 2025-05-15T00:00:00+00:00, run_after=2025-05-16T00:00:00+00:00
[2025-05-15T12:31:57.279+0000] {processor.py:175} INFO - Processing /opt/airflow/dags/sales_pipeline.py took 0.108 seconds
[2025-05-15T12:32:27.379+0000] {processor.py:153} INFO - Started process (PID=275) to work on /opt/airflow/dags/sales_pipeline.py
[2025-05-15T12:32:27.380+0000] {processor.py:743} INFO - Processing file /opt/airflow/dags/sales_pipeline.py for tasks to queue
[2025-05-15T12:32:27.380+0000] {logging_mixin.py:137} INFO - [2025-05-15T12:32:27.380+0000] {dagbag.py:538} INFO - Filling up the DagBag from /opt/airflow/dags/sales_pipeline.py
[2025-05-15T12:32:27.395+0000] {processor.py:753} INFO - DAG(s) dict_keys(['sales_data_pipeline']) retrieved from /opt/airflow/dags/sales_pipeline.py
[2025-05-15T12:32:27.424+0000] {logging_mixin.py:137} INFO - [2025-05-15T12:32:27.424+0000] {dag.py:2676} INFO - Sync 1 DAGs
[2025-05-15T12:32:27.446+0000] {logging_mixin.py:137} INFO - [2025-05-15T12:32:27.445+0000] {dag.py:3427} INFO - Setting next_dagrun for sales_data_pipeline to 2025-05-15T00:00:00+00:00, run_after=2025-05-16T00:00:00+00:00
[2025-05-15T12:32:27.460+0000] {processor.py:175} INFO - Processing /opt/airflow/dags/sales_pipeline.py took 0.083 seconds
[2025-05-15T12:32:57.495+0000] {processor.py:153} INFO - Started process (PID=280) to work on /opt/airflow/dags/sales_pipeline.py
[2025-05-15T12:32:57.495+0000] {processor.py:743} INFO - Processing file /opt/airflow/dags/sales_pipeline.py for tasks to queue
[2025-05-15T12:32:57.496+0000] {logging_mixin.py:137} INFO - [2025-05-15T12:32:57.496+0000] {dagbag.py:538} INFO - Filling up the DagBag from /opt/airflow/dags/sales_pipeline.py
[2025-05-15T12:32:57.509+0000] {processor.py:753} INFO - DAG(s) dict_keys(['sales_data_pipeline']) retrieved from /opt/airflow/dags/sales_pipeline.py
[2025-05-15T12:32:57.537+0000] {logging_mixin.py:137} INFO - [2025-05-15T12:32:57.537+0000] {dag.py:2676} INFO - Sync 1 DAGs
[2025-05-15T12:32:57.562+0000] {logging_mixin.py:137} INFO - [2025-05-15T12:32:57.561+0000] {dag.py:3427} INFO - Setting next_dagrun for sales_data_pipeline to 2025-05-15T00:00:00+00:00, run_after=2025-05-16T00:00:00+00:00
[2025-05-15T12:32:57.587+0000] {processor.py:175} INFO - Processing /opt/airflow/dags/sales_pipeline.py took 0.095 seconds
[2025-05-15T12:33:27.682+0000] {processor.py:153} INFO - Started process (PID=285) to work on /opt/airflow/dags/sales_pipeline.py
[2025-05-15T12:33:27.682+0000] {processor.py:743} INFO - Processing file /opt/airflow/dags/sales_pipeline.py for tasks to queue
[2025-05-15T12:33:27.683+0000] {logging_mixin.py:137} INFO - [2025-05-15T12:33:27.683+0000] {dagbag.py:538} INFO - Filling up the DagBag from /opt/airflow/dags/sales_pipeline.py
[2025-05-15T12:33:27.696+0000] {processor.py:753} INFO - DAG(s) dict_keys(['sales_data_pipeline']) retrieved from /opt/airflow/dags/sales_pipeline.py
[2025-05-15T12:33:27.725+0000] {logging_mixin.py:137} INFO - [2025-05-15T12:33:27.724+0000] {dag.py:2676} INFO - Sync 1 DAGs
[2025-05-15T12:33:27.745+0000] {logging_mixin.py:137} INFO - [2025-05-15T12:33:27.745+0000] {dag.py:3427} INFO - Setting next_dagrun for sales_data_pipeline to 2025-05-15T00:00:00+00:00, run_after=2025-05-16T00:00:00+00:00
[2025-05-15T12:33:27.760+0000] {processor.py:175} INFO - Processing /opt/airflow/dags/sales_pipeline.py took 0.081 seconds
[2025-05-15T12:34:58.170+0000] {processor.py:153} INFO - Started process (PID=163) to work on /opt/airflow/dags/sales_pipeline.py
[2025-05-15T12:34:58.179+0000] {processor.py:743} INFO - Processing file /opt/airflow/dags/sales_pipeline.py for tasks to queue
[2025-05-15T12:34:58.180+0000] {logging_mixin.py:137} INFO - [2025-05-15T12:34:58.180+0000] {dagbag.py:538} INFO - Filling up the DagBag from /opt/airflow/dags/sales_pipeline.py
[2025-05-15T12:34:58.494+0000] {processor.py:753} INFO - DAG(s) dict_keys(['sales_data_pipeline']) retrieved from /opt/airflow/dags/sales_pipeline.py
[2025-05-15T12:34:58.710+0000] {logging_mixin.py:137} INFO - [2025-05-15T12:34:58.710+0000] {dag.py:2676} INFO - Sync 1 DAGs
[2025-05-15T12:34:58.797+0000] {logging_mixin.py:137} INFO - [2025-05-15T12:34:58.797+0000] {dag.py:3427} INFO - Setting next_dagrun for sales_data_pipeline to 2025-05-15T00:00:00+00:00, run_after=2025-05-16T00:00:00+00:00
[2025-05-15T12:34:58.872+0000] {processor.py:175} INFO - Processing /opt/airflow/dags/sales_pipeline.py took 0.722 seconds
[2025-05-15T12:35:29.062+0000] {processor.py:153} INFO - Started process (PID=169) to work on /opt/airflow/dags/sales_pipeline.py
[2025-05-15T12:35:29.063+0000] {processor.py:743} INFO - Processing file /opt/airflow/dags/sales_pipeline.py for tasks to queue
[2025-05-15T12:35:29.064+0000] {logging_mixin.py:137} INFO - [2025-05-15T12:35:29.064+0000] {dagbag.py:538} INFO - Filling up the DagBag from /opt/airflow/dags/sales_pipeline.py
[2025-05-15T12:35:29.077+0000] {processor.py:753} INFO - DAG(s) dict_keys(['sales_data_pipeline']) retrieved from /opt/airflow/dags/sales_pipeline.py
[2025-05-15T12:35:29.112+0000] {logging_mixin.py:137} INFO - [2025-05-15T12:35:29.112+0000] {dag.py:2676} INFO - Sync 1 DAGs
[2025-05-15T12:35:29.136+0000] {logging_mixin.py:137} INFO - [2025-05-15T12:35:29.136+0000] {dag.py:3427} INFO - Setting next_dagrun for sales_data_pipeline to 2025-05-15T00:00:00+00:00, run_after=2025-05-16T00:00:00+00:00
[2025-05-15T12:35:29.151+0000] {processor.py:175} INFO - Processing /opt/airflow/dags/sales_pipeline.py took 0.091 seconds
[2025-05-15T12:35:59.196+0000] {processor.py:153} INFO - Started process (PID=174) to work on /opt/airflow/dags/sales_pipeline.py
[2025-05-15T12:35:59.196+0000] {processor.py:743} INFO - Processing file /opt/airflow/dags/sales_pipeline.py for tasks to queue
[2025-05-15T12:35:59.197+0000] {logging_mixin.py:137} INFO - [2025-05-15T12:35:59.197+0000] {dagbag.py:538} INFO - Filling up the DagBag from /opt/airflow/dags/sales_pipeline.py
[2025-05-15T12:35:59.216+0000] {processor.py:753} INFO - DAG(s) dict_keys(['sales_data_pipeline']) retrieved from /opt/airflow/dags/sales_pipeline.py
[2025-05-15T12:35:59.262+0000] {logging_mixin.py:137} INFO - [2025-05-15T12:35:59.262+0000] {dag.py:2676} INFO - Sync 1 DAGs
[2025-05-15T12:35:59.298+0000] {logging_mixin.py:137} INFO - [2025-05-15T12:35:59.297+0000] {dag.py:3427} INFO - Setting next_dagrun for sales_data_pipeline to 2025-05-15T00:00:00+00:00, run_after=2025-05-16T00:00:00+00:00
[2025-05-15T12:35:59.318+0000] {processor.py:175} INFO - Processing /opt/airflow/dags/sales_pipeline.py took 0.125 seconds
[2025-05-15T12:36:29.403+0000] {processor.py:153} INFO - Started process (PID=179) to work on /opt/airflow/dags/sales_pipeline.py
[2025-05-15T12:36:29.403+0000] {processor.py:743} INFO - Processing file /opt/airflow/dags/sales_pipeline.py for tasks to queue
[2025-05-15T12:36:29.405+0000] {logging_mixin.py:137} INFO - [2025-05-15T12:36:29.405+0000] {dagbag.py:538} INFO - Filling up the DagBag from /opt/airflow/dags/sales_pipeline.py
[2025-05-15T12:36:29.429+0000] {processor.py:753} INFO - DAG(s) dict_keys(['sales_data_pipeline']) retrieved from /opt/airflow/dags/sales_pipeline.py
[2025-05-15T12:36:29.472+0000] {logging_mixin.py:137} INFO - [2025-05-15T12:36:29.472+0000] {dag.py:2676} INFO - Sync 1 DAGs
[2025-05-15T12:36:29.506+0000] {logging_mixin.py:137} INFO - [2025-05-15T12:36:29.506+0000] {dag.py:3427} INFO - Setting next_dagrun for sales_data_pipeline to 2025-05-15T00:00:00+00:00, run_after=2025-05-16T00:00:00+00:00
[2025-05-15T12:36:29.526+0000] {processor.py:175} INFO - Processing /opt/airflow/dags/sales_pipeline.py took 0.129 seconds
[2025-05-15T12:36:59.629+0000] {processor.py:153} INFO - Started process (PID=184) to work on /opt/airflow/dags/sales_pipeline.py
[2025-05-15T12:36:59.629+0000] {processor.py:743} INFO - Processing file /opt/airflow/dags/sales_pipeline.py for tasks to queue
[2025-05-15T12:36:59.630+0000] {logging_mixin.py:137} INFO - [2025-05-15T12:36:59.630+0000] {dagbag.py:538} INFO - Filling up the DagBag from /opt/airflow/dags/sales_pipeline.py
[2025-05-15T12:36:59.644+0000] {processor.py:753} INFO - DAG(s) dict_keys(['sales_data_pipeline']) retrieved from /opt/airflow/dags/sales_pipeline.py
[2025-05-15T12:36:59.674+0000] {logging_mixin.py:137} INFO - [2025-05-15T12:36:59.674+0000] {dag.py:2676} INFO - Sync 1 DAGs
[2025-05-15T12:36:59.695+0000] {logging_mixin.py:137} INFO - [2025-05-15T12:36:59.695+0000] {dag.py:3427} INFO - Setting next_dagrun for sales_data_pipeline to 2025-05-15T00:00:00+00:00, run_after=2025-05-16T00:00:00+00:00
[2025-05-15T12:36:59.710+0000] {processor.py:175} INFO - Processing /opt/airflow/dags/sales_pipeline.py took 0.084 seconds
[2025-05-15T12:37:29.748+0000] {processor.py:153} INFO - Started process (PID=189) to work on /opt/airflow/dags/sales_pipeline.py
[2025-05-15T12:37:29.748+0000] {processor.py:743} INFO - Processing file /opt/airflow/dags/sales_pipeline.py for tasks to queue
[2025-05-15T12:37:29.749+0000] {logging_mixin.py:137} INFO - [2025-05-15T12:37:29.749+0000] {dagbag.py:538} INFO - Filling up the DagBag from /opt/airflow/dags/sales_pipeline.py
[2025-05-15T12:37:29.762+0000] {processor.py:753} INFO - DAG(s) dict_keys(['sales_data_pipeline']) retrieved from /opt/airflow/dags/sales_pipeline.py
[2025-05-15T12:37:29.791+0000] {logging_mixin.py:137} INFO - [2025-05-15T12:37:29.791+0000] {dag.py:2676} INFO - Sync 1 DAGs
[2025-05-15T12:37:29.814+0000] {logging_mixin.py:137} INFO - [2025-05-15T12:37:29.814+0000] {dag.py:3427} INFO - Setting next_dagrun for sales_data_pipeline to 2025-05-15T00:00:00+00:00, run_after=2025-05-16T00:00:00+00:00
[2025-05-15T12:37:29.829+0000] {processor.py:175} INFO - Processing /opt/airflow/dags/sales_pipeline.py took 0.084 seconds
[2025-05-15T12:37:59.926+0000] {processor.py:153} INFO - Started process (PID=194) to work on /opt/airflow/dags/sales_pipeline.py
[2025-05-15T12:37:59.926+0000] {processor.py:743} INFO - Processing file /opt/airflow/dags/sales_pipeline.py for tasks to queue
[2025-05-15T12:37:59.926+0000] {logging_mixin.py:137} INFO - [2025-05-15T12:37:59.926+0000] {dagbag.py:538} INFO - Filling up the DagBag from /opt/airflow/dags/sales_pipeline.py
[2025-05-15T12:37:59.939+0000] {processor.py:753} INFO - DAG(s) dict_keys(['sales_data_pipeline']) retrieved from /opt/airflow/dags/sales_pipeline.py
[2025-05-15T12:37:59.968+0000] {logging_mixin.py:137} INFO - [2025-05-15T12:37:59.968+0000] {dag.py:2676} INFO - Sync 1 DAGs
[2025-05-15T12:37:59.989+0000] {logging_mixin.py:137} INFO - [2025-05-15T12:37:59.989+0000] {dag.py:3427} INFO - Setting next_dagrun for sales_data_pipeline to 2025-05-15T00:00:00+00:00, run_after=2025-05-16T00:00:00+00:00
[2025-05-15T12:38:00.006+0000] {processor.py:175} INFO - Processing /opt/airflow/dags/sales_pipeline.py took 0.083 seconds
[2025-05-15T12:38:30.042+0000] {processor.py:153} INFO - Started process (PID=199) to work on /opt/airflow/dags/sales_pipeline.py
[2025-05-15T12:38:30.042+0000] {processor.py:743} INFO - Processing file /opt/airflow/dags/sales_pipeline.py for tasks to queue
[2025-05-15T12:38:30.043+0000] {logging_mixin.py:137} INFO - [2025-05-15T12:38:30.043+0000] {dagbag.py:538} INFO - Filling up the DagBag from /opt/airflow/dags/sales_pipeline.py
[2025-05-15T12:38:30.056+0000] {processor.py:753} INFO - DAG(s) dict_keys(['sales_data_pipeline']) retrieved from /opt/airflow/dags/sales_pipeline.py
[2025-05-15T12:38:30.085+0000] {logging_mixin.py:137} INFO - [2025-05-15T12:38:30.085+0000] {dag.py:2676} INFO - Sync 1 DAGs
[2025-05-15T12:38:30.108+0000] {logging_mixin.py:137} INFO - [2025-05-15T12:38:30.108+0000] {dag.py:3427} INFO - Setting next_dagrun for sales_data_pipeline to 2025-05-15T00:00:00+00:00, run_after=2025-05-16T00:00:00+00:00
[2025-05-15T12:38:30.124+0000] {processor.py:175} INFO - Processing /opt/airflow/dags/sales_pipeline.py took 0.085 seconds
[2025-05-15T12:39:00.242+0000] {processor.py:153} INFO - Started process (PID=204) to work on /opt/airflow/dags/sales_pipeline.py
[2025-05-15T12:39:00.242+0000] {processor.py:743} INFO - Processing file /opt/airflow/dags/sales_pipeline.py for tasks to queue
[2025-05-15T12:39:00.243+0000] {logging_mixin.py:137} INFO - [2025-05-15T12:39:00.243+0000] {dagbag.py:538} INFO - Filling up the DagBag from /opt/airflow/dags/sales_pipeline.py
[2025-05-15T12:39:00.257+0000] {processor.py:753} INFO - DAG(s) dict_keys(['sales_data_pipeline']) retrieved from /opt/airflow/dags/sales_pipeline.py
[2025-05-15T12:39:00.286+0000] {logging_mixin.py:137} INFO - [2025-05-15T12:39:00.286+0000] {dag.py:2676} INFO - Sync 1 DAGs
[2025-05-15T12:39:00.308+0000] {logging_mixin.py:137} INFO - [2025-05-15T12:39:00.308+0000] {dag.py:3427} INFO - Setting next_dagrun for sales_data_pipeline to 2025-05-15T00:00:00+00:00, run_after=2025-05-16T00:00:00+00:00
[2025-05-15T12:39:00.322+0000] {processor.py:175} INFO - Processing /opt/airflow/dags/sales_pipeline.py took 0.087 seconds
[2025-05-15T12:39:30.367+0000] {processor.py:153} INFO - Started process (PID=209) to work on /opt/airflow/dags/sales_pipeline.py
[2025-05-15T12:39:30.367+0000] {processor.py:743} INFO - Processing file /opt/airflow/dags/sales_pipeline.py for tasks to queue
[2025-05-15T12:39:30.368+0000] {logging_mixin.py:137} INFO - [2025-05-15T12:39:30.368+0000] {dagbag.py:538} INFO - Filling up the DagBag from /opt/airflow/dags/sales_pipeline.py
[2025-05-15T12:39:30.387+0000] {processor.py:753} INFO - DAG(s) dict_keys(['sales_data_pipeline']) retrieved from /opt/airflow/dags/sales_pipeline.py
[2025-05-15T12:39:30.433+0000] {logging_mixin.py:137} INFO - [2025-05-15T12:39:30.433+0000] {dag.py:2676} INFO - Sync 1 DAGs
[2025-05-15T12:39:30.470+0000] {logging_mixin.py:137} INFO - [2025-05-15T12:39:30.470+0000] {dag.py:3427} INFO - Setting next_dagrun for sales_data_pipeline to 2025-05-15T00:00:00+00:00, run_after=2025-05-16T00:00:00+00:00
[2025-05-15T12:39:30.510+0000] {processor.py:175} INFO - Processing /opt/airflow/dags/sales_pipeline.py took 0.147 seconds
[2025-05-15T12:40:00.631+0000] {processor.py:153} INFO - Started process (PID=214) to work on /opt/airflow/dags/sales_pipeline.py
[2025-05-15T12:40:00.632+0000] {processor.py:743} INFO - Processing file /opt/airflow/dags/sales_pipeline.py for tasks to queue
[2025-05-15T12:40:00.633+0000] {logging_mixin.py:137} INFO - [2025-05-15T12:40:00.633+0000] {dagbag.py:538} INFO - Filling up the DagBag from /opt/airflow/dags/sales_pipeline.py
[2025-05-15T12:40:00.647+0000] {processor.py:753} INFO - DAG(s) dict_keys(['sales_data_pipeline']) retrieved from /opt/airflow/dags/sales_pipeline.py
[2025-05-15T12:40:00.677+0000] {logging_mixin.py:137} INFO - [2025-05-15T12:40:00.677+0000] {dag.py:2676} INFO - Sync 1 DAGs
[2025-05-15T12:40:00.699+0000] {logging_mixin.py:137} INFO - [2025-05-15T12:40:00.698+0000] {dag.py:3427} INFO - Setting next_dagrun for sales_data_pipeline to 2025-05-15T00:00:00+00:00, run_after=2025-05-16T00:00:00+00:00
[2025-05-15T12:40:00.714+0000] {processor.py:175} INFO - Processing /opt/airflow/dags/sales_pipeline.py took 0.085 seconds
[2025-05-15T12:40:30.746+0000] {processor.py:153} INFO - Started process (PID=219) to work on /opt/airflow/dags/sales_pipeline.py
[2025-05-15T12:40:30.747+0000] {processor.py:743} INFO - Processing file /opt/airflow/dags/sales_pipeline.py for tasks to queue
[2025-05-15T12:40:30.747+0000] {logging_mixin.py:137} INFO - [2025-05-15T12:40:30.747+0000] {dagbag.py:538} INFO - Filling up the DagBag from /opt/airflow/dags/sales_pipeline.py
[2025-05-15T12:40:30.760+0000] {processor.py:753} INFO - DAG(s) dict_keys(['sales_data_pipeline']) retrieved from /opt/airflow/dags/sales_pipeline.py
[2025-05-15T12:40:30.789+0000] {logging_mixin.py:137} INFO - [2025-05-15T12:40:30.789+0000] {dag.py:2676} INFO - Sync 1 DAGs
[2025-05-15T12:40:30.810+0000] {logging_mixin.py:137} INFO - [2025-05-15T12:40:30.809+0000] {dag.py:3427} INFO - Setting next_dagrun for sales_data_pipeline to 2025-05-15T00:00:00+00:00, run_after=2025-05-16T00:00:00+00:00
[2025-05-15T12:40:30.826+0000] {processor.py:175} INFO - Processing /opt/airflow/dags/sales_pipeline.py took 0.082 seconds
[2025-05-15T12:41:00.937+0000] {processor.py:153} INFO - Started process (PID=224) to work on /opt/airflow/dags/sales_pipeline.py
[2025-05-15T12:41:00.938+0000] {processor.py:743} INFO - Processing file /opt/airflow/dags/sales_pipeline.py for tasks to queue
[2025-05-15T12:41:00.938+0000] {logging_mixin.py:137} INFO - [2025-05-15T12:41:00.938+0000] {dagbag.py:538} INFO - Filling up the DagBag from /opt/airflow/dags/sales_pipeline.py
[2025-05-15T12:41:00.951+0000] {processor.py:753} INFO - DAG(s) dict_keys(['sales_data_pipeline']) retrieved from /opt/airflow/dags/sales_pipeline.py
[2025-05-15T12:41:00.980+0000] {logging_mixin.py:137} INFO - [2025-05-15T12:41:00.979+0000] {dag.py:2676} INFO - Sync 1 DAGs
[2025-05-15T12:41:01.000+0000] {logging_mixin.py:137} INFO - [2025-05-15T12:41:01.000+0000] {dag.py:3427} INFO - Setting next_dagrun for sales_data_pipeline to 2025-05-15T00:00:00+00:00, run_after=2025-05-16T00:00:00+00:00
[2025-05-15T12:41:01.016+0000] {processor.py:175} INFO - Processing /opt/airflow/dags/sales_pipeline.py took 0.081 seconds
[2025-05-15T12:41:31.050+0000] {processor.py:153} INFO - Started process (PID=229) to work on /opt/airflow/dags/sales_pipeline.py
[2025-05-15T12:41:31.050+0000] {processor.py:743} INFO - Processing file /opt/airflow/dags/sales_pipeline.py for tasks to queue
[2025-05-15T12:41:31.051+0000] {logging_mixin.py:137} INFO - [2025-05-15T12:41:31.050+0000] {dagbag.py:538} INFO - Filling up the DagBag from /opt/airflow/dags/sales_pipeline.py
[2025-05-15T12:41:31.064+0000] {processor.py:753} INFO - DAG(s) dict_keys(['sales_data_pipeline']) retrieved from /opt/airflow/dags/sales_pipeline.py
[2025-05-15T12:41:31.092+0000] {logging_mixin.py:137} INFO - [2025-05-15T12:41:31.092+0000] {dag.py:2676} INFO - Sync 1 DAGs
[2025-05-15T12:41:31.115+0000] {logging_mixin.py:137} INFO - [2025-05-15T12:41:31.115+0000] {dag.py:3427} INFO - Setting next_dagrun for sales_data_pipeline to 2025-05-15T00:00:00+00:00, run_after=2025-05-16T00:00:00+00:00
[2025-05-15T12:41:31.130+0000] {processor.py:175} INFO - Processing /opt/airflow/dags/sales_pipeline.py took 0.082 seconds
[2025-05-15T12:42:51.478+0000] {processor.py:153} INFO - Started process (PID=163) to work on /opt/airflow/dags/sales_pipeline.py
[2025-05-15T12:42:51.481+0000] {processor.py:743} INFO - Processing file /opt/airflow/dags/sales_pipeline.py for tasks to queue
[2025-05-15T12:42:51.488+0000] {logging_mixin.py:137} INFO - [2025-05-15T12:42:51.486+0000] {dagbag.py:538} INFO - Filling up the DagBag from /opt/airflow/dags/sales_pipeline.py
[2025-05-15T12:42:51.637+0000] {processor.py:753} INFO - DAG(s) dict_keys(['sales_data_pipeline']) retrieved from /opt/airflow/dags/sales_pipeline.py
[2025-05-15T12:42:51.758+0000] {logging_mixin.py:137} INFO - [2025-05-15T12:42:51.757+0000] {dag.py:2676} INFO - Sync 1 DAGs
[2025-05-15T12:42:51.849+0000] {logging_mixin.py:137} INFO - [2025-05-15T12:42:51.849+0000] {dag.py:3427} INFO - Setting next_dagrun for sales_data_pipeline to 2025-05-15T00:00:00+00:00, run_after=2025-05-16T00:00:00+00:00
[2025-05-15T12:42:51.899+0000] {processor.py:175} INFO - Processing /opt/airflow/dags/sales_pipeline.py took 0.453 seconds
[2025-05-15T12:43:22.152+0000] {processor.py:153} INFO - Started process (PID=169) to work on /opt/airflow/dags/sales_pipeline.py
[2025-05-15T12:43:22.152+0000] {processor.py:743} INFO - Processing file /opt/airflow/dags/sales_pipeline.py for tasks to queue
[2025-05-15T12:43:22.153+0000] {logging_mixin.py:137} INFO - [2025-05-15T12:43:22.153+0000] {dagbag.py:538} INFO - Filling up the DagBag from /opt/airflow/dags/sales_pipeline.py
[2025-05-15T12:43:22.170+0000] {processor.py:753} INFO - DAG(s) dict_keys(['sales_data_pipeline']) retrieved from /opt/airflow/dags/sales_pipeline.py
[2025-05-15T12:43:22.212+0000] {logging_mixin.py:137} INFO - [2025-05-15T12:43:22.212+0000] {dag.py:2676} INFO - Sync 1 DAGs
[2025-05-15T12:43:22.242+0000] {logging_mixin.py:137} INFO - [2025-05-15T12:43:22.242+0000] {dag.py:3427} INFO - Setting next_dagrun for sales_data_pipeline to 2025-05-15T00:00:00+00:00, run_after=2025-05-16T00:00:00+00:00
[2025-05-15T12:43:22.255+0000] {processor.py:175} INFO - Processing /opt/airflow/dags/sales_pipeline.py took 0.107 seconds
[2025-05-15T12:43:52.383+0000] {processor.py:153} INFO - Started process (PID=174) to work on /opt/airflow/dags/sales_pipeline.py
[2025-05-15T12:43:52.384+0000] {processor.py:743} INFO - Processing file /opt/airflow/dags/sales_pipeline.py for tasks to queue
[2025-05-15T12:43:52.384+0000] {logging_mixin.py:137} INFO - [2025-05-15T12:43:52.384+0000] {dagbag.py:538} INFO - Filling up the DagBag from /opt/airflow/dags/sales_pipeline.py
[2025-05-15T12:43:52.402+0000] {processor.py:753} INFO - DAG(s) dict_keys(['sales_data_pipeline']) retrieved from /opt/airflow/dags/sales_pipeline.py
[2025-05-15T12:43:52.445+0000] {logging_mixin.py:137} INFO - [2025-05-15T12:43:52.445+0000] {dag.py:2676} INFO - Sync 1 DAGs
[2025-05-15T12:43:52.477+0000] {logging_mixin.py:137} INFO - [2025-05-15T12:43:52.476+0000] {dag.py:3427} INFO - Setting next_dagrun for sales_data_pipeline to 2025-05-15T00:00:00+00:00, run_after=2025-05-16T00:00:00+00:00
[2025-05-15T12:43:52.495+0000] {processor.py:175} INFO - Processing /opt/airflow/dags/sales_pipeline.py took 0.116 seconds
[2025-05-15T12:44:22.608+0000] {processor.py:153} INFO - Started process (PID=179) to work on /opt/airflow/dags/sales_pipeline.py
[2025-05-15T12:44:22.609+0000] {processor.py:743} INFO - Processing file /opt/airflow/dags/sales_pipeline.py for tasks to queue
[2025-05-15T12:44:22.610+0000] {logging_mixin.py:137} INFO - [2025-05-15T12:44:22.609+0000] {dagbag.py:538} INFO - Filling up the DagBag from /opt/airflow/dags/sales_pipeline.py
[2025-05-15T12:44:22.629+0000] {processor.py:753} INFO - DAG(s) dict_keys(['sales_data_pipeline']) retrieved from /opt/airflow/dags/sales_pipeline.py
[2025-05-15T12:44:22.671+0000] {logging_mixin.py:137} INFO - [2025-05-15T12:44:22.671+0000] {dag.py:2676} INFO - Sync 1 DAGs
[2025-05-15T12:44:22.708+0000] {logging_mixin.py:137} INFO - [2025-05-15T12:44:22.708+0000] {dag.py:3427} INFO - Setting next_dagrun for sales_data_pipeline to 2025-05-15T00:00:00+00:00, run_after=2025-05-16T00:00:00+00:00
[2025-05-15T12:44:22.772+0000] {processor.py:175} INFO - Processing /opt/airflow/dags/sales_pipeline.py took 0.167 seconds
[2025-05-15T12:44:52.882+0000] {processor.py:153} INFO - Started process (PID=184) to work on /opt/airflow/dags/sales_pipeline.py
[2025-05-15T12:44:52.882+0000] {processor.py:743} INFO - Processing file /opt/airflow/dags/sales_pipeline.py for tasks to queue
[2025-05-15T12:44:52.883+0000] {logging_mixin.py:137} INFO - [2025-05-15T12:44:52.883+0000] {dagbag.py:538} INFO - Filling up the DagBag from /opt/airflow/dags/sales_pipeline.py
[2025-05-15T12:44:52.895+0000] {processor.py:753} INFO - DAG(s) dict_keys(['sales_data_pipeline']) retrieved from /opt/airflow/dags/sales_pipeline.py
[2025-05-15T12:44:52.924+0000] {logging_mixin.py:137} INFO - [2025-05-15T12:44:52.924+0000] {dag.py:2676} INFO - Sync 1 DAGs
[2025-05-15T12:44:52.944+0000] {logging_mixin.py:137} INFO - [2025-05-15T12:44:52.944+0000] {dag.py:3427} INFO - Setting next_dagrun for sales_data_pipeline to 2025-05-15T00:00:00+00:00, run_after=2025-05-16T00:00:00+00:00
[2025-05-15T12:44:52.958+0000] {processor.py:175} INFO - Processing /opt/airflow/dags/sales_pipeline.py took 0.079 seconds
[2025-05-15T12:45:23.013+0000] {processor.py:153} INFO - Started process (PID=189) to work on /opt/airflow/dags/sales_pipeline.py
[2025-05-15T12:45:23.014+0000] {processor.py:743} INFO - Processing file /opt/airflow/dags/sales_pipeline.py for tasks to queue
[2025-05-15T12:45:23.014+0000] {logging_mixin.py:137} INFO - [2025-05-15T12:45:23.014+0000] {dagbag.py:538} INFO - Filling up the DagBag from /opt/airflow/dags/sales_pipeline.py
[2025-05-15T12:45:23.027+0000] {processor.py:753} INFO - DAG(s) dict_keys(['sales_data_pipeline']) retrieved from /opt/airflow/dags/sales_pipeline.py
[2025-05-15T12:45:23.056+0000] {logging_mixin.py:137} INFO - [2025-05-15T12:45:23.056+0000] {dag.py:2676} INFO - Sync 1 DAGs
[2025-05-15T12:45:23.078+0000] {logging_mixin.py:137} INFO - [2025-05-15T12:45:23.078+0000] {dag.py:3427} INFO - Setting next_dagrun for sales_data_pipeline to 2025-05-15T00:00:00+00:00, run_after=2025-05-16T00:00:00+00:00
[2025-05-15T12:45:23.094+0000] {processor.py:175} INFO - Processing /opt/airflow/dags/sales_pipeline.py took 0.083 seconds
[2025-05-15T12:45:53.179+0000] {processor.py:153} INFO - Started process (PID=194) to work on /opt/airflow/dags/sales_pipeline.py
[2025-05-15T12:45:53.179+0000] {processor.py:743} INFO - Processing file /opt/airflow/dags/sales_pipeline.py for tasks to queue
[2025-05-15T12:45:53.180+0000] {logging_mixin.py:137} INFO - [2025-05-15T12:45:53.180+0000] {dagbag.py:538} INFO - Filling up the DagBag from /opt/airflow/dags/sales_pipeline.py
[2025-05-15T12:45:53.193+0000] {processor.py:753} INFO - DAG(s) dict_keys(['sales_data_pipeline']) retrieved from /opt/airflow/dags/sales_pipeline.py
[2025-05-15T12:45:53.221+0000] {logging_mixin.py:137} INFO - [2025-05-15T12:45:53.221+0000] {dag.py:2676} INFO - Sync 1 DAGs
[2025-05-15T12:45:53.241+0000] {logging_mixin.py:137} INFO - [2025-05-15T12:45:53.241+0000] {dag.py:3427} INFO - Setting next_dagrun for sales_data_pipeline to 2025-05-15T00:00:00+00:00, run_after=2025-05-16T00:00:00+00:00
[2025-05-15T12:45:53.257+0000] {processor.py:175} INFO - Processing /opt/airflow/dags/sales_pipeline.py took 0.081 seconds
[2025-05-15T12:46:23.301+0000] {processor.py:153} INFO - Started process (PID=199) to work on /opt/airflow/dags/sales_pipeline.py
[2025-05-15T12:46:23.302+0000] {processor.py:743} INFO - Processing file /opt/airflow/dags/sales_pipeline.py for tasks to queue
[2025-05-15T12:46:23.303+0000] {logging_mixin.py:137} INFO - [2025-05-15T12:46:23.302+0000] {dagbag.py:538} INFO - Filling up the DagBag from /opt/airflow/dags/sales_pipeline.py
[2025-05-15T12:46:23.317+0000] {processor.py:753} INFO - DAG(s) dict_keys(['sales_data_pipeline']) retrieved from /opt/airflow/dags/sales_pipeline.py
[2025-05-15T12:46:23.347+0000] {logging_mixin.py:137} INFO - [2025-05-15T12:46:23.346+0000] {dag.py:2676} INFO - Sync 1 DAGs
[2025-05-15T12:46:23.371+0000] {logging_mixin.py:137} INFO - [2025-05-15T12:46:23.371+0000] {dag.py:3427} INFO - Setting next_dagrun for sales_data_pipeline to 2025-05-15T00:00:00+00:00, run_after=2025-05-16T00:00:00+00:00
[2025-05-15T12:46:23.385+0000] {processor.py:175} INFO - Processing /opt/airflow/dags/sales_pipeline.py took 0.087 seconds
[2025-05-15T12:46:53.460+0000] {processor.py:153} INFO - Started process (PID=204) to work on /opt/airflow/dags/sales_pipeline.py
[2025-05-15T12:46:53.460+0000] {processor.py:743} INFO - Processing file /opt/airflow/dags/sales_pipeline.py for tasks to queue
[2025-05-15T12:46:53.461+0000] {logging_mixin.py:137} INFO - [2025-05-15T12:46:53.461+0000] {dagbag.py:538} INFO - Filling up the DagBag from /opt/airflow/dags/sales_pipeline.py
[2025-05-15T12:46:53.475+0000] {processor.py:753} INFO - DAG(s) dict_keys(['sales_data_pipeline']) retrieved from /opt/airflow/dags/sales_pipeline.py
[2025-05-15T12:46:53.506+0000] {logging_mixin.py:137} INFO - [2025-05-15T12:46:53.506+0000] {dag.py:2676} INFO - Sync 1 DAGs
[2025-05-15T12:46:53.538+0000] {logging_mixin.py:137} INFO - [2025-05-15T12:46:53.538+0000] {dag.py:3427} INFO - Setting next_dagrun for sales_data_pipeline to 2025-05-15T00:00:00+00:00, run_after=2025-05-16T00:00:00+00:00
[2025-05-15T12:46:53.556+0000] {processor.py:175} INFO - Processing /opt/airflow/dags/sales_pipeline.py took 0.099 seconds
[2025-05-15T12:47:23.632+0000] {processor.py:153} INFO - Started process (PID=209) to work on /opt/airflow/dags/sales_pipeline.py
[2025-05-15T12:47:23.635+0000] {processor.py:743} INFO - Processing file /opt/airflow/dags/sales_pipeline.py for tasks to queue
[2025-05-15T12:47:23.636+0000] {logging_mixin.py:137} INFO - [2025-05-15T12:47:23.636+0000] {dagbag.py:538} INFO - Filling up the DagBag from /opt/airflow/dags/sales_pipeline.py
[2025-05-15T12:47:23.687+0000] {processor.py:753} INFO - DAG(s) dict_keys(['sales_data_pipeline']) retrieved from /opt/airflow/dags/sales_pipeline.py
[2025-05-15T12:47:23.770+0000] {logging_mixin.py:137} INFO - [2025-05-15T12:47:23.769+0000] {dag.py:2676} INFO - Sync 1 DAGs
[2025-05-15T12:47:23.803+0000] {logging_mixin.py:137} INFO - [2025-05-15T12:47:23.803+0000] {dag.py:3427} INFO - Setting next_dagrun for sales_data_pipeline to 2025-05-15T00:00:00+00:00, run_after=2025-05-16T00:00:00+00:00
[2025-05-15T12:47:23.823+0000] {processor.py:175} INFO - Processing /opt/airflow/dags/sales_pipeline.py took 0.197 seconds
[2025-05-15T12:47:53.945+0000] {processor.py:153} INFO - Started process (PID=214) to work on /opt/airflow/dags/sales_pipeline.py
[2025-05-15T12:47:53.946+0000] {processor.py:743} INFO - Processing file /opt/airflow/dags/sales_pipeline.py for tasks to queue
[2025-05-15T12:47:53.946+0000] {logging_mixin.py:137} INFO - [2025-05-15T12:47:53.946+0000] {dagbag.py:538} INFO - Filling up the DagBag from /opt/airflow/dags/sales_pipeline.py
[2025-05-15T12:47:53.960+0000] {processor.py:753} INFO - DAG(s) dict_keys(['sales_data_pipeline']) retrieved from /opt/airflow/dags/sales_pipeline.py
[2025-05-15T12:47:53.999+0000] {logging_mixin.py:137} INFO - [2025-05-15T12:47:53.999+0000] {dag.py:2676} INFO - Sync 1 DAGs
[2025-05-15T12:47:54.020+0000] {logging_mixin.py:137} INFO - [2025-05-15T12:47:54.019+0000] {dag.py:3427} INFO - Setting next_dagrun for sales_data_pipeline to 2025-05-15T00:00:00+00:00, run_after=2025-05-16T00:00:00+00:00
[2025-05-15T12:47:54.033+0000] {processor.py:175} INFO - Processing /opt/airflow/dags/sales_pipeline.py took 0.090 seconds
[2025-05-15T12:48:24.059+0000] {processor.py:153} INFO - Started process (PID=219) to work on /opt/airflow/dags/sales_pipeline.py
[2025-05-15T12:48:24.059+0000] {processor.py:743} INFO - Processing file /opt/airflow/dags/sales_pipeline.py for tasks to queue
[2025-05-15T12:48:24.060+0000] {logging_mixin.py:137} INFO - [2025-05-15T12:48:24.060+0000] {dagbag.py:538} INFO - Filling up the DagBag from /opt/airflow/dags/sales_pipeline.py
[2025-05-15T12:48:24.072+0000] {processor.py:753} INFO - DAG(s) dict_keys(['sales_data_pipeline']) retrieved from /opt/airflow/dags/sales_pipeline.py
[2025-05-15T12:48:24.104+0000] {logging_mixin.py:137} INFO - [2025-05-15T12:48:24.104+0000] {dag.py:2676} INFO - Sync 1 DAGs
[2025-05-15T12:48:24.126+0000] {logging_mixin.py:137} INFO - [2025-05-15T12:48:24.126+0000] {dag.py:3427} INFO - Setting next_dagrun for sales_data_pipeline to 2025-05-15T00:00:00+00:00, run_after=2025-05-16T00:00:00+00:00
[2025-05-15T12:48:24.140+0000] {processor.py:175} INFO - Processing /opt/airflow/dags/sales_pipeline.py took 0.086 seconds
[2025-05-15T12:50:02.292+0000] {processor.py:153} INFO - Started process (PID=163) to work on /opt/airflow/dags/sales_pipeline.py
[2025-05-15T12:50:02.298+0000] {processor.py:743} INFO - Processing file /opt/airflow/dags/sales_pipeline.py for tasks to queue
[2025-05-15T12:50:02.301+0000] {logging_mixin.py:137} INFO - [2025-05-15T12:50:02.301+0000] {dagbag.py:538} INFO - Filling up the DagBag from /opt/airflow/dags/sales_pipeline.py
[2025-05-15T12:50:02.388+0000] {processor.py:753} INFO - DAG(s) dict_keys(['sales_data_pipeline']) retrieved from /opt/airflow/dags/sales_pipeline.py
[2025-05-15T12:50:02.516+0000] {logging_mixin.py:137} INFO - [2025-05-15T12:50:02.515+0000] {dag.py:2676} INFO - Sync 1 DAGs
[2025-05-15T12:50:02.600+0000] {logging_mixin.py:137} INFO - [2025-05-15T12:50:02.600+0000] {dag.py:3427} INFO - Setting next_dagrun for sales_data_pipeline to 2025-05-15T00:00:00+00:00, run_after=2025-05-16T00:00:00+00:00
[2025-05-15T12:50:02.652+0000] {processor.py:175} INFO - Processing /opt/airflow/dags/sales_pipeline.py took 0.375 seconds
[2025-05-15T12:50:32.842+0000] {processor.py:153} INFO - Started process (PID=169) to work on /opt/airflow/dags/sales_pipeline.py
[2025-05-15T12:50:32.842+0000] {processor.py:743} INFO - Processing file /opt/airflow/dags/sales_pipeline.py for tasks to queue
[2025-05-15T12:50:32.843+0000] {logging_mixin.py:137} INFO - [2025-05-15T12:50:32.843+0000] {dagbag.py:538} INFO - Filling up the DagBag from /opt/airflow/dags/sales_pipeline.py
[2025-05-15T12:50:32.856+0000] {processor.py:753} INFO - DAG(s) dict_keys(['sales_data_pipeline']) retrieved from /opt/airflow/dags/sales_pipeline.py
[2025-05-15T12:50:32.884+0000] {logging_mixin.py:137} INFO - [2025-05-15T12:50:32.884+0000] {dag.py:2676} INFO - Sync 1 DAGs
[2025-05-15T12:50:32.905+0000] {logging_mixin.py:137} INFO - [2025-05-15T12:50:32.905+0000] {dag.py:3427} INFO - Setting next_dagrun for sales_data_pipeline to 2025-05-15T00:00:00+00:00, run_after=2025-05-16T00:00:00+00:00
[2025-05-15T12:50:32.918+0000] {processor.py:175} INFO - Processing /opt/airflow/dags/sales_pipeline.py took 0.079 seconds
[2025-05-15T12:51:02.982+0000] {processor.py:153} INFO - Started process (PID=174) to work on /opt/airflow/dags/sales_pipeline.py
[2025-05-15T12:51:02.983+0000] {processor.py:743} INFO - Processing file /opt/airflow/dags/sales_pipeline.py for tasks to queue
[2025-05-15T12:51:02.984+0000] {logging_mixin.py:137} INFO - [2025-05-15T12:51:02.984+0000] {dagbag.py:538} INFO - Filling up the DagBag from /opt/airflow/dags/sales_pipeline.py
[2025-05-15T12:51:03.002+0000] {processor.py:753} INFO - DAG(s) dict_keys(['sales_data_pipeline']) retrieved from /opt/airflow/dags/sales_pipeline.py
[2025-05-15T12:51:03.050+0000] {logging_mixin.py:137} INFO - [2025-05-15T12:51:03.049+0000] {dag.py:2676} INFO - Sync 1 DAGs
[2025-05-15T12:51:03.091+0000] {logging_mixin.py:137} INFO - [2025-05-15T12:51:03.091+0000] {dag.py:3427} INFO - Setting next_dagrun for sales_data_pipeline to 2025-05-15T00:00:00+00:00, run_after=2025-05-16T00:00:00+00:00
[2025-05-15T12:51:03.112+0000] {processor.py:175} INFO - Processing /opt/airflow/dags/sales_pipeline.py took 0.133 seconds
[2025-05-15T12:51:33.146+0000] {processor.py:153} INFO - Started process (PID=179) to work on /opt/airflow/dags/sales_pipeline.py
[2025-05-15T12:51:33.147+0000] {processor.py:743} INFO - Processing file /opt/airflow/dags/sales_pipeline.py for tasks to queue
[2025-05-15T12:51:33.148+0000] {logging_mixin.py:137} INFO - [2025-05-15T12:51:33.147+0000] {dagbag.py:538} INFO - Filling up the DagBag from /opt/airflow/dags/sales_pipeline.py
[2025-05-15T12:51:33.167+0000] {processor.py:753} INFO - DAG(s) dict_keys(['sales_data_pipeline']) retrieved from /opt/airflow/dags/sales_pipeline.py
[2025-05-15T12:51:33.218+0000] {logging_mixin.py:137} INFO - [2025-05-15T12:51:33.217+0000] {dag.py:2676} INFO - Sync 1 DAGs
[2025-05-15T12:51:33.255+0000] {logging_mixin.py:137} INFO - [2025-05-15T12:51:33.255+0000] {dag.py:3427} INFO - Setting next_dagrun for sales_data_pipeline to 2025-05-15T00:00:00+00:00, run_after=2025-05-16T00:00:00+00:00
[2025-05-15T12:51:33.282+0000] {processor.py:175} INFO - Processing /opt/airflow/dags/sales_pipeline.py took 0.139 seconds
[2025-05-15T12:52:03.331+0000] {processor.py:153} INFO - Started process (PID=184) to work on /opt/airflow/dags/sales_pipeline.py
[2025-05-15T12:52:03.332+0000] {processor.py:743} INFO - Processing file /opt/airflow/dags/sales_pipeline.py for tasks to queue
[2025-05-15T12:52:03.332+0000] {logging_mixin.py:137} INFO - [2025-05-15T12:52:03.332+0000] {dagbag.py:538} INFO - Filling up the DagBag from /opt/airflow/dags/sales_pipeline.py
[2025-05-15T12:52:03.345+0000] {processor.py:753} INFO - DAG(s) dict_keys(['sales_data_pipeline']) retrieved from /opt/airflow/dags/sales_pipeline.py
[2025-05-15T12:52:03.373+0000] {logging_mixin.py:137} INFO - [2025-05-15T12:52:03.373+0000] {dag.py:2676} INFO - Sync 1 DAGs
[2025-05-15T12:52:03.395+0000] {logging_mixin.py:137} INFO - [2025-05-15T12:52:03.395+0000] {dag.py:3427} INFO - Setting next_dagrun for sales_data_pipeline to 2025-05-15T00:00:00+00:00, run_after=2025-05-16T00:00:00+00:00
[2025-05-15T12:52:03.409+0000] {processor.py:175} INFO - Processing /opt/airflow/dags/sales_pipeline.py took 0.081 seconds
[2025-05-15T12:52:33.509+0000] {processor.py:153} INFO - Started process (PID=189) to work on /opt/airflow/dags/sales_pipeline.py
[2025-05-15T12:52:33.510+0000] {processor.py:743} INFO - Processing file /opt/airflow/dags/sales_pipeline.py for tasks to queue
[2025-05-15T12:52:33.511+0000] {logging_mixin.py:137} INFO - [2025-05-15T12:52:33.511+0000] {dagbag.py:538} INFO - Filling up the DagBag from /opt/airflow/dags/sales_pipeline.py
[2025-05-15T12:52:33.536+0000] {processor.py:753} INFO - DAG(s) dict_keys(['sales_data_pipeline']) retrieved from /opt/airflow/dags/sales_pipeline.py
[2025-05-15T12:52:33.572+0000] {logging_mixin.py:137} INFO - [2025-05-15T12:52:33.572+0000] {dag.py:2676} INFO - Sync 1 DAGs
[2025-05-15T12:52:33.594+0000] {logging_mixin.py:137} INFO - [2025-05-15T12:52:33.594+0000] {dag.py:3427} INFO - Setting next_dagrun for sales_data_pipeline to 2025-05-15T00:00:00+00:00, run_after=2025-05-16T00:00:00+00:00
[2025-05-15T12:52:33.609+0000] {processor.py:175} INFO - Processing /opt/airflow/dags/sales_pipeline.py took 0.102 seconds
[2025-05-15T12:53:03.645+0000] {processor.py:153} INFO - Started process (PID=194) to work on /opt/airflow/dags/sales_pipeline.py
[2025-05-15T12:53:03.646+0000] {processor.py:743} INFO - Processing file /opt/airflow/dags/sales_pipeline.py for tasks to queue
[2025-05-15T12:53:03.646+0000] {logging_mixin.py:137} INFO - [2025-05-15T12:53:03.646+0000] {dagbag.py:538} INFO - Filling up the DagBag from /opt/airflow/dags/sales_pipeline.py
[2025-05-15T12:53:03.659+0000] {processor.py:753} INFO - DAG(s) dict_keys(['sales_data_pipeline']) retrieved from /opt/airflow/dags/sales_pipeline.py
[2025-05-15T12:53:03.688+0000] {logging_mixin.py:137} INFO - [2025-05-15T12:53:03.688+0000] {dag.py:2676} INFO - Sync 1 DAGs
[2025-05-15T12:53:03.711+0000] {logging_mixin.py:137} INFO - [2025-05-15T12:53:03.711+0000] {dag.py:3427} INFO - Setting next_dagrun for sales_data_pipeline to 2025-05-15T00:00:00+00:00, run_after=2025-05-16T00:00:00+00:00
[2025-05-15T12:53:03.726+0000] {processor.py:175} INFO - Processing /opt/airflow/dags/sales_pipeline.py took 0.082 seconds
[2025-05-15T12:53:33.840+0000] {processor.py:153} INFO - Started process (PID=199) to work on /opt/airflow/dags/sales_pipeline.py
[2025-05-15T12:53:33.841+0000] {processor.py:743} INFO - Processing file /opt/airflow/dags/sales_pipeline.py for tasks to queue
[2025-05-15T12:53:33.842+0000] {logging_mixin.py:137} INFO - [2025-05-15T12:53:33.842+0000] {dagbag.py:538} INFO - Filling up the DagBag from /opt/airflow/dags/sales_pipeline.py
[2025-05-15T12:53:33.872+0000] {processor.py:753} INFO - DAG(s) dict_keys(['sales_data_pipeline']) retrieved from /opt/airflow/dags/sales_pipeline.py
[2025-05-15T12:53:33.920+0000] {logging_mixin.py:137} INFO - [2025-05-15T12:53:33.920+0000] {dag.py:2676} INFO - Sync 1 DAGs
[2025-05-15T12:53:33.943+0000] {logging_mixin.py:137} INFO - [2025-05-15T12:53:33.943+0000] {dag.py:3427} INFO - Setting next_dagrun for sales_data_pipeline to 2025-05-15T00:00:00+00:00, run_after=2025-05-16T00:00:00+00:00
[2025-05-15T12:53:33.958+0000] {processor.py:175} INFO - Processing /opt/airflow/dags/sales_pipeline.py took 0.127 seconds
[2025-05-15T12:54:04.078+0000] {processor.py:153} INFO - Started process (PID=204) to work on /opt/airflow/dags/sales_pipeline.py
[2025-05-15T12:54:04.079+0000] {processor.py:743} INFO - Processing file /opt/airflow/dags/sales_pipeline.py for tasks to queue
[2025-05-15T12:54:04.080+0000] {logging_mixin.py:137} INFO - [2025-05-15T12:54:04.079+0000] {dagbag.py:538} INFO - Filling up the DagBag from /opt/airflow/dags/sales_pipeline.py
[2025-05-15T12:54:04.092+0000] {processor.py:753} INFO - DAG(s) dict_keys(['sales_data_pipeline']) retrieved from /opt/airflow/dags/sales_pipeline.py
[2025-05-15T12:54:04.121+0000] {logging_mixin.py:137} INFO - [2025-05-15T12:54:04.121+0000] {dag.py:2676} INFO - Sync 1 DAGs
[2025-05-15T12:54:04.148+0000] {logging_mixin.py:137} INFO - [2025-05-15T12:54:04.148+0000] {dag.py:3427} INFO - Setting next_dagrun for sales_data_pipeline to 2025-05-15T00:00:00+00:00, run_after=2025-05-16T00:00:00+00:00
[2025-05-15T12:54:04.165+0000] {processor.py:175} INFO - Processing /opt/airflow/dags/sales_pipeline.py took 0.088 seconds
[2025-05-15T12:54:34.222+0000] {processor.py:153} INFO - Started process (PID=209) to work on /opt/airflow/dags/sales_pipeline.py
[2025-05-15T12:54:34.225+0000] {processor.py:743} INFO - Processing file /opt/airflow/dags/sales_pipeline.py for tasks to queue
[2025-05-15T12:54:34.230+0000] {logging_mixin.py:137} INFO - [2025-05-15T12:54:34.226+0000] {dagbag.py:538} INFO - Filling up the DagBag from /opt/airflow/dags/sales_pipeline.py
[2025-05-15T12:54:34.292+0000] {processor.py:753} INFO - DAG(s) dict_keys(['sales_data_pipeline']) retrieved from /opt/airflow/dags/sales_pipeline.py
[2025-05-15T12:54:34.409+0000] {logging_mixin.py:137} INFO - [2025-05-15T12:54:34.409+0000] {dag.py:2676} INFO - Sync 1 DAGs
[2025-05-15T12:54:34.447+0000] {logging_mixin.py:137} INFO - [2025-05-15T12:54:34.447+0000] {dag.py:3427} INFO - Setting next_dagrun for sales_data_pipeline to 2025-05-15T00:00:00+00:00, run_after=2025-05-16T00:00:00+00:00
[2025-05-15T12:54:34.468+0000] {processor.py:175} INFO - Processing /opt/airflow/dags/sales_pipeline.py took 0.260 seconds
[2025-05-15T12:55:04.603+0000] {processor.py:153} INFO - Started process (PID=214) to work on /opt/airflow/dags/sales_pipeline.py
[2025-05-15T12:55:04.603+0000] {processor.py:743} INFO - Processing file /opt/airflow/dags/sales_pipeline.py for tasks to queue
[2025-05-15T12:55:04.604+0000] {logging_mixin.py:137} INFO - [2025-05-15T12:55:04.604+0000] {dagbag.py:538} INFO - Filling up the DagBag from /opt/airflow/dags/sales_pipeline.py
[2025-05-15T12:55:04.623+0000] {processor.py:753} INFO - DAG(s) dict_keys(['sales_data_pipeline']) retrieved from /opt/airflow/dags/sales_pipeline.py
[2025-05-15T12:55:04.665+0000] {logging_mixin.py:137} INFO - [2025-05-15T12:55:04.665+0000] {dag.py:2676} INFO - Sync 1 DAGs
[2025-05-15T12:55:04.697+0000] {logging_mixin.py:137} INFO - [2025-05-15T12:55:04.697+0000] {dag.py:3427} INFO - Setting next_dagrun for sales_data_pipeline to 2025-05-15T00:00:00+00:00, run_after=2025-05-16T00:00:00+00:00
[2025-05-15T12:55:04.716+0000] {processor.py:175} INFO - Processing /opt/airflow/dags/sales_pipeline.py took 0.117 seconds
[2025-05-15T12:55:34.820+0000] {processor.py:153} INFO - Started process (PID=219) to work on /opt/airflow/dags/sales_pipeline.py
[2025-05-15T12:55:34.820+0000] {processor.py:743} INFO - Processing file /opt/airflow/dags/sales_pipeline.py for tasks to queue
[2025-05-15T12:55:34.821+0000] {logging_mixin.py:137} INFO - [2025-05-15T12:55:34.821+0000] {dagbag.py:538} INFO - Filling up the DagBag from /opt/airflow/dags/sales_pipeline.py
[2025-05-15T12:55:34.833+0000] {processor.py:753} INFO - DAG(s) dict_keys(['sales_data_pipeline']) retrieved from /opt/airflow/dags/sales_pipeline.py
[2025-05-15T12:55:34.861+0000] {logging_mixin.py:137} INFO - [2025-05-15T12:55:34.861+0000] {dag.py:2676} INFO - Sync 1 DAGs
[2025-05-15T12:55:34.885+0000] {logging_mixin.py:137} INFO - [2025-05-15T12:55:34.884+0000] {dag.py:3427} INFO - Setting next_dagrun for sales_data_pipeline to 2025-05-15T00:00:00+00:00, run_after=2025-05-16T00:00:00+00:00
[2025-05-15T12:55:34.905+0000] {processor.py:175} INFO - Processing /opt/airflow/dags/sales_pipeline.py took 0.088 seconds
[2025-05-15T12:56:04.937+0000] {processor.py:153} INFO - Started process (PID=224) to work on /opt/airflow/dags/sales_pipeline.py
[2025-05-15T12:56:04.937+0000] {processor.py:743} INFO - Processing file /opt/airflow/dags/sales_pipeline.py for tasks to queue
[2025-05-15T12:56:04.938+0000] {logging_mixin.py:137} INFO - [2025-05-15T12:56:04.938+0000] {dagbag.py:538} INFO - Filling up the DagBag from /opt/airflow/dags/sales_pipeline.py
[2025-05-15T12:56:04.951+0000] {processor.py:753} INFO - DAG(s) dict_keys(['sales_data_pipeline']) retrieved from /opt/airflow/dags/sales_pipeline.py
[2025-05-15T12:56:04.990+0000] {logging_mixin.py:137} INFO - [2025-05-15T12:56:04.990+0000] {dag.py:2676} INFO - Sync 1 DAGs
[2025-05-15T12:56:05.034+0000] {logging_mixin.py:137} INFO - [2025-05-15T12:56:05.034+0000] {dag.py:3427} INFO - Setting next_dagrun for sales_data_pipeline to 2025-05-15T00:00:00+00:00, run_after=2025-05-16T00:00:00+00:00
[2025-05-15T12:56:05.049+0000] {processor.py:175} INFO - Processing /opt/airflow/dags/sales_pipeline.py took 0.115 seconds
[2025-05-15T12:56:35.165+0000] {processor.py:153} INFO - Started process (PID=232) to work on /opt/airflow/dags/sales_pipeline.py
[2025-05-15T12:56:35.166+0000] {processor.py:743} INFO - Processing file /opt/airflow/dags/sales_pipeline.py for tasks to queue
[2025-05-15T12:56:35.166+0000] {logging_mixin.py:137} INFO - [2025-05-15T12:56:35.166+0000] {dagbag.py:538} INFO - Filling up the DagBag from /opt/airflow/dags/sales_pipeline.py
[2025-05-15T12:56:35.179+0000] {processor.py:753} INFO - DAG(s) dict_keys(['sales_data_pipeline']) retrieved from /opt/airflow/dags/sales_pipeline.py
[2025-05-15T12:56:35.212+0000] {logging_mixin.py:137} INFO - [2025-05-15T12:56:35.212+0000] {dag.py:2676} INFO - Sync 1 DAGs
[2025-05-15T12:56:35.233+0000] {logging_mixin.py:137} INFO - [2025-05-15T12:56:35.233+0000] {dag.py:3427} INFO - Setting next_dagrun for sales_data_pipeline to 2025-05-15T00:00:00+00:00, run_after=2025-05-16T00:00:00+00:00
[2025-05-15T12:56:35.247+0000] {processor.py:175} INFO - Processing /opt/airflow/dags/sales_pipeline.py took 0.085 seconds
[2025-05-15T12:57:05.287+0000] {processor.py:153} INFO - Started process (PID=237) to work on /opt/airflow/dags/sales_pipeline.py
[2025-05-15T12:57:05.288+0000] {processor.py:743} INFO - Processing file /opt/airflow/dags/sales_pipeline.py for tasks to queue
[2025-05-15T12:57:05.288+0000] {logging_mixin.py:137} INFO - [2025-05-15T12:57:05.288+0000] {dagbag.py:538} INFO - Filling up the DagBag from /opt/airflow/dags/sales_pipeline.py
[2025-05-15T12:57:05.306+0000] {processor.py:753} INFO - DAG(s) dict_keys(['sales_data_pipeline']) retrieved from /opt/airflow/dags/sales_pipeline.py
[2025-05-15T12:57:05.344+0000] {logging_mixin.py:137} INFO - [2025-05-15T12:57:05.344+0000] {dag.py:2676} INFO - Sync 1 DAGs
[2025-05-15T12:57:05.369+0000] {logging_mixin.py:137} INFO - [2025-05-15T12:57:05.369+0000] {dag.py:3427} INFO - Setting next_dagrun for sales_data_pipeline to 2025-05-15T00:00:00+00:00, run_after=2025-05-16T00:00:00+00:00
[2025-05-15T12:57:05.384+0000] {processor.py:175} INFO - Processing /opt/airflow/dags/sales_pipeline.py took 0.099 seconds
[2025-05-15T12:57:35.501+0000] {processor.py:153} INFO - Started process (PID=242) to work on /opt/airflow/dags/sales_pipeline.py
[2025-05-15T12:57:35.502+0000] {processor.py:743} INFO - Processing file /opt/airflow/dags/sales_pipeline.py for tasks to queue
[2025-05-15T12:57:35.503+0000] {logging_mixin.py:137} INFO - [2025-05-15T12:57:35.503+0000] {dagbag.py:538} INFO - Filling up the DagBag from /opt/airflow/dags/sales_pipeline.py
[2025-05-15T12:57:35.536+0000] {processor.py:753} INFO - DAG(s) dict_keys(['sales_data_pipeline']) retrieved from /opt/airflow/dags/sales_pipeline.py
[2025-05-15T12:57:35.569+0000] {logging_mixin.py:137} INFO - [2025-05-15T12:57:35.569+0000] {dag.py:2676} INFO - Sync 1 DAGs
[2025-05-15T12:57:35.603+0000] {logging_mixin.py:137} INFO - [2025-05-15T12:57:35.603+0000] {dag.py:3427} INFO - Setting next_dagrun for sales_data_pipeline to 2025-05-15T00:00:00+00:00, run_after=2025-05-16T00:00:00+00:00
[2025-05-15T12:57:35.622+0000] {processor.py:175} INFO - Processing /opt/airflow/dags/sales_pipeline.py took 0.127 seconds
[2025-05-15T12:58:05.728+0000] {processor.py:153} INFO - Started process (PID=247) to work on /opt/airflow/dags/sales_pipeline.py
[2025-05-15T12:58:05.729+0000] {processor.py:743} INFO - Processing file /opt/airflow/dags/sales_pipeline.py for tasks to queue
[2025-05-15T12:58:05.729+0000] {logging_mixin.py:137} INFO - [2025-05-15T12:58:05.729+0000] {dagbag.py:538} INFO - Filling up the DagBag from /opt/airflow/dags/sales_pipeline.py
[2025-05-15T12:58:05.743+0000] {processor.py:753} INFO - DAG(s) dict_keys(['sales_data_pipeline']) retrieved from /opt/airflow/dags/sales_pipeline.py
[2025-05-15T12:58:05.776+0000] {logging_mixin.py:137} INFO - [2025-05-15T12:58:05.776+0000] {dag.py:2676} INFO - Sync 1 DAGs
[2025-05-15T12:58:05.797+0000] {logging_mixin.py:137} INFO - [2025-05-15T12:58:05.797+0000] {dag.py:3427} INFO - Setting next_dagrun for sales_data_pipeline to 2025-05-15T00:00:00+00:00, run_after=2025-05-16T00:00:00+00:00
[2025-05-15T12:58:05.810+0000] {processor.py:175} INFO - Processing /opt/airflow/dags/sales_pipeline.py took 0.085 seconds
[2025-05-15T12:58:35.845+0000] {processor.py:153} INFO - Started process (PID=252) to work on /opt/airflow/dags/sales_pipeline.py
[2025-05-15T12:58:35.846+0000] {processor.py:743} INFO - Processing file /opt/airflow/dags/sales_pipeline.py for tasks to queue
[2025-05-15T12:58:35.846+0000] {logging_mixin.py:137} INFO - [2025-05-15T12:58:35.846+0000] {dagbag.py:538} INFO - Filling up the DagBag from /opt/airflow/dags/sales_pipeline.py
[2025-05-15T12:58:35.860+0000] {processor.py:753} INFO - DAG(s) dict_keys(['sales_data_pipeline']) retrieved from /opt/airflow/dags/sales_pipeline.py
[2025-05-15T12:58:35.890+0000] {logging_mixin.py:137} INFO - [2025-05-15T12:58:35.890+0000] {dag.py:2676} INFO - Sync 1 DAGs
[2025-05-15T12:58:35.912+0000] {logging_mixin.py:137} INFO - [2025-05-15T12:58:35.912+0000] {dag.py:3427} INFO - Setting next_dagrun for sales_data_pipeline to 2025-05-15T00:00:00+00:00, run_after=2025-05-16T00:00:00+00:00
[2025-05-15T12:58:35.928+0000] {processor.py:175} INFO - Processing /opt/airflow/dags/sales_pipeline.py took 0.085 seconds
[2025-05-15T12:59:06.023+0000] {processor.py:153} INFO - Started process (PID=257) to work on /opt/airflow/dags/sales_pipeline.py
[2025-05-15T12:59:06.023+0000] {processor.py:743} INFO - Processing file /opt/airflow/dags/sales_pipeline.py for tasks to queue
[2025-05-15T12:59:06.024+0000] {logging_mixin.py:137} INFO - [2025-05-15T12:59:06.024+0000] {dagbag.py:538} INFO - Filling up the DagBag from /opt/airflow/dags/sales_pipeline.py
[2025-05-15T12:59:06.036+0000] {processor.py:753} INFO - DAG(s) dict_keys(['sales_data_pipeline']) retrieved from /opt/airflow/dags/sales_pipeline.py
[2025-05-15T12:59:06.065+0000] {logging_mixin.py:137} INFO - [2025-05-15T12:59:06.065+0000] {dag.py:2676} INFO - Sync 1 DAGs
[2025-05-15T12:59:06.086+0000] {logging_mixin.py:137} INFO - [2025-05-15T12:59:06.086+0000] {dag.py:3427} INFO - Setting next_dagrun for sales_data_pipeline to 2025-05-15T00:00:00+00:00, run_after=2025-05-16T00:00:00+00:00
[2025-05-15T12:59:06.102+0000] {processor.py:175} INFO - Processing /opt/airflow/dags/sales_pipeline.py took 0.082 seconds
[2025-05-15T12:59:36.141+0000] {processor.py:153} INFO - Started process (PID=262) to work on /opt/airflow/dags/sales_pipeline.py
[2025-05-15T12:59:36.141+0000] {processor.py:743} INFO - Processing file /opt/airflow/dags/sales_pipeline.py for tasks to queue
[2025-05-15T12:59:36.142+0000] {logging_mixin.py:137} INFO - [2025-05-15T12:59:36.142+0000] {dagbag.py:538} INFO - Filling up the DagBag from /opt/airflow/dags/sales_pipeline.py
[2025-05-15T12:59:36.155+0000] {processor.py:753} INFO - DAG(s) dict_keys(['sales_data_pipeline']) retrieved from /opt/airflow/dags/sales_pipeline.py
[2025-05-15T12:59:36.185+0000] {logging_mixin.py:137} INFO - [2025-05-15T12:59:36.185+0000] {dag.py:2676} INFO - Sync 1 DAGs
[2025-05-15T12:59:36.208+0000] {logging_mixin.py:137} INFO - [2025-05-15T12:59:36.208+0000] {dag.py:3427} INFO - Setting next_dagrun for sales_data_pipeline to 2025-05-15T00:00:00+00:00, run_after=2025-05-16T00:00:00+00:00
[2025-05-15T12:59:36.225+0000] {processor.py:175} INFO - Processing /opt/airflow/dags/sales_pipeline.py took 0.087 seconds
[2025-05-15T13:00:06.327+0000] {processor.py:153} INFO - Started process (PID=267) to work on /opt/airflow/dags/sales_pipeline.py
[2025-05-15T13:00:06.327+0000] {processor.py:743} INFO - Processing file /opt/airflow/dags/sales_pipeline.py for tasks to queue
[2025-05-15T13:00:06.328+0000] {logging_mixin.py:137} INFO - [2025-05-15T13:00:06.328+0000] {dagbag.py:538} INFO - Filling up the DagBag from /opt/airflow/dags/sales_pipeline.py
[2025-05-15T13:00:06.342+0000] {processor.py:753} INFO - DAG(s) dict_keys(['sales_data_pipeline']) retrieved from /opt/airflow/dags/sales_pipeline.py
[2025-05-15T13:00:06.373+0000] {logging_mixin.py:137} INFO - [2025-05-15T13:00:06.373+0000] {dag.py:2676} INFO - Sync 1 DAGs
[2025-05-15T13:00:06.397+0000] {logging_mixin.py:137} INFO - [2025-05-15T13:00:06.397+0000] {dag.py:3427} INFO - Setting next_dagrun for sales_data_pipeline to 2025-05-15T00:00:00+00:00, run_after=2025-05-16T00:00:00+00:00
[2025-05-15T13:00:06.416+0000] {processor.py:175} INFO - Processing /opt/airflow/dags/sales_pipeline.py took 0.094 seconds
[2025-05-15T13:00:36.453+0000] {processor.py:153} INFO - Started process (PID=272) to work on /opt/airflow/dags/sales_pipeline.py
[2025-05-15T13:00:36.454+0000] {processor.py:743} INFO - Processing file /opt/airflow/dags/sales_pipeline.py for tasks to queue
[2025-05-15T13:00:36.455+0000] {logging_mixin.py:137} INFO - [2025-05-15T13:00:36.454+0000] {dagbag.py:538} INFO - Filling up the DagBag from /opt/airflow/dags/sales_pipeline.py
[2025-05-15T13:00:36.468+0000] {processor.py:753} INFO - DAG(s) dict_keys(['sales_data_pipeline']) retrieved from /opt/airflow/dags/sales_pipeline.py
[2025-05-15T13:00:36.497+0000] {logging_mixin.py:137} INFO - [2025-05-15T13:00:36.497+0000] {dag.py:2676} INFO - Sync 1 DAGs
[2025-05-15T13:00:36.521+0000] {logging_mixin.py:137} INFO - [2025-05-15T13:00:36.520+0000] {dag.py:3427} INFO - Setting next_dagrun for sales_data_pipeline to 2025-05-15T00:00:00+00:00, run_after=2025-05-16T00:00:00+00:00
[2025-05-15T13:00:36.536+0000] {processor.py:175} INFO - Processing /opt/airflow/dags/sales_pipeline.py took 0.086 seconds
[2025-05-15T13:01:06.629+0000] {processor.py:153} INFO - Started process (PID=277) to work on /opt/airflow/dags/sales_pipeline.py
[2025-05-15T13:01:06.629+0000] {processor.py:743} INFO - Processing file /opt/airflow/dags/sales_pipeline.py for tasks to queue
[2025-05-15T13:01:06.630+0000] {logging_mixin.py:137} INFO - [2025-05-15T13:01:06.630+0000] {dagbag.py:538} INFO - Filling up the DagBag from /opt/airflow/dags/sales_pipeline.py
[2025-05-15T13:01:06.643+0000] {processor.py:753} INFO - DAG(s) dict_keys(['sales_data_pipeline']) retrieved from /opt/airflow/dags/sales_pipeline.py
[2025-05-15T13:01:06.678+0000] {logging_mixin.py:137} INFO - [2025-05-15T13:01:06.678+0000] {dag.py:2676} INFO - Sync 1 DAGs
[2025-05-15T13:01:06.703+0000] {logging_mixin.py:137} INFO - [2025-05-15T13:01:06.703+0000] {dag.py:3427} INFO - Setting next_dagrun for sales_data_pipeline to 2025-05-15T00:00:00+00:00, run_after=2025-05-16T00:00:00+00:00
[2025-05-15T13:01:06.718+0000] {processor.py:175} INFO - Processing /opt/airflow/dags/sales_pipeline.py took 0.092 seconds
[2025-05-15T13:01:36.745+0000] {processor.py:153} INFO - Started process (PID=282) to work on /opt/airflow/dags/sales_pipeline.py
[2025-05-15T13:01:36.746+0000] {processor.py:743} INFO - Processing file /opt/airflow/dags/sales_pipeline.py for tasks to queue
[2025-05-15T13:01:36.746+0000] {logging_mixin.py:137} INFO - [2025-05-15T13:01:36.746+0000] {dagbag.py:538} INFO - Filling up the DagBag from /opt/airflow/dags/sales_pipeline.py
[2025-05-15T13:01:36.759+0000] {processor.py:753} INFO - DAG(s) dict_keys(['sales_data_pipeline']) retrieved from /opt/airflow/dags/sales_pipeline.py
[2025-05-15T13:01:36.797+0000] {logging_mixin.py:137} INFO - [2025-05-15T13:01:36.797+0000] {dag.py:2676} INFO - Sync 1 DAGs
[2025-05-15T13:01:36.821+0000] {logging_mixin.py:137} INFO - [2025-05-15T13:01:36.821+0000] {dag.py:3427} INFO - Setting next_dagrun for sales_data_pipeline to 2025-05-15T00:00:00+00:00, run_after=2025-05-16T00:00:00+00:00
[2025-05-15T13:01:36.836+0000] {processor.py:175} INFO - Processing /opt/airflow/dags/sales_pipeline.py took 0.094 seconds
[2025-05-15T13:02:06.946+0000] {processor.py:153} INFO - Started process (PID=287) to work on /opt/airflow/dags/sales_pipeline.py
[2025-05-15T13:02:06.946+0000] {processor.py:743} INFO - Processing file /opt/airflow/dags/sales_pipeline.py for tasks to queue
[2025-05-15T13:02:06.947+0000] {logging_mixin.py:137} INFO - [2025-05-15T13:02:06.947+0000] {dagbag.py:538} INFO - Filling up the DagBag from /opt/airflow/dags/sales_pipeline.py
[2025-05-15T13:02:06.961+0000] {processor.py:753} INFO - DAG(s) dict_keys(['sales_data_pipeline']) retrieved from /opt/airflow/dags/sales_pipeline.py
[2025-05-15T13:02:06.991+0000] {logging_mixin.py:137} INFO - [2025-05-15T13:02:06.990+0000] {dag.py:2676} INFO - Sync 1 DAGs
[2025-05-15T13:02:07.012+0000] {logging_mixin.py:137} INFO - [2025-05-15T13:02:07.012+0000] {dag.py:3427} INFO - Setting next_dagrun for sales_data_pipeline to 2025-05-15T00:00:00+00:00, run_after=2025-05-16T00:00:00+00:00
[2025-05-15T13:02:07.029+0000] {processor.py:175} INFO - Processing /opt/airflow/dags/sales_pipeline.py took 0.085 seconds
[2025-05-15T13:02:37.060+0000] {processor.py:153} INFO - Started process (PID=292) to work on /opt/airflow/dags/sales_pipeline.py
[2025-05-15T13:02:37.061+0000] {processor.py:743} INFO - Processing file /opt/airflow/dags/sales_pipeline.py for tasks to queue
[2025-05-15T13:02:37.061+0000] {logging_mixin.py:137} INFO - [2025-05-15T13:02:37.061+0000] {dagbag.py:538} INFO - Filling up the DagBag from /opt/airflow/dags/sales_pipeline.py
[2025-05-15T13:02:37.075+0000] {processor.py:753} INFO - DAG(s) dict_keys(['sales_data_pipeline']) retrieved from /opt/airflow/dags/sales_pipeline.py
[2025-05-15T13:02:37.104+0000] {logging_mixin.py:137} INFO - [2025-05-15T13:02:37.104+0000] {dag.py:2676} INFO - Sync 1 DAGs
[2025-05-15T13:02:37.127+0000] {logging_mixin.py:137} INFO - [2025-05-15T13:02:37.126+0000] {dag.py:3427} INFO - Setting next_dagrun for sales_data_pipeline to 2025-05-15T00:00:00+00:00, run_after=2025-05-16T00:00:00+00:00
[2025-05-15T13:02:37.142+0000] {processor.py:175} INFO - Processing /opt/airflow/dags/sales_pipeline.py took 0.084 seconds
[2025-05-15T13:03:07.256+0000] {processor.py:153} INFO - Started process (PID=297) to work on /opt/airflow/dags/sales_pipeline.py
[2025-05-15T13:03:07.257+0000] {processor.py:743} INFO - Processing file /opt/airflow/dags/sales_pipeline.py for tasks to queue
[2025-05-15T13:03:07.258+0000] {logging_mixin.py:137} INFO - [2025-05-15T13:03:07.258+0000] {dagbag.py:538} INFO - Filling up the DagBag from /opt/airflow/dags/sales_pipeline.py
[2025-05-15T13:03:07.277+0000] {processor.py:753} INFO - DAG(s) dict_keys(['sales_data_pipeline']) retrieved from /opt/airflow/dags/sales_pipeline.py
[2025-05-15T13:03:07.332+0000] {logging_mixin.py:137} INFO - [2025-05-15T13:03:07.332+0000] {dag.py:2676} INFO - Sync 1 DAGs
[2025-05-15T13:03:07.373+0000] {logging_mixin.py:137} INFO - [2025-05-15T13:03:07.373+0000] {dag.py:3427} INFO - Setting next_dagrun for sales_data_pipeline to 2025-05-15T00:00:00+00:00, run_after=2025-05-16T00:00:00+00:00
[2025-05-15T13:03:07.395+0000] {processor.py:175} INFO - Processing /opt/airflow/dags/sales_pipeline.py took 0.145 seconds
[2025-05-15T13:03:37.508+0000] {processor.py:153} INFO - Started process (PID=302) to work on /opt/airflow/dags/sales_pipeline.py
[2025-05-15T13:03:37.508+0000] {processor.py:743} INFO - Processing file /opt/airflow/dags/sales_pipeline.py for tasks to queue
[2025-05-15T13:03:37.509+0000] {logging_mixin.py:137} INFO - [2025-05-15T13:03:37.509+0000] {dagbag.py:538} INFO - Filling up the DagBag from /opt/airflow/dags/sales_pipeline.py
[2025-05-15T13:03:37.523+0000] {processor.py:753} INFO - DAG(s) dict_keys(['sales_data_pipeline']) retrieved from /opt/airflow/dags/sales_pipeline.py
[2025-05-15T13:03:37.552+0000] {logging_mixin.py:137} INFO - [2025-05-15T13:03:37.552+0000] {dag.py:2676} INFO - Sync 1 DAGs
[2025-05-15T13:03:37.573+0000] {logging_mixin.py:137} INFO - [2025-05-15T13:03:37.573+0000] {dag.py:3427} INFO - Setting next_dagrun for sales_data_pipeline to 2025-05-15T00:00:00+00:00, run_after=2025-05-16T00:00:00+00:00
[2025-05-15T13:03:37.588+0000] {processor.py:175} INFO - Processing /opt/airflow/dags/sales_pipeline.py took 0.083 seconds
[2025-05-15T13:04:07.619+0000] {processor.py:153} INFO - Started process (PID=307) to work on /opt/airflow/dags/sales_pipeline.py
[2025-05-15T13:04:07.620+0000] {processor.py:743} INFO - Processing file /opt/airflow/dags/sales_pipeline.py for tasks to queue
[2025-05-15T13:04:07.620+0000] {logging_mixin.py:137} INFO - [2025-05-15T13:04:07.620+0000] {dagbag.py:538} INFO - Filling up the DagBag from /opt/airflow/dags/sales_pipeline.py
[2025-05-15T13:04:07.633+0000] {processor.py:753} INFO - DAG(s) dict_keys(['sales_data_pipeline']) retrieved from /opt/airflow/dags/sales_pipeline.py
[2025-05-15T13:04:07.663+0000] {logging_mixin.py:137} INFO - [2025-05-15T13:04:07.663+0000] {dag.py:2676} INFO - Sync 1 DAGs
[2025-05-15T13:04:07.686+0000] {logging_mixin.py:137} INFO - [2025-05-15T13:04:07.686+0000] {dag.py:3427} INFO - Setting next_dagrun for sales_data_pipeline to 2025-05-15T00:00:00+00:00, run_after=2025-05-16T00:00:00+00:00
[2025-05-15T13:04:07.701+0000] {processor.py:175} INFO - Processing /opt/airflow/dags/sales_pipeline.py took 0.084 seconds
[2025-05-15T13:04:37.803+0000] {processor.py:153} INFO - Started process (PID=312) to work on /opt/airflow/dags/sales_pipeline.py
[2025-05-15T13:04:37.803+0000] {processor.py:743} INFO - Processing file /opt/airflow/dags/sales_pipeline.py for tasks to queue
[2025-05-15T13:04:37.804+0000] {logging_mixin.py:137} INFO - [2025-05-15T13:04:37.804+0000] {dagbag.py:538} INFO - Filling up the DagBag from /opt/airflow/dags/sales_pipeline.py
[2025-05-15T13:04:37.817+0000] {processor.py:753} INFO - DAG(s) dict_keys(['sales_data_pipeline']) retrieved from /opt/airflow/dags/sales_pipeline.py
[2025-05-15T13:04:37.846+0000] {logging_mixin.py:137} INFO - [2025-05-15T13:04:37.846+0000] {dag.py:2676} INFO - Sync 1 DAGs
[2025-05-15T13:04:37.878+0000] {logging_mixin.py:137} INFO - [2025-05-15T13:04:37.878+0000] {dag.py:3427} INFO - Setting next_dagrun for sales_data_pipeline to 2025-05-15T00:00:00+00:00, run_after=2025-05-16T00:00:00+00:00
[2025-05-15T13:04:37.906+0000] {processor.py:175} INFO - Processing /opt/airflow/dags/sales_pipeline.py took 0.106 seconds
[2025-05-15T13:05:08.017+0000] {processor.py:153} INFO - Started process (PID=317) to work on /opt/airflow/dags/sales_pipeline.py
[2025-05-15T13:05:08.018+0000] {processor.py:743} INFO - Processing file /opt/airflow/dags/sales_pipeline.py for tasks to queue
[2025-05-15T13:05:08.018+0000] {logging_mixin.py:137} INFO - [2025-05-15T13:05:08.018+0000] {dagbag.py:538} INFO - Filling up the DagBag from /opt/airflow/dags/sales_pipeline.py
[2025-05-15T13:05:08.034+0000] {processor.py:753} INFO - DAG(s) dict_keys(['sales_data_pipeline']) retrieved from /opt/airflow/dags/sales_pipeline.py
[2025-05-15T13:05:08.068+0000] {logging_mixin.py:137} INFO - [2025-05-15T13:05:08.068+0000] {dag.py:2676} INFO - Sync 1 DAGs
[2025-05-15T13:05:08.102+0000] {logging_mixin.py:137} INFO - [2025-05-15T13:05:08.102+0000] {dag.py:3427} INFO - Setting next_dagrun for sales_data_pipeline to 2025-05-15T00:00:00+00:00, run_after=2025-05-16T00:00:00+00:00
[2025-05-15T13:05:08.123+0000] {processor.py:175} INFO - Processing /opt/airflow/dags/sales_pipeline.py took 0.109 seconds
[2025-05-15T13:05:38.231+0000] {processor.py:153} INFO - Started process (PID=322) to work on /opt/airflow/dags/sales_pipeline.py
[2025-05-15T13:05:38.232+0000] {processor.py:743} INFO - Processing file /opt/airflow/dags/sales_pipeline.py for tasks to queue
[2025-05-15T13:05:38.233+0000] {logging_mixin.py:137} INFO - [2025-05-15T13:05:38.232+0000] {dagbag.py:538} INFO - Filling up the DagBag from /opt/airflow/dags/sales_pipeline.py
[2025-05-15T13:05:38.246+0000] {processor.py:753} INFO - DAG(s) dict_keys(['sales_data_pipeline']) retrieved from /opt/airflow/dags/sales_pipeline.py
[2025-05-15T13:05:38.319+0000] {logging_mixin.py:137} INFO - [2025-05-15T13:05:38.319+0000] {dag.py:2676} INFO - Sync 1 DAGs
[2025-05-15T13:05:38.341+0000] {logging_mixin.py:137} INFO - [2025-05-15T13:05:38.341+0000] {dag.py:3427} INFO - Setting next_dagrun for sales_data_pipeline to 2025-05-15T00:00:00+00:00, run_after=2025-05-16T00:00:00+00:00
[2025-05-15T13:05:38.355+0000] {processor.py:175} INFO - Processing /opt/airflow/dags/sales_pipeline.py took 0.127 seconds
[2025-05-15T13:06:08.454+0000] {processor.py:153} INFO - Started process (PID=327) to work on /opt/airflow/dags/sales_pipeline.py
[2025-05-15T13:06:08.455+0000] {processor.py:743} INFO - Processing file /opt/airflow/dags/sales_pipeline.py for tasks to queue
[2025-05-15T13:06:08.455+0000] {logging_mixin.py:137} INFO - [2025-05-15T13:06:08.455+0000] {dagbag.py:538} INFO - Filling up the DagBag from /opt/airflow/dags/sales_pipeline.py
[2025-05-15T13:06:08.469+0000] {processor.py:753} INFO - DAG(s) dict_keys(['sales_data_pipeline']) retrieved from /opt/airflow/dags/sales_pipeline.py
[2025-05-15T13:06:08.498+0000] {logging_mixin.py:137} INFO - [2025-05-15T13:06:08.497+0000] {dag.py:2676} INFO - Sync 1 DAGs
[2025-05-15T13:06:08.518+0000] {logging_mixin.py:137} INFO - [2025-05-15T13:06:08.518+0000] {dag.py:3427} INFO - Setting next_dagrun for sales_data_pipeline to 2025-05-15T00:00:00+00:00, run_after=2025-05-16T00:00:00+00:00
[2025-05-15T13:06:08.534+0000] {processor.py:175} INFO - Processing /opt/airflow/dags/sales_pipeline.py took 0.083 seconds
[2025-05-15T13:06:38.571+0000] {processor.py:153} INFO - Started process (PID=332) to work on /opt/airflow/dags/sales_pipeline.py
[2025-05-15T13:06:38.572+0000] {processor.py:743} INFO - Processing file /opt/airflow/dags/sales_pipeline.py for tasks to queue
[2025-05-15T13:06:38.572+0000] {logging_mixin.py:137} INFO - [2025-05-15T13:06:38.572+0000] {dagbag.py:538} INFO - Filling up the DagBag from /opt/airflow/dags/sales_pipeline.py
[2025-05-15T13:06:38.585+0000] {processor.py:753} INFO - DAG(s) dict_keys(['sales_data_pipeline']) retrieved from /opt/airflow/dags/sales_pipeline.py
[2025-05-15T13:06:38.614+0000] {logging_mixin.py:137} INFO - [2025-05-15T13:06:38.613+0000] {dag.py:2676} INFO - Sync 1 DAGs
[2025-05-15T13:06:38.636+0000] {logging_mixin.py:137} INFO - [2025-05-15T13:06:38.636+0000] {dag.py:3427} INFO - Setting next_dagrun for sales_data_pipeline to 2025-05-15T00:00:00+00:00, run_after=2025-05-16T00:00:00+00:00
[2025-05-15T13:06:38.652+0000] {processor.py:175} INFO - Processing /opt/airflow/dags/sales_pipeline.py took 0.083 seconds
[2025-05-15T13:07:08.756+0000] {processor.py:153} INFO - Started process (PID=337) to work on /opt/airflow/dags/sales_pipeline.py
[2025-05-15T13:07:08.756+0000] {processor.py:743} INFO - Processing file /opt/airflow/dags/sales_pipeline.py for tasks to queue
[2025-05-15T13:07:08.757+0000] {logging_mixin.py:137} INFO - [2025-05-15T13:07:08.757+0000] {dagbag.py:538} INFO - Filling up the DagBag from /opt/airflow/dags/sales_pipeline.py
[2025-05-15T13:07:08.770+0000] {processor.py:753} INFO - DAG(s) dict_keys(['sales_data_pipeline']) retrieved from /opt/airflow/dags/sales_pipeline.py
[2025-05-15T13:07:08.798+0000] {logging_mixin.py:137} INFO - [2025-05-15T13:07:08.798+0000] {dag.py:2676} INFO - Sync 1 DAGs
[2025-05-15T13:07:08.820+0000] {logging_mixin.py:137} INFO - [2025-05-15T13:07:08.820+0000] {dag.py:3427} INFO - Setting next_dagrun for sales_data_pipeline to 2025-05-15T00:00:00+00:00, run_after=2025-05-16T00:00:00+00:00
[2025-05-15T13:07:08.836+0000] {processor.py:175} INFO - Processing /opt/airflow/dags/sales_pipeline.py took 0.083 seconds
[2025-05-15T13:07:38.875+0000] {processor.py:153} INFO - Started process (PID=342) to work on /opt/airflow/dags/sales_pipeline.py
[2025-05-15T13:07:38.876+0000] {processor.py:743} INFO - Processing file /opt/airflow/dags/sales_pipeline.py for tasks to queue
[2025-05-15T13:07:38.876+0000] {logging_mixin.py:137} INFO - [2025-05-15T13:07:38.876+0000] {dagbag.py:538} INFO - Filling up the DagBag from /opt/airflow/dags/sales_pipeline.py
[2025-05-15T13:07:38.889+0000] {processor.py:753} INFO - DAG(s) dict_keys(['sales_data_pipeline']) retrieved from /opt/airflow/dags/sales_pipeline.py
[2025-05-15T13:07:38.918+0000] {logging_mixin.py:137} INFO - [2025-05-15T13:07:38.918+0000] {dag.py:2676} INFO - Sync 1 DAGs
[2025-05-15T13:07:38.940+0000] {logging_mixin.py:137} INFO - [2025-05-15T13:07:38.940+0000] {dag.py:3427} INFO - Setting next_dagrun for sales_data_pipeline to 2025-05-15T00:00:00+00:00, run_after=2025-05-16T00:00:00+00:00
[2025-05-15T13:07:38.956+0000] {processor.py:175} INFO - Processing /opt/airflow/dags/sales_pipeline.py took 0.084 seconds
[2025-05-15T13:08:09.064+0000] {processor.py:153} INFO - Started process (PID=347) to work on /opt/airflow/dags/sales_pipeline.py
[2025-05-15T13:08:09.064+0000] {processor.py:743} INFO - Processing file /opt/airflow/dags/sales_pipeline.py for tasks to queue
[2025-05-15T13:08:09.065+0000] {logging_mixin.py:137} INFO - [2025-05-15T13:08:09.065+0000] {dagbag.py:538} INFO - Filling up the DagBag from /opt/airflow/dags/sales_pipeline.py
[2025-05-15T13:08:09.077+0000] {processor.py:753} INFO - DAG(s) dict_keys(['sales_data_pipeline']) retrieved from /opt/airflow/dags/sales_pipeline.py
[2025-05-15T13:08:09.106+0000] {logging_mixin.py:137} INFO - [2025-05-15T13:08:09.106+0000] {dag.py:2676} INFO - Sync 1 DAGs
[2025-05-15T13:08:09.126+0000] {logging_mixin.py:137} INFO - [2025-05-15T13:08:09.126+0000] {dag.py:3427} INFO - Setting next_dagrun for sales_data_pipeline to 2025-05-15T00:00:00+00:00, run_after=2025-05-16T00:00:00+00:00
[2025-05-15T13:08:09.142+0000] {processor.py:175} INFO - Processing /opt/airflow/dags/sales_pipeline.py took 0.081 seconds
[2025-05-15T13:08:39.184+0000] {processor.py:153} INFO - Started process (PID=352) to work on /opt/airflow/dags/sales_pipeline.py
[2025-05-15T13:08:39.184+0000] {processor.py:743} INFO - Processing file /opt/airflow/dags/sales_pipeline.py for tasks to queue
[2025-05-15T13:08:39.185+0000] {logging_mixin.py:137} INFO - [2025-05-15T13:08:39.185+0000] {dagbag.py:538} INFO - Filling up the DagBag from /opt/airflow/dags/sales_pipeline.py
[2025-05-15T13:08:39.198+0000] {processor.py:753} INFO - DAG(s) dict_keys(['sales_data_pipeline']) retrieved from /opt/airflow/dags/sales_pipeline.py
[2025-05-15T13:08:39.226+0000] {logging_mixin.py:137} INFO - [2025-05-15T13:08:39.226+0000] {dag.py:2676} INFO - Sync 1 DAGs
[2025-05-15T13:08:39.248+0000] {logging_mixin.py:137} INFO - [2025-05-15T13:08:39.248+0000] {dag.py:3427} INFO - Setting next_dagrun for sales_data_pipeline to 2025-05-15T00:00:00+00:00, run_after=2025-05-16T00:00:00+00:00
[2025-05-15T13:08:39.263+0000] {processor.py:175} INFO - Processing /opt/airflow/dags/sales_pipeline.py took 0.081 seconds
[2025-05-15T13:09:09.357+0000] {processor.py:153} INFO - Started process (PID=357) to work on /opt/airflow/dags/sales_pipeline.py
[2025-05-15T13:09:09.358+0000] {processor.py:743} INFO - Processing file /opt/airflow/dags/sales_pipeline.py for tasks to queue
[2025-05-15T13:09:09.358+0000] {logging_mixin.py:137} INFO - [2025-05-15T13:09:09.358+0000] {dagbag.py:538} INFO - Filling up the DagBag from /opt/airflow/dags/sales_pipeline.py
[2025-05-15T13:09:09.371+0000] {processor.py:753} INFO - DAG(s) dict_keys(['sales_data_pipeline']) retrieved from /opt/airflow/dags/sales_pipeline.py
[2025-05-15T13:09:09.406+0000] {logging_mixin.py:137} INFO - [2025-05-15T13:09:09.406+0000] {dag.py:2676} INFO - Sync 1 DAGs
[2025-05-15T13:09:09.426+0000] {logging_mixin.py:137} INFO - [2025-05-15T13:09:09.426+0000] {dag.py:3427} INFO - Setting next_dagrun for sales_data_pipeline to 2025-05-15T00:00:00+00:00, run_after=2025-05-16T00:00:00+00:00
[2025-05-15T13:09:09.441+0000] {processor.py:175} INFO - Processing /opt/airflow/dags/sales_pipeline.py took 0.086 seconds
[2025-05-15T13:09:39.483+0000] {processor.py:153} INFO - Started process (PID=362) to work on /opt/airflow/dags/sales_pipeline.py
[2025-05-15T13:09:39.484+0000] {processor.py:743} INFO - Processing file /opt/airflow/dags/sales_pipeline.py for tasks to queue
[2025-05-15T13:09:39.484+0000] {logging_mixin.py:137} INFO - [2025-05-15T13:09:39.484+0000] {dagbag.py:538} INFO - Filling up the DagBag from /opt/airflow/dags/sales_pipeline.py
[2025-05-15T13:09:39.498+0000] {processor.py:753} INFO - DAG(s) dict_keys(['sales_data_pipeline']) retrieved from /opt/airflow/dags/sales_pipeline.py
[2025-05-15T13:09:39.526+0000] {logging_mixin.py:137} INFO - [2025-05-15T13:09:39.526+0000] {dag.py:2676} INFO - Sync 1 DAGs
[2025-05-15T13:09:39.548+0000] {logging_mixin.py:137} INFO - [2025-05-15T13:09:39.548+0000] {dag.py:3427} INFO - Setting next_dagrun for sales_data_pipeline to 2025-05-15T00:00:00+00:00, run_after=2025-05-16T00:00:00+00:00
[2025-05-15T13:09:39.564+0000] {processor.py:175} INFO - Processing /opt/airflow/dags/sales_pipeline.py took 0.083 seconds
[2025-05-15T13:10:09.660+0000] {processor.py:153} INFO - Started process (PID=367) to work on /opt/airflow/dags/sales_pipeline.py
[2025-05-15T13:10:09.661+0000] {processor.py:743} INFO - Processing file /opt/airflow/dags/sales_pipeline.py for tasks to queue
[2025-05-15T13:10:09.661+0000] {logging_mixin.py:137} INFO - [2025-05-15T13:10:09.661+0000] {dagbag.py:538} INFO - Filling up the DagBag from /opt/airflow/dags/sales_pipeline.py
[2025-05-15T13:10:09.677+0000] {processor.py:753} INFO - DAG(s) dict_keys(['sales_data_pipeline']) retrieved from /opt/airflow/dags/sales_pipeline.py
[2025-05-15T13:10:09.720+0000] {logging_mixin.py:137} INFO - [2025-05-15T13:10:09.720+0000] {dag.py:2676} INFO - Sync 1 DAGs
[2025-05-15T13:10:09.751+0000] {logging_mixin.py:137} INFO - [2025-05-15T13:10:09.751+0000] {dag.py:3427} INFO - Setting next_dagrun for sales_data_pipeline to 2025-05-15T00:00:00+00:00, run_after=2025-05-16T00:00:00+00:00
[2025-05-15T13:10:09.765+0000] {processor.py:175} INFO - Processing /opt/airflow/dags/sales_pipeline.py took 0.107 seconds
[2025-05-15T13:10:39.867+0000] {processor.py:153} INFO - Started process (PID=372) to work on /opt/airflow/dags/sales_pipeline.py
[2025-05-15T13:10:39.868+0000] {processor.py:743} INFO - Processing file /opt/airflow/dags/sales_pipeline.py for tasks to queue
[2025-05-15T13:10:39.868+0000] {logging_mixin.py:137} INFO - [2025-05-15T13:10:39.868+0000] {dagbag.py:538} INFO - Filling up the DagBag from /opt/airflow/dags/sales_pipeline.py
[2025-05-15T13:10:39.881+0000] {processor.py:753} INFO - DAG(s) dict_keys(['sales_data_pipeline']) retrieved from /opt/airflow/dags/sales_pipeline.py
[2025-05-15T13:10:39.911+0000] {logging_mixin.py:137} INFO - [2025-05-15T13:10:39.910+0000] {dag.py:2676} INFO - Sync 1 DAGs
[2025-05-15T13:10:39.932+0000] {logging_mixin.py:137} INFO - [2025-05-15T13:10:39.932+0000] {dag.py:3427} INFO - Setting next_dagrun for sales_data_pipeline to 2025-05-15T00:00:00+00:00, run_after=2025-05-16T00:00:00+00:00
[2025-05-15T13:10:39.946+0000] {processor.py:175} INFO - Processing /opt/airflow/dags/sales_pipeline.py took 0.081 seconds
[2025-05-15T13:11:09.977+0000] {processor.py:153} INFO - Started process (PID=377) to work on /opt/airflow/dags/sales_pipeline.py
[2025-05-15T13:11:09.978+0000] {processor.py:743} INFO - Processing file /opt/airflow/dags/sales_pipeline.py for tasks to queue
[2025-05-15T13:11:09.978+0000] {logging_mixin.py:137} INFO - [2025-05-15T13:11:09.978+0000] {dagbag.py:538} INFO - Filling up the DagBag from /opt/airflow/dags/sales_pipeline.py
[2025-05-15T13:11:09.991+0000] {processor.py:753} INFO - DAG(s) dict_keys(['sales_data_pipeline']) retrieved from /opt/airflow/dags/sales_pipeline.py
[2025-05-15T13:11:10.021+0000] {logging_mixin.py:137} INFO - [2025-05-15T13:11:10.020+0000] {dag.py:2676} INFO - Sync 1 DAGs
[2025-05-15T13:11:10.042+0000] {logging_mixin.py:137} INFO - [2025-05-15T13:11:10.042+0000] {dag.py:3427} INFO - Setting next_dagrun for sales_data_pipeline to 2025-05-15T00:00:00+00:00, run_after=2025-05-16T00:00:00+00:00
[2025-05-15T13:11:10.058+0000] {processor.py:175} INFO - Processing /opt/airflow/dags/sales_pipeline.py took 0.083 seconds
[2025-05-15T13:11:40.154+0000] {processor.py:153} INFO - Started process (PID=382) to work on /opt/airflow/dags/sales_pipeline.py
[2025-05-15T13:11:40.155+0000] {processor.py:743} INFO - Processing file /opt/airflow/dags/sales_pipeline.py for tasks to queue
[2025-05-15T13:11:40.155+0000] {logging_mixin.py:137} INFO - [2025-05-15T13:11:40.155+0000] {dagbag.py:538} INFO - Filling up the DagBag from /opt/airflow/dags/sales_pipeline.py
[2025-05-15T13:11:40.168+0000] {processor.py:753} INFO - DAG(s) dict_keys(['sales_data_pipeline']) retrieved from /opt/airflow/dags/sales_pipeline.py
[2025-05-15T13:11:40.196+0000] {logging_mixin.py:137} INFO - [2025-05-15T13:11:40.196+0000] {dag.py:2676} INFO - Sync 1 DAGs
[2025-05-15T13:11:40.216+0000] {logging_mixin.py:137} INFO - [2025-05-15T13:11:40.216+0000] {dag.py:3427} INFO - Setting next_dagrun for sales_data_pipeline to 2025-05-15T00:00:00+00:00, run_after=2025-05-16T00:00:00+00:00
[2025-05-15T13:11:40.231+0000] {processor.py:175} INFO - Processing /opt/airflow/dags/sales_pipeline.py took 0.079 seconds
[2025-05-15T13:12:10.280+0000] {processor.py:153} INFO - Started process (PID=387) to work on /opt/airflow/dags/sales_pipeline.py
[2025-05-15T13:12:10.280+0000] {processor.py:743} INFO - Processing file /opt/airflow/dags/sales_pipeline.py for tasks to queue
[2025-05-15T13:12:10.281+0000] {logging_mixin.py:137} INFO - [2025-05-15T13:12:10.281+0000] {dagbag.py:538} INFO - Filling up the DagBag from /opt/airflow/dags/sales_pipeline.py
[2025-05-15T13:12:10.300+0000] {processor.py:753} INFO - DAG(s) dict_keys(['sales_data_pipeline']) retrieved from /opt/airflow/dags/sales_pipeline.py
[2025-05-15T13:12:10.338+0000] {logging_mixin.py:137} INFO - [2025-05-15T13:12:10.337+0000] {dag.py:2676} INFO - Sync 1 DAGs
[2025-05-15T13:12:10.360+0000] {logging_mixin.py:137} INFO - [2025-05-15T13:12:10.360+0000] {dag.py:3427} INFO - Setting next_dagrun for sales_data_pipeline to 2025-05-15T00:00:00+00:00, run_after=2025-05-16T00:00:00+00:00
[2025-05-15T13:12:10.374+0000] {processor.py:175} INFO - Processing /opt/airflow/dags/sales_pipeline.py took 0.098 seconds
[2025-05-15T13:12:40.461+0000] {processor.py:153} INFO - Started process (PID=392) to work on /opt/airflow/dags/sales_pipeline.py
[2025-05-15T13:12:40.462+0000] {processor.py:743} INFO - Processing file /opt/airflow/dags/sales_pipeline.py for tasks to queue
[2025-05-15T13:12:40.464+0000] {logging_mixin.py:137} INFO - [2025-05-15T13:12:40.464+0000] {dagbag.py:538} INFO - Filling up the DagBag from /opt/airflow/dags/sales_pipeline.py
[2025-05-15T13:12:40.489+0000] {processor.py:753} INFO - DAG(s) dict_keys(['sales_data_pipeline']) retrieved from /opt/airflow/dags/sales_pipeline.py
[2025-05-15T13:12:40.588+0000] {logging_mixin.py:137} INFO - [2025-05-15T13:12:40.588+0000] {dag.py:2676} INFO - Sync 1 DAGs
[2025-05-15T13:12:40.641+0000] {logging_mixin.py:137} INFO - [2025-05-15T13:12:40.641+0000] {dag.py:3427} INFO - Setting next_dagrun for sales_data_pipeline to 2025-05-15T00:00:00+00:00, run_after=2025-05-16T00:00:00+00:00
[2025-05-15T13:12:40.666+0000] {processor.py:175} INFO - Processing /opt/airflow/dags/sales_pipeline.py took 0.212 seconds
[2025-05-15T13:13:10.790+0000] {processor.py:153} INFO - Started process (PID=397) to work on /opt/airflow/dags/sales_pipeline.py
[2025-05-15T13:13:10.791+0000] {processor.py:743} INFO - Processing file /opt/airflow/dags/sales_pipeline.py for tasks to queue
[2025-05-15T13:13:10.791+0000] {logging_mixin.py:137} INFO - [2025-05-15T13:13:10.791+0000] {dagbag.py:538} INFO - Filling up the DagBag from /opt/airflow/dags/sales_pipeline.py
[2025-05-15T13:13:10.804+0000] {processor.py:753} INFO - DAG(s) dict_keys(['sales_data_pipeline']) retrieved from /opt/airflow/dags/sales_pipeline.py
[2025-05-15T13:13:10.835+0000] {logging_mixin.py:137} INFO - [2025-05-15T13:13:10.835+0000] {dag.py:2676} INFO - Sync 1 DAGs
[2025-05-15T13:13:10.857+0000] {logging_mixin.py:137} INFO - [2025-05-15T13:13:10.857+0000] {dag.py:3427} INFO - Setting next_dagrun for sales_data_pipeline to 2025-05-15T00:00:00+00:00, run_after=2025-05-16T00:00:00+00:00
[2025-05-15T13:13:10.870+0000] {processor.py:175} INFO - Processing /opt/airflow/dags/sales_pipeline.py took 0.083 seconds
[2025-05-15T13:13:40.899+0000] {processor.py:153} INFO - Started process (PID=402) to work on /opt/airflow/dags/sales_pipeline.py
[2025-05-15T13:13:40.900+0000] {processor.py:743} INFO - Processing file /opt/airflow/dags/sales_pipeline.py for tasks to queue
[2025-05-15T13:13:40.901+0000] {logging_mixin.py:137} INFO - [2025-05-15T13:13:40.900+0000] {dagbag.py:538} INFO - Filling up the DagBag from /opt/airflow/dags/sales_pipeline.py
[2025-05-15T13:13:40.913+0000] {processor.py:753} INFO - DAG(s) dict_keys(['sales_data_pipeline']) retrieved from /opt/airflow/dags/sales_pipeline.py
[2025-05-15T13:13:40.942+0000] {logging_mixin.py:137} INFO - [2025-05-15T13:13:40.942+0000] {dag.py:2676} INFO - Sync 1 DAGs
[2025-05-15T13:13:40.980+0000] {logging_mixin.py:137} INFO - [2025-05-15T13:13:40.980+0000] {dag.py:3427} INFO - Setting next_dagrun for sales_data_pipeline to 2025-05-15T00:00:00+00:00, run_after=2025-05-16T00:00:00+00:00
[2025-05-15T13:13:41.004+0000] {processor.py:175} INFO - Processing /opt/airflow/dags/sales_pipeline.py took 0.108 seconds
[2025-05-15T13:14:11.084+0000] {processor.py:153} INFO - Started process (PID=407) to work on /opt/airflow/dags/sales_pipeline.py
[2025-05-15T13:14:11.084+0000] {processor.py:743} INFO - Processing file /opt/airflow/dags/sales_pipeline.py for tasks to queue
[2025-05-15T13:14:11.085+0000] {logging_mixin.py:137} INFO - [2025-05-15T13:14:11.085+0000] {dagbag.py:538} INFO - Filling up the DagBag from /opt/airflow/dags/sales_pipeline.py
[2025-05-15T13:14:11.098+0000] {processor.py:753} INFO - DAG(s) dict_keys(['sales_data_pipeline']) retrieved from /opt/airflow/dags/sales_pipeline.py
[2025-05-15T13:14:11.128+0000] {logging_mixin.py:137} INFO - [2025-05-15T13:14:11.128+0000] {dag.py:2676} INFO - Sync 1 DAGs
[2025-05-15T13:14:11.148+0000] {logging_mixin.py:137} INFO - [2025-05-15T13:14:11.148+0000] {dag.py:3427} INFO - Setting next_dagrun for sales_data_pipeline to 2025-05-15T00:00:00+00:00, run_after=2025-05-16T00:00:00+00:00
[2025-05-15T13:14:11.163+0000] {processor.py:175} INFO - Processing /opt/airflow/dags/sales_pipeline.py took 0.082 seconds
[2025-05-15T13:14:41.241+0000] {processor.py:153} INFO - Started process (PID=412) to work on /opt/airflow/dags/sales_pipeline.py
[2025-05-15T13:14:41.241+0000] {processor.py:743} INFO - Processing file /opt/airflow/dags/sales_pipeline.py for tasks to queue
[2025-05-15T13:14:41.242+0000] {logging_mixin.py:137} INFO - [2025-05-15T13:14:41.242+0000] {dagbag.py:538} INFO - Filling up the DagBag from /opt/airflow/dags/sales_pipeline.py
[2025-05-15T13:14:41.255+0000] {processor.py:753} INFO - DAG(s) dict_keys(['sales_data_pipeline']) retrieved from /opt/airflow/dags/sales_pipeline.py
[2025-05-15T13:14:41.284+0000] {logging_mixin.py:137} INFO - [2025-05-15T13:14:41.284+0000] {dag.py:2676} INFO - Sync 1 DAGs
[2025-05-15T13:14:41.305+0000] {logging_mixin.py:137} INFO - [2025-05-15T13:14:41.304+0000] {dag.py:3427} INFO - Setting next_dagrun for sales_data_pipeline to 2025-05-15T00:00:00+00:00, run_after=2025-05-16T00:00:00+00:00
[2025-05-15T13:14:41.319+0000] {processor.py:175} INFO - Processing /opt/airflow/dags/sales_pipeline.py took 0.081 seconds
[2025-05-15T13:15:11.394+0000] {processor.py:153} INFO - Started process (PID=417) to work on /opt/airflow/dags/sales_pipeline.py
[2025-05-15T13:15:11.394+0000] {processor.py:743} INFO - Processing file /opt/airflow/dags/sales_pipeline.py for tasks to queue
[2025-05-15T13:15:11.395+0000] {logging_mixin.py:137} INFO - [2025-05-15T13:15:11.395+0000] {dagbag.py:538} INFO - Filling up the DagBag from /opt/airflow/dags/sales_pipeline.py
[2025-05-15T13:15:11.408+0000] {processor.py:753} INFO - DAG(s) dict_keys(['sales_data_pipeline']) retrieved from /opt/airflow/dags/sales_pipeline.py
[2025-05-15T13:15:11.438+0000] {logging_mixin.py:137} INFO - [2025-05-15T13:15:11.438+0000] {dag.py:2676} INFO - Sync 1 DAGs
[2025-05-15T13:15:11.458+0000] {logging_mixin.py:137} INFO - [2025-05-15T13:15:11.458+0000] {dag.py:3427} INFO - Setting next_dagrun for sales_data_pipeline to 2025-05-15T00:00:00+00:00, run_after=2025-05-16T00:00:00+00:00
[2025-05-15T13:15:11.473+0000] {processor.py:175} INFO - Processing /opt/airflow/dags/sales_pipeline.py took 0.082 seconds
[2025-05-15T13:15:41.532+0000] {processor.py:153} INFO - Started process (PID=422) to work on /opt/airflow/dags/sales_pipeline.py
[2025-05-15T13:15:41.533+0000] {processor.py:743} INFO - Processing file /opt/airflow/dags/sales_pipeline.py for tasks to queue
[2025-05-15T13:15:41.533+0000] {logging_mixin.py:137} INFO - [2025-05-15T13:15:41.533+0000] {dagbag.py:538} INFO - Filling up the DagBag from /opt/airflow/dags/sales_pipeline.py
[2025-05-15T13:15:41.546+0000] {processor.py:753} INFO - DAG(s) dict_keys(['sales_data_pipeline']) retrieved from /opt/airflow/dags/sales_pipeline.py
[2025-05-15T13:15:41.576+0000] {logging_mixin.py:137} INFO - [2025-05-15T13:15:41.576+0000] {dag.py:2676} INFO - Sync 1 DAGs
[2025-05-15T13:15:41.598+0000] {logging_mixin.py:137} INFO - [2025-05-15T13:15:41.597+0000] {dag.py:3427} INFO - Setting next_dagrun for sales_data_pipeline to 2025-05-15T00:00:00+00:00, run_after=2025-05-16T00:00:00+00:00
[2025-05-15T13:15:41.613+0000] {processor.py:175} INFO - Processing /opt/airflow/dags/sales_pipeline.py took 0.084 seconds
[2025-05-15T13:16:11.676+0000] {processor.py:153} INFO - Started process (PID=427) to work on /opt/airflow/dags/sales_pipeline.py
[2025-05-15T13:16:11.676+0000] {processor.py:743} INFO - Processing file /opt/airflow/dags/sales_pipeline.py for tasks to queue
[2025-05-15T13:16:11.677+0000] {logging_mixin.py:137} INFO - [2025-05-15T13:16:11.677+0000] {dagbag.py:538} INFO - Filling up the DagBag from /opt/airflow/dags/sales_pipeline.py
[2025-05-15T13:16:11.690+0000] {processor.py:753} INFO - DAG(s) dict_keys(['sales_data_pipeline']) retrieved from /opt/airflow/dags/sales_pipeline.py
[2025-05-15T13:16:11.720+0000] {logging_mixin.py:137} INFO - [2025-05-15T13:16:11.719+0000] {dag.py:2676} INFO - Sync 1 DAGs
[2025-05-15T13:16:11.740+0000] {logging_mixin.py:137} INFO - [2025-05-15T13:16:11.740+0000] {dag.py:3427} INFO - Setting next_dagrun for sales_data_pipeline to 2025-05-15T00:00:00+00:00, run_after=2025-05-16T00:00:00+00:00
[2025-05-15T13:16:11.755+0000] {processor.py:175} INFO - Processing /opt/airflow/dags/sales_pipeline.py took 0.082 seconds
[2025-05-15T13:16:41.825+0000] {processor.py:153} INFO - Started process (PID=432) to work on /opt/airflow/dags/sales_pipeline.py
[2025-05-15T13:16:41.825+0000] {processor.py:743} INFO - Processing file /opt/airflow/dags/sales_pipeline.py for tasks to queue
[2025-05-15T13:16:41.826+0000] {logging_mixin.py:137} INFO - [2025-05-15T13:16:41.826+0000] {dagbag.py:538} INFO - Filling up the DagBag from /opt/airflow/dags/sales_pipeline.py
[2025-05-15T13:16:41.839+0000] {processor.py:753} INFO - DAG(s) dict_keys(['sales_data_pipeline']) retrieved from /opt/airflow/dags/sales_pipeline.py
[2025-05-15T13:16:41.869+0000] {logging_mixin.py:137} INFO - [2025-05-15T13:16:41.868+0000] {dag.py:2676} INFO - Sync 1 DAGs
[2025-05-15T13:16:41.890+0000] {logging_mixin.py:137} INFO - [2025-05-15T13:16:41.890+0000] {dag.py:3427} INFO - Setting next_dagrun for sales_data_pipeline to 2025-05-15T00:00:00+00:00, run_after=2025-05-16T00:00:00+00:00
[2025-05-15T13:16:41.905+0000] {processor.py:175} INFO - Processing /opt/airflow/dags/sales_pipeline.py took 0.083 seconds
[2025-05-15T13:17:11.963+0000] {processor.py:153} INFO - Started process (PID=437) to work on /opt/airflow/dags/sales_pipeline.py
[2025-05-15T13:17:11.964+0000] {processor.py:743} INFO - Processing file /opt/airflow/dags/sales_pipeline.py for tasks to queue
[2025-05-15T13:17:11.964+0000] {logging_mixin.py:137} INFO - [2025-05-15T13:17:11.964+0000] {dagbag.py:538} INFO - Filling up the DagBag from /opt/airflow/dags/sales_pipeline.py
[2025-05-15T13:17:11.982+0000] {processor.py:753} INFO - DAG(s) dict_keys(['sales_data_pipeline']) retrieved from /opt/airflow/dags/sales_pipeline.py
[2025-05-15T13:17:12.011+0000] {logging_mixin.py:137} INFO - [2025-05-15T13:17:12.011+0000] {dag.py:2676} INFO - Sync 1 DAGs
[2025-05-15T13:17:12.032+0000] {logging_mixin.py:137} INFO - [2025-05-15T13:17:12.032+0000] {dag.py:3427} INFO - Setting next_dagrun for sales_data_pipeline to 2025-05-15T00:00:00+00:00, run_after=2025-05-16T00:00:00+00:00
[2025-05-15T13:17:12.047+0000] {processor.py:175} INFO - Processing /opt/airflow/dags/sales_pipeline.py took 0.087 seconds
[2025-05-15T13:17:42.110+0000] {processor.py:153} INFO - Started process (PID=442) to work on /opt/airflow/dags/sales_pipeline.py
[2025-05-15T13:17:42.111+0000] {processor.py:743} INFO - Processing file /opt/airflow/dags/sales_pipeline.py for tasks to queue
[2025-05-15T13:17:42.111+0000] {logging_mixin.py:137} INFO - [2025-05-15T13:17:42.111+0000] {dagbag.py:538} INFO - Filling up the DagBag from /opt/airflow/dags/sales_pipeline.py
[2025-05-15T13:17:42.128+0000] {processor.py:753} INFO - DAG(s) dict_keys(['sales_data_pipeline']) retrieved from /opt/airflow/dags/sales_pipeline.py
[2025-05-15T13:17:42.178+0000] {logging_mixin.py:137} INFO - [2025-05-15T13:17:42.178+0000] {dag.py:2676} INFO - Sync 1 DAGs
[2025-05-15T13:17:42.206+0000] {logging_mixin.py:137} INFO - [2025-05-15T13:17:42.206+0000] {dag.py:3427} INFO - Setting next_dagrun for sales_data_pipeline to 2025-05-15T00:00:00+00:00, run_after=2025-05-16T00:00:00+00:00
[2025-05-15T13:17:42.223+0000] {processor.py:175} INFO - Processing /opt/airflow/dags/sales_pipeline.py took 0.115 seconds
[2025-05-15T13:18:12.267+0000] {processor.py:153} INFO - Started process (PID=447) to work on /opt/airflow/dags/sales_pipeline.py
[2025-05-15T13:18:12.268+0000] {processor.py:743} INFO - Processing file /opt/airflow/dags/sales_pipeline.py for tasks to queue
[2025-05-15T13:18:12.269+0000] {logging_mixin.py:137} INFO - [2025-05-15T13:18:12.268+0000] {dagbag.py:538} INFO - Filling up the DagBag from /opt/airflow/dags/sales_pipeline.py
[2025-05-15T13:18:12.288+0000] {processor.py:753} INFO - DAG(s) dict_keys(['sales_data_pipeline']) retrieved from /opt/airflow/dags/sales_pipeline.py
[2025-05-15T13:18:12.331+0000] {logging_mixin.py:137} INFO - [2025-05-15T13:18:12.331+0000] {dag.py:2676} INFO - Sync 1 DAGs
[2025-05-15T13:18:12.353+0000] {logging_mixin.py:137} INFO - [2025-05-15T13:18:12.353+0000] {dag.py:3427} INFO - Setting next_dagrun for sales_data_pipeline to 2025-05-15T00:00:00+00:00, run_after=2025-05-16T00:00:00+00:00
[2025-05-15T13:18:12.368+0000] {processor.py:175} INFO - Processing /opt/airflow/dags/sales_pipeline.py took 0.104 seconds
[2025-05-15T13:18:42.428+0000] {processor.py:153} INFO - Started process (PID=452) to work on /opt/airflow/dags/sales_pipeline.py
[2025-05-15T13:18:42.428+0000] {processor.py:743} INFO - Processing file /opt/airflow/dags/sales_pipeline.py for tasks to queue
[2025-05-15T13:18:42.429+0000] {logging_mixin.py:137} INFO - [2025-05-15T13:18:42.428+0000] {dagbag.py:538} INFO - Filling up the DagBag from /opt/airflow/dags/sales_pipeline.py
[2025-05-15T13:18:42.442+0000] {processor.py:753} INFO - DAG(s) dict_keys(['sales_data_pipeline']) retrieved from /opt/airflow/dags/sales_pipeline.py
[2025-05-15T13:18:42.472+0000] {logging_mixin.py:137} INFO - [2025-05-15T13:18:42.472+0000] {dag.py:2676} INFO - Sync 1 DAGs
[2025-05-15T13:18:42.493+0000] {logging_mixin.py:137} INFO - [2025-05-15T13:18:42.492+0000] {dag.py:3427} INFO - Setting next_dagrun for sales_data_pipeline to 2025-05-15T00:00:00+00:00, run_after=2025-05-16T00:00:00+00:00
[2025-05-15T13:18:42.508+0000] {processor.py:175} INFO - Processing /opt/airflow/dags/sales_pipeline.py took 0.082 seconds
[2025-05-15T13:19:12.589+0000] {processor.py:153} INFO - Started process (PID=457) to work on /opt/airflow/dags/sales_pipeline.py
[2025-05-15T13:19:12.589+0000] {processor.py:743} INFO - Processing file /opt/airflow/dags/sales_pipeline.py for tasks to queue
[2025-05-15T13:19:12.590+0000] {logging_mixin.py:137} INFO - [2025-05-15T13:19:12.590+0000] {dagbag.py:538} INFO - Filling up the DagBag from /opt/airflow/dags/sales_pipeline.py
[2025-05-15T13:19:12.603+0000] {processor.py:753} INFO - DAG(s) dict_keys(['sales_data_pipeline']) retrieved from /opt/airflow/dags/sales_pipeline.py
[2025-05-15T13:19:12.633+0000] {logging_mixin.py:137} INFO - [2025-05-15T13:19:12.633+0000] {dag.py:2676} INFO - Sync 1 DAGs
[2025-05-15T13:19:12.659+0000] {logging_mixin.py:137} INFO - [2025-05-15T13:19:12.659+0000] {dag.py:3427} INFO - Setting next_dagrun for sales_data_pipeline to 2025-05-15T00:00:00+00:00, run_after=2025-05-16T00:00:00+00:00
[2025-05-15T13:19:12.676+0000] {processor.py:175} INFO - Processing /opt/airflow/dags/sales_pipeline.py took 0.089 seconds
[2025-05-15T13:19:42.728+0000] {processor.py:153} INFO - Started process (PID=462) to work on /opt/airflow/dags/sales_pipeline.py
[2025-05-15T13:19:42.729+0000] {processor.py:743} INFO - Processing file /opt/airflow/dags/sales_pipeline.py for tasks to queue
[2025-05-15T13:19:42.729+0000] {logging_mixin.py:137} INFO - [2025-05-15T13:19:42.729+0000] {dagbag.py:538} INFO - Filling up the DagBag from /opt/airflow/dags/sales_pipeline.py
[2025-05-15T13:19:42.742+0000] {processor.py:753} INFO - DAG(s) dict_keys(['sales_data_pipeline']) retrieved from /opt/airflow/dags/sales_pipeline.py
[2025-05-15T13:19:42.771+0000] {logging_mixin.py:137} INFO - [2025-05-15T13:19:42.771+0000] {dag.py:2676} INFO - Sync 1 DAGs
[2025-05-15T13:19:42.793+0000] {logging_mixin.py:137} INFO - [2025-05-15T13:19:42.793+0000] {dag.py:3427} INFO - Setting next_dagrun for sales_data_pipeline to 2025-05-15T00:00:00+00:00, run_after=2025-05-16T00:00:00+00:00
[2025-05-15T13:19:42.809+0000] {processor.py:175} INFO - Processing /opt/airflow/dags/sales_pipeline.py took 0.084 seconds
[2025-05-15T13:20:12.893+0000] {processor.py:153} INFO - Started process (PID=467) to work on /opt/airflow/dags/sales_pipeline.py
[2025-05-15T13:20:12.893+0000] {processor.py:743} INFO - Processing file /opt/airflow/dags/sales_pipeline.py for tasks to queue
[2025-05-15T13:20:12.894+0000] {logging_mixin.py:137} INFO - [2025-05-15T13:20:12.894+0000] {dagbag.py:538} INFO - Filling up the DagBag from /opt/airflow/dags/sales_pipeline.py
[2025-05-15T13:20:12.907+0000] {processor.py:753} INFO - DAG(s) dict_keys(['sales_data_pipeline']) retrieved from /opt/airflow/dags/sales_pipeline.py
[2025-05-15T13:20:12.935+0000] {logging_mixin.py:137} INFO - [2025-05-15T13:20:12.935+0000] {dag.py:2676} INFO - Sync 1 DAGs
[2025-05-15T13:20:12.956+0000] {logging_mixin.py:137} INFO - [2025-05-15T13:20:12.956+0000] {dag.py:3427} INFO - Setting next_dagrun for sales_data_pipeline to 2025-05-15T00:00:00+00:00, run_after=2025-05-16T00:00:00+00:00
[2025-05-15T13:20:12.972+0000] {processor.py:175} INFO - Processing /opt/airflow/dags/sales_pipeline.py took 0.082 seconds
[2025-05-15T13:20:43.016+0000] {processor.py:153} INFO - Started process (PID=472) to work on /opt/airflow/dags/sales_pipeline.py
[2025-05-15T13:20:43.016+0000] {processor.py:743} INFO - Processing file /opt/airflow/dags/sales_pipeline.py for tasks to queue
[2025-05-15T13:20:43.017+0000] {logging_mixin.py:137} INFO - [2025-05-15T13:20:43.017+0000] {dagbag.py:538} INFO - Filling up the DagBag from /opt/airflow/dags/sales_pipeline.py
[2025-05-15T13:20:43.030+0000] {processor.py:753} INFO - DAG(s) dict_keys(['sales_data_pipeline']) retrieved from /opt/airflow/dags/sales_pipeline.py
[2025-05-15T13:20:43.061+0000] {logging_mixin.py:137} INFO - [2025-05-15T13:20:43.061+0000] {dag.py:2676} INFO - Sync 1 DAGs
[2025-05-15T13:20:43.098+0000] {logging_mixin.py:137} INFO - [2025-05-15T13:20:43.098+0000] {dag.py:3427} INFO - Setting next_dagrun for sales_data_pipeline to 2025-05-15T00:00:00+00:00, run_after=2025-05-16T00:00:00+00:00
[2025-05-15T13:20:43.119+0000] {processor.py:175} INFO - Processing /opt/airflow/dags/sales_pipeline.py took 0.105 seconds
[2025-05-15T13:21:13.189+0000] {processor.py:153} INFO - Started process (PID=477) to work on /opt/airflow/dags/sales_pipeline.py
[2025-05-15T13:21:13.190+0000] {processor.py:743} INFO - Processing file /opt/airflow/dags/sales_pipeline.py for tasks to queue
[2025-05-15T13:21:13.191+0000] {logging_mixin.py:137} INFO - [2025-05-15T13:21:13.191+0000] {dagbag.py:538} INFO - Filling up the DagBag from /opt/airflow/dags/sales_pipeline.py
[2025-05-15T13:21:13.210+0000] {processor.py:753} INFO - DAG(s) dict_keys(['sales_data_pipeline']) retrieved from /opt/airflow/dags/sales_pipeline.py
[2025-05-15T13:21:13.257+0000] {logging_mixin.py:137} INFO - [2025-05-15T13:21:13.256+0000] {dag.py:2676} INFO - Sync 1 DAGs
[2025-05-15T13:21:13.298+0000] {logging_mixin.py:137} INFO - [2025-05-15T13:21:13.297+0000] {dag.py:3427} INFO - Setting next_dagrun for sales_data_pipeline to 2025-05-15T00:00:00+00:00, run_after=2025-05-16T00:00:00+00:00
[2025-05-15T13:21:13.319+0000] {processor.py:175} INFO - Processing /opt/airflow/dags/sales_pipeline.py took 0.133 seconds
[2025-05-15T13:21:43.423+0000] {processor.py:153} INFO - Started process (PID=482) to work on /opt/airflow/dags/sales_pipeline.py
[2025-05-15T13:21:43.424+0000] {processor.py:743} INFO - Processing file /opt/airflow/dags/sales_pipeline.py for tasks to queue
[2025-05-15T13:21:43.424+0000] {logging_mixin.py:137} INFO - [2025-05-15T13:21:43.424+0000] {dagbag.py:538} INFO - Filling up the DagBag from /opt/airflow/dags/sales_pipeline.py
[2025-05-15T13:21:43.438+0000] {processor.py:753} INFO - DAG(s) dict_keys(['sales_data_pipeline']) retrieved from /opt/airflow/dags/sales_pipeline.py
[2025-05-15T13:21:43.470+0000] {logging_mixin.py:137} INFO - [2025-05-15T13:21:43.470+0000] {dag.py:2676} INFO - Sync 1 DAGs
[2025-05-15T13:21:43.491+0000] {logging_mixin.py:137} INFO - [2025-05-15T13:21:43.491+0000] {dag.py:3427} INFO - Setting next_dagrun for sales_data_pipeline to 2025-05-15T00:00:00+00:00, run_after=2025-05-16T00:00:00+00:00
[2025-05-15T13:21:43.506+0000] {processor.py:175} INFO - Processing /opt/airflow/dags/sales_pipeline.py took 0.085 seconds
[2025-05-15T13:22:13.533+0000] {processor.py:153} INFO - Started process (PID=487) to work on /opt/airflow/dags/sales_pipeline.py
[2025-05-15T13:22:13.533+0000] {processor.py:743} INFO - Processing file /opt/airflow/dags/sales_pipeline.py for tasks to queue
[2025-05-15T13:22:13.534+0000] {logging_mixin.py:137} INFO - [2025-05-15T13:22:13.534+0000] {dagbag.py:538} INFO - Filling up the DagBag from /opt/airflow/dags/sales_pipeline.py
[2025-05-15T13:22:13.547+0000] {processor.py:753} INFO - DAG(s) dict_keys(['sales_data_pipeline']) retrieved from /opt/airflow/dags/sales_pipeline.py
[2025-05-15T13:22:13.576+0000] {logging_mixin.py:137} INFO - [2025-05-15T13:22:13.576+0000] {dag.py:2676} INFO - Sync 1 DAGs
[2025-05-15T13:22:13.598+0000] {logging_mixin.py:137} INFO - [2025-05-15T13:22:13.598+0000] {dag.py:3427} INFO - Setting next_dagrun for sales_data_pipeline to 2025-05-15T00:00:00+00:00, run_after=2025-05-16T00:00:00+00:00
[2025-05-15T13:22:13.613+0000] {processor.py:175} INFO - Processing /opt/airflow/dags/sales_pipeline.py took 0.083 seconds
[2025-05-15T13:22:43.722+0000] {processor.py:153} INFO - Started process (PID=492) to work on /opt/airflow/dags/sales_pipeline.py
[2025-05-15T13:22:43.722+0000] {processor.py:743} INFO - Processing file /opt/airflow/dags/sales_pipeline.py for tasks to queue
[2025-05-15T13:22:43.723+0000] {logging_mixin.py:137} INFO - [2025-05-15T13:22:43.723+0000] {dagbag.py:538} INFO - Filling up the DagBag from /opt/airflow/dags/sales_pipeline.py
[2025-05-15T13:22:43.742+0000] {processor.py:753} INFO - DAG(s) dict_keys(['sales_data_pipeline']) retrieved from /opt/airflow/dags/sales_pipeline.py
[2025-05-15T13:22:43.789+0000] {logging_mixin.py:137} INFO - [2025-05-15T13:22:43.789+0000] {dag.py:2676} INFO - Sync 1 DAGs
[2025-05-15T13:22:43.816+0000] {logging_mixin.py:137} INFO - [2025-05-15T13:22:43.816+0000] {dag.py:3427} INFO - Setting next_dagrun for sales_data_pipeline to 2025-05-15T00:00:00+00:00, run_after=2025-05-16T00:00:00+00:00
[2025-05-15T13:22:43.834+0000] {processor.py:175} INFO - Processing /opt/airflow/dags/sales_pipeline.py took 0.116 seconds
[2025-05-15T13:23:13.931+0000] {processor.py:153} INFO - Started process (PID=497) to work on /opt/airflow/dags/sales_pipeline.py
[2025-05-15T13:23:13.932+0000] {processor.py:743} INFO - Processing file /opt/airflow/dags/sales_pipeline.py for tasks to queue
[2025-05-15T13:23:13.933+0000] {logging_mixin.py:137} INFO - [2025-05-15T13:23:13.933+0000] {dagbag.py:538} INFO - Filling up the DagBag from /opt/airflow/dags/sales_pipeline.py
[2025-05-15T13:23:13.945+0000] {processor.py:753} INFO - DAG(s) dict_keys(['sales_data_pipeline']) retrieved from /opt/airflow/dags/sales_pipeline.py
[2025-05-15T13:23:13.978+0000] {logging_mixin.py:137} INFO - [2025-05-15T13:23:13.978+0000] {dag.py:2676} INFO - Sync 1 DAGs
[2025-05-15T13:23:14.003+0000] {logging_mixin.py:137} INFO - [2025-05-15T13:23:14.003+0000] {dag.py:3427} INFO - Setting next_dagrun for sales_data_pipeline to 2025-05-15T00:00:00+00:00, run_after=2025-05-16T00:00:00+00:00
[2025-05-15T13:23:14.019+0000] {processor.py:175} INFO - Processing /opt/airflow/dags/sales_pipeline.py took 0.090 seconds
[2025-05-15T13:23:44.051+0000] {processor.py:153} INFO - Started process (PID=502) to work on /opt/airflow/dags/sales_pipeline.py
[2025-05-15T13:23:44.052+0000] {processor.py:743} INFO - Processing file /opt/airflow/dags/sales_pipeline.py for tasks to queue
[2025-05-15T13:23:44.053+0000] {logging_mixin.py:137} INFO - [2025-05-15T13:23:44.052+0000] {dagbag.py:538} INFO - Filling up the DagBag from /opt/airflow/dags/sales_pipeline.py
[2025-05-15T13:23:44.065+0000] {processor.py:753} INFO - DAG(s) dict_keys(['sales_data_pipeline']) retrieved from /opt/airflow/dags/sales_pipeline.py
[2025-05-15T13:23:44.094+0000] {logging_mixin.py:137} INFO - [2025-05-15T13:23:44.094+0000] {dag.py:2676} INFO - Sync 1 DAGs
[2025-05-15T13:23:44.117+0000] {logging_mixin.py:137} INFO - [2025-05-15T13:23:44.117+0000] {dag.py:3427} INFO - Setting next_dagrun for sales_data_pipeline to 2025-05-15T00:00:00+00:00, run_after=2025-05-16T00:00:00+00:00
[2025-05-15T13:23:44.133+0000] {processor.py:175} INFO - Processing /opt/airflow/dags/sales_pipeline.py took 0.084 seconds
[2025-05-15T13:24:14.235+0000] {processor.py:153} INFO - Started process (PID=507) to work on /opt/airflow/dags/sales_pipeline.py
[2025-05-15T13:24:14.235+0000] {processor.py:743} INFO - Processing file /opt/airflow/dags/sales_pipeline.py for tasks to queue
[2025-05-15T13:24:14.236+0000] {logging_mixin.py:137} INFO - [2025-05-15T13:24:14.235+0000] {dagbag.py:538} INFO - Filling up the DagBag from /opt/airflow/dags/sales_pipeline.py
[2025-05-15T13:24:14.248+0000] {processor.py:753} INFO - DAG(s) dict_keys(['sales_data_pipeline']) retrieved from /opt/airflow/dags/sales_pipeline.py
[2025-05-15T13:24:14.278+0000] {logging_mixin.py:137} INFO - [2025-05-15T13:24:14.278+0000] {dag.py:2676} INFO - Sync 1 DAGs
[2025-05-15T13:24:14.298+0000] {logging_mixin.py:137} INFO - [2025-05-15T13:24:14.298+0000] {dag.py:3427} INFO - Setting next_dagrun for sales_data_pipeline to 2025-05-15T00:00:00+00:00, run_after=2025-05-16T00:00:00+00:00
[2025-05-15T13:24:14.317+0000] {processor.py:175} INFO - Processing /opt/airflow/dags/sales_pipeline.py took 0.085 seconds
[2025-05-15T13:24:44.349+0000] {processor.py:153} INFO - Started process (PID=512) to work on /opt/airflow/dags/sales_pipeline.py
[2025-05-15T13:24:44.349+0000] {processor.py:743} INFO - Processing file /opt/airflow/dags/sales_pipeline.py for tasks to queue
[2025-05-15T13:24:44.350+0000] {logging_mixin.py:137} INFO - [2025-05-15T13:24:44.350+0000] {dagbag.py:538} INFO - Filling up the DagBag from /opt/airflow/dags/sales_pipeline.py
[2025-05-15T13:24:44.363+0000] {processor.py:753} INFO - DAG(s) dict_keys(['sales_data_pipeline']) retrieved from /opt/airflow/dags/sales_pipeline.py
[2025-05-15T13:24:44.408+0000] {logging_mixin.py:137} INFO - [2025-05-15T13:24:44.408+0000] {dag.py:2676} INFO - Sync 1 DAGs
[2025-05-15T13:24:44.443+0000] {logging_mixin.py:137} INFO - [2025-05-15T13:24:44.443+0000] {dag.py:3427} INFO - Setting next_dagrun for sales_data_pipeline to 2025-05-15T00:00:00+00:00, run_after=2025-05-16T00:00:00+00:00
[2025-05-15T13:24:44.457+0000] {processor.py:175} INFO - Processing /opt/airflow/dags/sales_pipeline.py took 0.110 seconds
[2025-05-15T13:25:14.541+0000] {processor.py:153} INFO - Started process (PID=517) to work on /opt/airflow/dags/sales_pipeline.py
[2025-05-15T13:25:14.542+0000] {processor.py:743} INFO - Processing file /opt/airflow/dags/sales_pipeline.py for tasks to queue
[2025-05-15T13:25:14.542+0000] {logging_mixin.py:137} INFO - [2025-05-15T13:25:14.542+0000] {dagbag.py:538} INFO - Filling up the DagBag from /opt/airflow/dags/sales_pipeline.py
[2025-05-15T13:25:14.556+0000] {processor.py:753} INFO - DAG(s) dict_keys(['sales_data_pipeline']) retrieved from /opt/airflow/dags/sales_pipeline.py
[2025-05-15T13:25:14.584+0000] {logging_mixin.py:137} INFO - [2025-05-15T13:25:14.584+0000] {dag.py:2676} INFO - Sync 1 DAGs
[2025-05-15T13:25:14.604+0000] {logging_mixin.py:137} INFO - [2025-05-15T13:25:14.604+0000] {dag.py:3427} INFO - Setting next_dagrun for sales_data_pipeline to 2025-05-15T00:00:00+00:00, run_after=2025-05-16T00:00:00+00:00
[2025-05-15T13:25:14.619+0000] {processor.py:175} INFO - Processing /opt/airflow/dags/sales_pipeline.py took 0.080 seconds
[2025-05-15T13:25:44.663+0000] {processor.py:153} INFO - Started process (PID=522) to work on /opt/airflow/dags/sales_pipeline.py
[2025-05-15T13:25:44.664+0000] {processor.py:743} INFO - Processing file /opt/airflow/dags/sales_pipeline.py for tasks to queue
[2025-05-15T13:25:44.664+0000] {logging_mixin.py:137} INFO - [2025-05-15T13:25:44.664+0000] {dagbag.py:538} INFO - Filling up the DagBag from /opt/airflow/dags/sales_pipeline.py
[2025-05-15T13:25:44.678+0000] {processor.py:753} INFO - DAG(s) dict_keys(['sales_data_pipeline']) retrieved from /opt/airflow/dags/sales_pipeline.py
[2025-05-15T13:25:44.707+0000] {logging_mixin.py:137} INFO - [2025-05-15T13:25:44.707+0000] {dag.py:2676} INFO - Sync 1 DAGs
[2025-05-15T13:25:44.730+0000] {logging_mixin.py:137} INFO - [2025-05-15T13:25:44.730+0000] {dag.py:3427} INFO - Setting next_dagrun for sales_data_pipeline to 2025-05-15T00:00:00+00:00, run_after=2025-05-16T00:00:00+00:00
[2025-05-15T13:25:44.746+0000] {processor.py:175} INFO - Processing /opt/airflow/dags/sales_pipeline.py took 0.085 seconds
[2025-05-15T13:26:14.830+0000] {processor.py:153} INFO - Started process (PID=527) to work on /opt/airflow/dags/sales_pipeline.py
[2025-05-15T13:26:14.830+0000] {processor.py:743} INFO - Processing file /opt/airflow/dags/sales_pipeline.py for tasks to queue
[2025-05-15T13:26:14.831+0000] {logging_mixin.py:137} INFO - [2025-05-15T13:26:14.831+0000] {dagbag.py:538} INFO - Filling up the DagBag from /opt/airflow/dags/sales_pipeline.py
[2025-05-15T13:26:14.846+0000] {processor.py:753} INFO - DAG(s) dict_keys(['sales_data_pipeline']) retrieved from /opt/airflow/dags/sales_pipeline.py
[2025-05-15T13:26:14.875+0000] {logging_mixin.py:137} INFO - [2025-05-15T13:26:14.875+0000] {dag.py:2676} INFO - Sync 1 DAGs
[2025-05-15T13:26:14.897+0000] {logging_mixin.py:137} INFO - [2025-05-15T13:26:14.896+0000] {dag.py:3427} INFO - Setting next_dagrun for sales_data_pipeline to 2025-05-15T00:00:00+00:00, run_after=2025-05-16T00:00:00+00:00
[2025-05-15T13:26:14.912+0000] {processor.py:175} INFO - Processing /opt/airflow/dags/sales_pipeline.py took 0.085 seconds
[2025-05-15T13:26:44.956+0000] {processor.py:153} INFO - Started process (PID=532) to work on /opt/airflow/dags/sales_pipeline.py
[2025-05-15T13:26:44.956+0000] {processor.py:743} INFO - Processing file /opt/airflow/dags/sales_pipeline.py for tasks to queue
[2025-05-15T13:26:44.957+0000] {logging_mixin.py:137} INFO - [2025-05-15T13:26:44.957+0000] {dagbag.py:538} INFO - Filling up the DagBag from /opt/airflow/dags/sales_pipeline.py
[2025-05-15T13:26:44.969+0000] {processor.py:753} INFO - DAG(s) dict_keys(['sales_data_pipeline']) retrieved from /opt/airflow/dags/sales_pipeline.py
[2025-05-15T13:26:44.998+0000] {logging_mixin.py:137} INFO - [2025-05-15T13:26:44.998+0000] {dag.py:2676} INFO - Sync 1 DAGs
[2025-05-15T13:26:45.021+0000] {logging_mixin.py:137} INFO - [2025-05-15T13:26:45.021+0000] {dag.py:3427} INFO - Setting next_dagrun for sales_data_pipeline to 2025-05-15T00:00:00+00:00, run_after=2025-05-16T00:00:00+00:00
[2025-05-15T13:26:45.036+0000] {processor.py:175} INFO - Processing /opt/airflow/dags/sales_pipeline.py took 0.083 seconds
[2025-05-15T13:27:15.118+0000] {processor.py:153} INFO - Started process (PID=537) to work on /opt/airflow/dags/sales_pipeline.py
[2025-05-15T13:27:15.119+0000] {processor.py:743} INFO - Processing file /opt/airflow/dags/sales_pipeline.py for tasks to queue
[2025-05-15T13:27:15.119+0000] {logging_mixin.py:137} INFO - [2025-05-15T13:27:15.119+0000] {dagbag.py:538} INFO - Filling up the DagBag from /opt/airflow/dags/sales_pipeline.py
[2025-05-15T13:27:15.133+0000] {processor.py:753} INFO - DAG(s) dict_keys(['sales_data_pipeline']) retrieved from /opt/airflow/dags/sales_pipeline.py
[2025-05-15T13:27:15.161+0000] {logging_mixin.py:137} INFO - [2025-05-15T13:27:15.161+0000] {dag.py:2676} INFO - Sync 1 DAGs
[2025-05-15T13:27:15.182+0000] {logging_mixin.py:137} INFO - [2025-05-15T13:27:15.182+0000] {dag.py:3427} INFO - Setting next_dagrun for sales_data_pipeline to 2025-05-15T00:00:00+00:00, run_after=2025-05-16T00:00:00+00:00
[2025-05-15T13:27:15.196+0000] {processor.py:175} INFO - Processing /opt/airflow/dags/sales_pipeline.py took 0.081 seconds
[2025-05-15T13:27:45.239+0000] {processor.py:153} INFO - Started process (PID=542) to work on /opt/airflow/dags/sales_pipeline.py
[2025-05-15T13:27:45.240+0000] {processor.py:743} INFO - Processing file /opt/airflow/dags/sales_pipeline.py for tasks to queue
[2025-05-15T13:27:45.240+0000] {logging_mixin.py:137} INFO - [2025-05-15T13:27:45.240+0000] {dagbag.py:538} INFO - Filling up the DagBag from /opt/airflow/dags/sales_pipeline.py
[2025-05-15T13:27:45.253+0000] {processor.py:753} INFO - DAG(s) dict_keys(['sales_data_pipeline']) retrieved from /opt/airflow/dags/sales_pipeline.py
[2025-05-15T13:27:45.283+0000] {logging_mixin.py:137} INFO - [2025-05-15T13:27:45.282+0000] {dag.py:2676} INFO - Sync 1 DAGs
[2025-05-15T13:27:45.305+0000] {logging_mixin.py:137} INFO - [2025-05-15T13:27:45.305+0000] {dag.py:3427} INFO - Setting next_dagrun for sales_data_pipeline to 2025-05-15T00:00:00+00:00, run_after=2025-05-16T00:00:00+00:00
[2025-05-15T13:27:45.320+0000] {processor.py:175} INFO - Processing /opt/airflow/dags/sales_pipeline.py took 0.084 seconds
[2025-05-15T13:28:15.416+0000] {processor.py:153} INFO - Started process (PID=547) to work on /opt/airflow/dags/sales_pipeline.py
[2025-05-15T13:28:15.416+0000] {processor.py:743} INFO - Processing file /opt/airflow/dags/sales_pipeline.py for tasks to queue
[2025-05-15T13:28:15.417+0000] {logging_mixin.py:137} INFO - [2025-05-15T13:28:15.416+0000] {dagbag.py:538} INFO - Filling up the DagBag from /opt/airflow/dags/sales_pipeline.py
[2025-05-15T13:28:15.429+0000] {processor.py:753} INFO - DAG(s) dict_keys(['sales_data_pipeline']) retrieved from /opt/airflow/dags/sales_pipeline.py
[2025-05-15T13:28:15.458+0000] {logging_mixin.py:137} INFO - [2025-05-15T13:28:15.458+0000] {dag.py:2676} INFO - Sync 1 DAGs
[2025-05-15T13:28:15.479+0000] {logging_mixin.py:137} INFO - [2025-05-15T13:28:15.479+0000] {dag.py:3427} INFO - Setting next_dagrun for sales_data_pipeline to 2025-05-15T00:00:00+00:00, run_after=2025-05-16T00:00:00+00:00
[2025-05-15T13:28:15.494+0000] {processor.py:175} INFO - Processing /opt/airflow/dags/sales_pipeline.py took 0.081 seconds
[2025-05-15T13:28:45.534+0000] {processor.py:153} INFO - Started process (PID=552) to work on /opt/airflow/dags/sales_pipeline.py
[2025-05-15T13:28:45.534+0000] {processor.py:743} INFO - Processing file /opt/airflow/dags/sales_pipeline.py for tasks to queue
[2025-05-15T13:28:45.535+0000] {logging_mixin.py:137} INFO - [2025-05-15T13:28:45.535+0000] {dagbag.py:538} INFO - Filling up the DagBag from /opt/airflow/dags/sales_pipeline.py
[2025-05-15T13:28:45.548+0000] {processor.py:753} INFO - DAG(s) dict_keys(['sales_data_pipeline']) retrieved from /opt/airflow/dags/sales_pipeline.py
[2025-05-15T13:28:45.576+0000] {logging_mixin.py:137} INFO - [2025-05-15T13:28:45.576+0000] {dag.py:2676} INFO - Sync 1 DAGs
[2025-05-15T13:28:45.597+0000] {logging_mixin.py:137} INFO - [2025-05-15T13:28:45.597+0000] {dag.py:3427} INFO - Setting next_dagrun for sales_data_pipeline to 2025-05-15T00:00:00+00:00, run_after=2025-05-16T00:00:00+00:00
[2025-05-15T13:28:45.612+0000] {processor.py:175} INFO - Processing /opt/airflow/dags/sales_pipeline.py took 0.081 seconds
[2025-05-15T13:29:15.711+0000] {processor.py:153} INFO - Started process (PID=557) to work on /opt/airflow/dags/sales_pipeline.py
[2025-05-15T13:29:15.711+0000] {processor.py:743} INFO - Processing file /opt/airflow/dags/sales_pipeline.py for tasks to queue
[2025-05-15T13:29:15.712+0000] {logging_mixin.py:137} INFO - [2025-05-15T13:29:15.712+0000] {dagbag.py:538} INFO - Filling up the DagBag from /opt/airflow/dags/sales_pipeline.py
[2025-05-15T13:29:15.731+0000] {processor.py:753} INFO - DAG(s) dict_keys(['sales_data_pipeline']) retrieved from /opt/airflow/dags/sales_pipeline.py
[2025-05-15T13:29:15.771+0000] {logging_mixin.py:137} INFO - [2025-05-15T13:29:15.771+0000] {dag.py:2676} INFO - Sync 1 DAGs
[2025-05-15T13:29:15.805+0000] {logging_mixin.py:137} INFO - [2025-05-15T13:29:15.805+0000] {dag.py:3427} INFO - Setting next_dagrun for sales_data_pipeline to 2025-05-15T00:00:00+00:00, run_after=2025-05-16T00:00:00+00:00
[2025-05-15T13:29:15.825+0000] {processor.py:175} INFO - Processing /opt/airflow/dags/sales_pipeline.py took 0.117 seconds
[2025-05-15T13:29:45.937+0000] {processor.py:153} INFO - Started process (PID=562) to work on /opt/airflow/dags/sales_pipeline.py
[2025-05-15T13:29:45.938+0000] {processor.py:743} INFO - Processing file /opt/airflow/dags/sales_pipeline.py for tasks to queue
[2025-05-15T13:29:45.939+0000] {logging_mixin.py:137} INFO - [2025-05-15T13:29:45.938+0000] {dagbag.py:538} INFO - Filling up the DagBag from /opt/airflow/dags/sales_pipeline.py
[2025-05-15T13:29:45.952+0000] {processor.py:753} INFO - DAG(s) dict_keys(['sales_data_pipeline']) retrieved from /opt/airflow/dags/sales_pipeline.py
[2025-05-15T13:29:45.980+0000] {logging_mixin.py:137} INFO - [2025-05-15T13:29:45.980+0000] {dag.py:2676} INFO - Sync 1 DAGs
[2025-05-15T13:29:46.002+0000] {logging_mixin.py:137} INFO - [2025-05-15T13:29:46.001+0000] {dag.py:3427} INFO - Setting next_dagrun for sales_data_pipeline to 2025-05-15T00:00:00+00:00, run_after=2025-05-16T00:00:00+00:00
[2025-05-15T13:29:46.016+0000] {processor.py:175} INFO - Processing /opt/airflow/dags/sales_pipeline.py took 0.081 seconds
[2025-05-15T13:30:16.052+0000] {processor.py:153} INFO - Started process (PID=567) to work on /opt/airflow/dags/sales_pipeline.py
[2025-05-15T13:30:16.053+0000] {processor.py:743} INFO - Processing file /opt/airflow/dags/sales_pipeline.py for tasks to queue
[2025-05-15T13:30:16.053+0000] {logging_mixin.py:137} INFO - [2025-05-15T13:30:16.053+0000] {dagbag.py:538} INFO - Filling up the DagBag from /opt/airflow/dags/sales_pipeline.py
[2025-05-15T13:30:16.066+0000] {processor.py:753} INFO - DAG(s) dict_keys(['sales_data_pipeline']) retrieved from /opt/airflow/dags/sales_pipeline.py
[2025-05-15T13:30:16.095+0000] {logging_mixin.py:137} INFO - [2025-05-15T13:30:16.094+0000] {dag.py:2676} INFO - Sync 1 DAGs
[2025-05-15T13:30:16.117+0000] {logging_mixin.py:137} INFO - [2025-05-15T13:30:16.117+0000] {dag.py:3427} INFO - Setting next_dagrun for sales_data_pipeline to 2025-05-15T00:00:00+00:00, run_after=2025-05-16T00:00:00+00:00
[2025-05-15T13:30:16.131+0000] {processor.py:175} INFO - Processing /opt/airflow/dags/sales_pipeline.py took 0.083 seconds
[2025-05-15T13:30:46.287+0000] {processor.py:153} INFO - Started process (PID=572) to work on /opt/airflow/dags/sales_pipeline.py
[2025-05-15T13:30:46.291+0000] {processor.py:743} INFO - Processing file /opt/airflow/dags/sales_pipeline.py for tasks to queue
[2025-05-15T13:30:46.292+0000] {logging_mixin.py:137} INFO - [2025-05-15T13:30:46.292+0000] {dagbag.py:538} INFO - Filling up the DagBag from /opt/airflow/dags/sales_pipeline.py
[2025-05-15T13:30:46.387+0000] {processor.py:753} INFO - DAG(s) dict_keys(['sales_data_pipeline']) retrieved from /opt/airflow/dags/sales_pipeline.py
[2025-05-15T13:30:46.471+0000] {logging_mixin.py:137} INFO - [2025-05-15T13:30:46.471+0000] {dag.py:2676} INFO - Sync 1 DAGs
[2025-05-15T13:30:46.506+0000] {logging_mixin.py:137} INFO - [2025-05-15T13:30:46.506+0000] {dag.py:3427} INFO - Setting next_dagrun for sales_data_pipeline to 2025-05-15T00:00:00+00:00, run_after=2025-05-16T00:00:00+00:00
[2025-05-15T13:30:46.528+0000] {processor.py:175} INFO - Processing /opt/airflow/dags/sales_pipeline.py took 0.261 seconds
[2025-05-15T13:31:16.652+0000] {processor.py:153} INFO - Started process (PID=577) to work on /opt/airflow/dags/sales_pipeline.py
[2025-05-15T13:31:16.653+0000] {processor.py:743} INFO - Processing file /opt/airflow/dags/sales_pipeline.py for tasks to queue
[2025-05-15T13:31:16.653+0000] {logging_mixin.py:137} INFO - [2025-05-15T13:31:16.653+0000] {dagbag.py:538} INFO - Filling up the DagBag from /opt/airflow/dags/sales_pipeline.py
[2025-05-15T13:31:16.666+0000] {processor.py:753} INFO - DAG(s) dict_keys(['sales_data_pipeline']) retrieved from /opt/airflow/dags/sales_pipeline.py
[2025-05-15T13:31:16.703+0000] {logging_mixin.py:137} INFO - [2025-05-15T13:31:16.703+0000] {dag.py:2676} INFO - Sync 1 DAGs
[2025-05-15T13:31:16.731+0000] {logging_mixin.py:137} INFO - [2025-05-15T13:31:16.731+0000] {dag.py:3427} INFO - Setting next_dagrun for sales_data_pipeline to 2025-05-15T00:00:00+00:00, run_after=2025-05-16T00:00:00+00:00
[2025-05-15T13:31:16.753+0000] {processor.py:175} INFO - Processing /opt/airflow/dags/sales_pipeline.py took 0.104 seconds
[2025-05-15T13:31:46.858+0000] {processor.py:153} INFO - Started process (PID=582) to work on /opt/airflow/dags/sales_pipeline.py
[2025-05-15T13:31:46.858+0000] {processor.py:743} INFO - Processing file /opt/airflow/dags/sales_pipeline.py for tasks to queue
[2025-05-15T13:31:46.859+0000] {logging_mixin.py:137} INFO - [2025-05-15T13:31:46.859+0000] {dagbag.py:538} INFO - Filling up the DagBag from /opt/airflow/dags/sales_pipeline.py
[2025-05-15T13:31:46.872+0000] {processor.py:753} INFO - DAG(s) dict_keys(['sales_data_pipeline']) retrieved from /opt/airflow/dags/sales_pipeline.py
[2025-05-15T13:31:46.900+0000] {logging_mixin.py:137} INFO - [2025-05-15T13:31:46.900+0000] {dag.py:2676} INFO - Sync 1 DAGs
[2025-05-15T13:31:46.929+0000] {logging_mixin.py:137} INFO - [2025-05-15T13:31:46.929+0000] {dag.py:3427} INFO - Setting next_dagrun for sales_data_pipeline to 2025-05-15T00:00:00+00:00, run_after=2025-05-16T00:00:00+00:00
[2025-05-15T13:31:46.945+0000] {processor.py:175} INFO - Processing /opt/airflow/dags/sales_pipeline.py took 0.090 seconds
[2025-05-15T13:32:16.969+0000] {processor.py:153} INFO - Started process (PID=587) to work on /opt/airflow/dags/sales_pipeline.py
[2025-05-15T13:32:16.970+0000] {processor.py:743} INFO - Processing file /opt/airflow/dags/sales_pipeline.py for tasks to queue
[2025-05-15T13:32:16.970+0000] {logging_mixin.py:137} INFO - [2025-05-15T13:32:16.970+0000] {dagbag.py:538} INFO - Filling up the DagBag from /opt/airflow/dags/sales_pipeline.py
[2025-05-15T13:32:16.983+0000] {processor.py:753} INFO - DAG(s) dict_keys(['sales_data_pipeline']) retrieved from /opt/airflow/dags/sales_pipeline.py
[2025-05-15T13:32:17.011+0000] {logging_mixin.py:137} INFO - [2025-05-15T13:32:17.011+0000] {dag.py:2676} INFO - Sync 1 DAGs
[2025-05-15T13:32:17.036+0000] {logging_mixin.py:137} INFO - [2025-05-15T13:32:17.036+0000] {dag.py:3427} INFO - Setting next_dagrun for sales_data_pipeline to 2025-05-15T00:00:00+00:00, run_after=2025-05-16T00:00:00+00:00
[2025-05-15T13:32:17.052+0000] {processor.py:175} INFO - Processing /opt/airflow/dags/sales_pipeline.py took 0.086 seconds
[2025-05-15T13:32:47.161+0000] {processor.py:153} INFO - Started process (PID=592) to work on /opt/airflow/dags/sales_pipeline.py
[2025-05-15T13:32:47.161+0000] {processor.py:743} INFO - Processing file /opt/airflow/dags/sales_pipeline.py for tasks to queue
[2025-05-15T13:32:47.162+0000] {logging_mixin.py:137} INFO - [2025-05-15T13:32:47.162+0000] {dagbag.py:538} INFO - Filling up the DagBag from /opt/airflow/dags/sales_pipeline.py
[2025-05-15T13:32:47.175+0000] {processor.py:753} INFO - DAG(s) dict_keys(['sales_data_pipeline']) retrieved from /opt/airflow/dags/sales_pipeline.py
[2025-05-15T13:32:47.204+0000] {logging_mixin.py:137} INFO - [2025-05-15T13:32:47.204+0000] {dag.py:2676} INFO - Sync 1 DAGs
[2025-05-15T13:32:47.227+0000] {logging_mixin.py:137} INFO - [2025-05-15T13:32:47.227+0000] {dag.py:3427} INFO - Setting next_dagrun for sales_data_pipeline to 2025-05-15T00:00:00+00:00, run_after=2025-05-16T00:00:00+00:00
[2025-05-15T13:32:47.244+0000] {processor.py:175} INFO - Processing /opt/airflow/dags/sales_pipeline.py took 0.086 seconds
[2025-05-15T13:33:17.285+0000] {processor.py:153} INFO - Started process (PID=597) to work on /opt/airflow/dags/sales_pipeline.py
[2025-05-15T13:33:17.286+0000] {processor.py:743} INFO - Processing file /opt/airflow/dags/sales_pipeline.py for tasks to queue
[2025-05-15T13:33:17.286+0000] {logging_mixin.py:137} INFO - [2025-05-15T13:33:17.286+0000] {dagbag.py:538} INFO - Filling up the DagBag from /opt/airflow/dags/sales_pipeline.py
[2025-05-15T13:33:17.299+0000] {processor.py:753} INFO - DAG(s) dict_keys(['sales_data_pipeline']) retrieved from /opt/airflow/dags/sales_pipeline.py
[2025-05-15T13:33:17.328+0000] {logging_mixin.py:137} INFO - [2025-05-15T13:33:17.328+0000] {dag.py:2676} INFO - Sync 1 DAGs
[2025-05-15T13:33:17.350+0000] {logging_mixin.py:137} INFO - [2025-05-15T13:33:17.350+0000] {dag.py:3427} INFO - Setting next_dagrun for sales_data_pipeline to 2025-05-15T00:00:00+00:00, run_after=2025-05-16T00:00:00+00:00
[2025-05-15T13:33:17.365+0000] {processor.py:175} INFO - Processing /opt/airflow/dags/sales_pipeline.py took 0.082 seconds
[2025-05-15T13:33:47.480+0000] {processor.py:153} INFO - Started process (PID=602) to work on /opt/airflow/dags/sales_pipeline.py
[2025-05-15T13:33:47.481+0000] {processor.py:743} INFO - Processing file /opt/airflow/dags/sales_pipeline.py for tasks to queue
[2025-05-15T13:33:47.481+0000] {logging_mixin.py:137} INFO - [2025-05-15T13:33:47.481+0000] {dagbag.py:538} INFO - Filling up the DagBag from /opt/airflow/dags/sales_pipeline.py
[2025-05-15T13:33:47.495+0000] {processor.py:753} INFO - DAG(s) dict_keys(['sales_data_pipeline']) retrieved from /opt/airflow/dags/sales_pipeline.py
[2025-05-15T13:33:47.524+0000] {logging_mixin.py:137} INFO - [2025-05-15T13:33:47.524+0000] {dag.py:2676} INFO - Sync 1 DAGs
[2025-05-15T13:33:47.547+0000] {logging_mixin.py:137} INFO - [2025-05-15T13:33:47.546+0000] {dag.py:3427} INFO - Setting next_dagrun for sales_data_pipeline to 2025-05-15T00:00:00+00:00, run_after=2025-05-16T00:00:00+00:00
[2025-05-15T13:33:47.562+0000] {processor.py:175} INFO - Processing /opt/airflow/dags/sales_pipeline.py took 0.085 seconds
[2025-05-15T13:34:17.597+0000] {processor.py:153} INFO - Started process (PID=607) to work on /opt/airflow/dags/sales_pipeline.py
[2025-05-15T13:34:17.597+0000] {processor.py:743} INFO - Processing file /opt/airflow/dags/sales_pipeline.py for tasks to queue
[2025-05-15T13:34:17.598+0000] {logging_mixin.py:137} INFO - [2025-05-15T13:34:17.598+0000] {dagbag.py:538} INFO - Filling up the DagBag from /opt/airflow/dags/sales_pipeline.py
[2025-05-15T13:34:17.611+0000] {processor.py:753} INFO - DAG(s) dict_keys(['sales_data_pipeline']) retrieved from /opt/airflow/dags/sales_pipeline.py
[2025-05-15T13:34:17.640+0000] {logging_mixin.py:137} INFO - [2025-05-15T13:34:17.639+0000] {dag.py:2676} INFO - Sync 1 DAGs
[2025-05-15T13:34:17.661+0000] {logging_mixin.py:137} INFO - [2025-05-15T13:34:17.661+0000] {dag.py:3427} INFO - Setting next_dagrun for sales_data_pipeline to 2025-05-15T00:00:00+00:00, run_after=2025-05-16T00:00:00+00:00
[2025-05-15T13:34:17.675+0000] {processor.py:175} INFO - Processing /opt/airflow/dags/sales_pipeline.py took 0.081 seconds
[2025-05-15T13:34:47.785+0000] {processor.py:153} INFO - Started process (PID=612) to work on /opt/airflow/dags/sales_pipeline.py
[2025-05-15T13:34:47.785+0000] {processor.py:743} INFO - Processing file /opt/airflow/dags/sales_pipeline.py for tasks to queue
[2025-05-15T13:34:47.786+0000] {logging_mixin.py:137} INFO - [2025-05-15T13:34:47.786+0000] {dagbag.py:538} INFO - Filling up the DagBag from /opt/airflow/dags/sales_pipeline.py
[2025-05-15T13:34:47.798+0000] {processor.py:753} INFO - DAG(s) dict_keys(['sales_data_pipeline']) retrieved from /opt/airflow/dags/sales_pipeline.py
[2025-05-15T13:34:47.826+0000] {logging_mixin.py:137} INFO - [2025-05-15T13:34:47.826+0000] {dag.py:2676} INFO - Sync 1 DAGs
[2025-05-15T13:34:47.847+0000] {logging_mixin.py:137} INFO - [2025-05-15T13:34:47.846+0000] {dag.py:3427} INFO - Setting next_dagrun for sales_data_pipeline to 2025-05-15T00:00:00+00:00, run_after=2025-05-16T00:00:00+00:00
[2025-05-15T13:34:47.861+0000] {processor.py:175} INFO - Processing /opt/airflow/dags/sales_pipeline.py took 0.079 seconds
[2025-05-15T13:35:17.918+0000] {processor.py:153} INFO - Started process (PID=617) to work on /opt/airflow/dags/sales_pipeline.py
[2025-05-15T13:35:17.919+0000] {processor.py:743} INFO - Processing file /opt/airflow/dags/sales_pipeline.py for tasks to queue
[2025-05-15T13:35:17.919+0000] {logging_mixin.py:137} INFO - [2025-05-15T13:35:17.919+0000] {dagbag.py:538} INFO - Filling up the DagBag from /opt/airflow/dags/sales_pipeline.py
[2025-05-15T13:35:17.939+0000] {processor.py:753} INFO - DAG(s) dict_keys(['sales_data_pipeline']) retrieved from /opt/airflow/dags/sales_pipeline.py
[2025-05-15T13:35:17.975+0000] {logging_mixin.py:137} INFO - [2025-05-15T13:35:17.975+0000] {dag.py:2676} INFO - Sync 1 DAGs
[2025-05-15T13:35:18.005+0000] {logging_mixin.py:137} INFO - [2025-05-15T13:35:18.005+0000] {dag.py:3427} INFO - Setting next_dagrun for sales_data_pipeline to 2025-05-15T00:00:00+00:00, run_after=2025-05-16T00:00:00+00:00
[2025-05-15T13:35:18.019+0000] {processor.py:175} INFO - Processing /opt/airflow/dags/sales_pipeline.py took 0.104 seconds
[2025-05-15T13:35:48.067+0000] {processor.py:153} INFO - Started process (PID=622) to work on /opt/airflow/dags/sales_pipeline.py
[2025-05-15T13:35:48.067+0000] {processor.py:743} INFO - Processing file /opt/airflow/dags/sales_pipeline.py for tasks to queue
[2025-05-15T13:35:48.068+0000] {logging_mixin.py:137} INFO - [2025-05-15T13:35:48.068+0000] {dagbag.py:538} INFO - Filling up the DagBag from /opt/airflow/dags/sales_pipeline.py
[2025-05-15T13:35:48.080+0000] {processor.py:753} INFO - DAG(s) dict_keys(['sales_data_pipeline']) retrieved from /opt/airflow/dags/sales_pipeline.py
[2025-05-15T13:35:48.110+0000] {logging_mixin.py:137} INFO - [2025-05-15T13:35:48.110+0000] {dag.py:2676} INFO - Sync 1 DAGs
[2025-05-15T13:35:48.130+0000] {logging_mixin.py:137} INFO - [2025-05-15T13:35:48.130+0000] {dag.py:3427} INFO - Setting next_dagrun for sales_data_pipeline to 2025-05-15T00:00:00+00:00, run_after=2025-05-16T00:00:00+00:00
[2025-05-15T13:35:48.147+0000] {processor.py:175} INFO - Processing /opt/airflow/dags/sales_pipeline.py took 0.083 seconds
[2025-05-15T13:36:18.225+0000] {processor.py:153} INFO - Started process (PID=627) to work on /opt/airflow/dags/sales_pipeline.py
[2025-05-15T13:36:18.226+0000] {processor.py:743} INFO - Processing file /opt/airflow/dags/sales_pipeline.py for tasks to queue
[2025-05-15T13:36:18.226+0000] {logging_mixin.py:137} INFO - [2025-05-15T13:36:18.226+0000] {dagbag.py:538} INFO - Filling up the DagBag from /opt/airflow/dags/sales_pipeline.py
[2025-05-15T13:36:18.241+0000] {processor.py:753} INFO - DAG(s) dict_keys(['sales_data_pipeline']) retrieved from /opt/airflow/dags/sales_pipeline.py
[2025-05-15T13:36:18.269+0000] {logging_mixin.py:137} INFO - [2025-05-15T13:36:18.269+0000] {dag.py:2676} INFO - Sync 1 DAGs
[2025-05-15T13:36:18.292+0000] {logging_mixin.py:137} INFO - [2025-05-15T13:36:18.292+0000] {dag.py:3427} INFO - Setting next_dagrun for sales_data_pipeline to 2025-05-15T00:00:00+00:00, run_after=2025-05-16T00:00:00+00:00
[2025-05-15T13:36:18.308+0000] {processor.py:175} INFO - Processing /opt/airflow/dags/sales_pipeline.py took 0.085 seconds
[2025-05-15T13:36:48.353+0000] {processor.py:153} INFO - Started process (PID=632) to work on /opt/airflow/dags/sales_pipeline.py
[2025-05-15T13:36:48.354+0000] {processor.py:743} INFO - Processing file /opt/airflow/dags/sales_pipeline.py for tasks to queue
[2025-05-15T13:36:48.354+0000] {logging_mixin.py:137} INFO - [2025-05-15T13:36:48.354+0000] {dagbag.py:538} INFO - Filling up the DagBag from /opt/airflow/dags/sales_pipeline.py
[2025-05-15T13:36:48.368+0000] {processor.py:753} INFO - DAG(s) dict_keys(['sales_data_pipeline']) retrieved from /opt/airflow/dags/sales_pipeline.py
[2025-05-15T13:36:48.400+0000] {logging_mixin.py:137} INFO - [2025-05-15T13:36:48.399+0000] {dag.py:2676} INFO - Sync 1 DAGs
[2025-05-15T13:36:48.421+0000] {logging_mixin.py:137} INFO - [2025-05-15T13:36:48.421+0000] {dag.py:3427} INFO - Setting next_dagrun for sales_data_pipeline to 2025-05-15T00:00:00+00:00, run_after=2025-05-16T00:00:00+00:00
[2025-05-15T13:36:48.436+0000] {processor.py:175} INFO - Processing /opt/airflow/dags/sales_pipeline.py took 0.086 seconds
[2025-05-15T13:37:18.514+0000] {processor.py:153} INFO - Started process (PID=637) to work on /opt/airflow/dags/sales_pipeline.py
[2025-05-15T13:37:18.515+0000] {processor.py:743} INFO - Processing file /opt/airflow/dags/sales_pipeline.py for tasks to queue
[2025-05-15T13:37:18.515+0000] {logging_mixin.py:137} INFO - [2025-05-15T13:37:18.515+0000] {dagbag.py:538} INFO - Filling up the DagBag from /opt/airflow/dags/sales_pipeline.py
[2025-05-15T13:37:18.529+0000] {processor.py:753} INFO - DAG(s) dict_keys(['sales_data_pipeline']) retrieved from /opt/airflow/dags/sales_pipeline.py
[2025-05-15T13:37:18.558+0000] {logging_mixin.py:137} INFO - [2025-05-15T13:37:18.558+0000] {dag.py:2676} INFO - Sync 1 DAGs
[2025-05-15T13:37:18.579+0000] {logging_mixin.py:137} INFO - [2025-05-15T13:37:18.579+0000] {dag.py:3427} INFO - Setting next_dagrun for sales_data_pipeline to 2025-05-15T00:00:00+00:00, run_after=2025-05-16T00:00:00+00:00
[2025-05-15T13:37:18.594+0000] {processor.py:175} INFO - Processing /opt/airflow/dags/sales_pipeline.py took 0.082 seconds
[2025-05-15T13:37:48.650+0000] {processor.py:153} INFO - Started process (PID=642) to work on /opt/airflow/dags/sales_pipeline.py
[2025-05-15T13:37:48.652+0000] {processor.py:743} INFO - Processing file /opt/airflow/dags/sales_pipeline.py for tasks to queue
[2025-05-15T13:37:48.653+0000] {logging_mixin.py:137} INFO - [2025-05-15T13:37:48.653+0000] {dagbag.py:538} INFO - Filling up the DagBag from /opt/airflow/dags/sales_pipeline.py
[2025-05-15T13:37:48.673+0000] {processor.py:753} INFO - DAG(s) dict_keys(['sales_data_pipeline']) retrieved from /opt/airflow/dags/sales_pipeline.py
[2025-05-15T13:37:48.729+0000] {logging_mixin.py:137} INFO - [2025-05-15T13:37:48.728+0000] {dag.py:2676} INFO - Sync 1 DAGs
[2025-05-15T13:37:48.765+0000] {logging_mixin.py:137} INFO - [2025-05-15T13:37:48.765+0000] {dag.py:3427} INFO - Setting next_dagrun for sales_data_pipeline to 2025-05-15T00:00:00+00:00, run_after=2025-05-16T00:00:00+00:00
[2025-05-15T13:37:48.784+0000] {processor.py:175} INFO - Processing /opt/airflow/dags/sales_pipeline.py took 0.138 seconds
[2025-05-15T13:38:18.832+0000] {processor.py:153} INFO - Started process (PID=647) to work on /opt/airflow/dags/sales_pipeline.py
[2025-05-15T13:38:18.833+0000] {processor.py:743} INFO - Processing file /opt/airflow/dags/sales_pipeline.py for tasks to queue
[2025-05-15T13:38:18.833+0000] {logging_mixin.py:137} INFO - [2025-05-15T13:38:18.833+0000] {dagbag.py:538} INFO - Filling up the DagBag from /opt/airflow/dags/sales_pipeline.py
[2025-05-15T13:38:18.846+0000] {processor.py:753} INFO - DAG(s) dict_keys(['sales_data_pipeline']) retrieved from /opt/airflow/dags/sales_pipeline.py
[2025-05-15T13:38:18.883+0000] {logging_mixin.py:137} INFO - [2025-05-15T13:38:18.883+0000] {dag.py:2676} INFO - Sync 1 DAGs
[2025-05-15T13:38:18.917+0000] {logging_mixin.py:137} INFO - [2025-05-15T13:38:18.917+0000] {dag.py:3427} INFO - Setting next_dagrun for sales_data_pipeline to 2025-05-15T00:00:00+00:00, run_after=2025-05-16T00:00:00+00:00
[2025-05-15T13:38:18.931+0000] {processor.py:175} INFO - Processing /opt/airflow/dags/sales_pipeline.py took 0.102 seconds
[2025-05-15T13:38:49.001+0000] {processor.py:153} INFO - Started process (PID=652) to work on /opt/airflow/dags/sales_pipeline.py
[2025-05-15T13:38:49.002+0000] {processor.py:743} INFO - Processing file /opt/airflow/dags/sales_pipeline.py for tasks to queue
[2025-05-15T13:38:49.002+0000] {logging_mixin.py:137} INFO - [2025-05-15T13:38:49.002+0000] {dagbag.py:538} INFO - Filling up the DagBag from /opt/airflow/dags/sales_pipeline.py
[2025-05-15T13:38:49.015+0000] {processor.py:753} INFO - DAG(s) dict_keys(['sales_data_pipeline']) retrieved from /opt/airflow/dags/sales_pipeline.py
[2025-05-15T13:38:49.045+0000] {logging_mixin.py:137} INFO - [2025-05-15T13:38:49.045+0000] {dag.py:2676} INFO - Sync 1 DAGs
[2025-05-15T13:38:49.065+0000] {logging_mixin.py:137} INFO - [2025-05-15T13:38:49.065+0000] {dag.py:3427} INFO - Setting next_dagrun for sales_data_pipeline to 2025-05-15T00:00:00+00:00, run_after=2025-05-16T00:00:00+00:00
[2025-05-15T13:38:49.081+0000] {processor.py:175} INFO - Processing /opt/airflow/dags/sales_pipeline.py took 0.082 seconds
[2025-05-15T13:39:19.148+0000] {processor.py:153} INFO - Started process (PID=657) to work on /opt/airflow/dags/sales_pipeline.py
[2025-05-15T13:39:19.149+0000] {processor.py:743} INFO - Processing file /opt/airflow/dags/sales_pipeline.py for tasks to queue
[2025-05-15T13:39:19.149+0000] {logging_mixin.py:137} INFO - [2025-05-15T13:39:19.149+0000] {dagbag.py:538} INFO - Filling up the DagBag from /opt/airflow/dags/sales_pipeline.py
[2025-05-15T13:39:19.167+0000] {processor.py:753} INFO - DAG(s) dict_keys(['sales_data_pipeline']) retrieved from /opt/airflow/dags/sales_pipeline.py
[2025-05-15T13:39:19.204+0000] {logging_mixin.py:137} INFO - [2025-05-15T13:39:19.204+0000] {dag.py:2676} INFO - Sync 1 DAGs
[2025-05-15T13:39:19.226+0000] {logging_mixin.py:137} INFO - [2025-05-15T13:39:19.226+0000] {dag.py:3427} INFO - Setting next_dagrun for sales_data_pipeline to 2025-05-15T00:00:00+00:00, run_after=2025-05-16T00:00:00+00:00
[2025-05-15T13:39:19.240+0000] {processor.py:175} INFO - Processing /opt/airflow/dags/sales_pipeline.py took 0.094 seconds
[2025-05-15T13:39:49.293+0000] {processor.py:153} INFO - Started process (PID=662) to work on /opt/airflow/dags/sales_pipeline.py
[2025-05-15T13:39:49.293+0000] {processor.py:743} INFO - Processing file /opt/airflow/dags/sales_pipeline.py for tasks to queue
[2025-05-15T13:39:49.294+0000] {logging_mixin.py:137} INFO - [2025-05-15T13:39:49.294+0000] {dagbag.py:538} INFO - Filling up the DagBag from /opt/airflow/dags/sales_pipeline.py
[2025-05-15T13:39:49.307+0000] {processor.py:753} INFO - DAG(s) dict_keys(['sales_data_pipeline']) retrieved from /opt/airflow/dags/sales_pipeline.py
[2025-05-15T13:39:49.337+0000] {logging_mixin.py:137} INFO - [2025-05-15T13:39:49.336+0000] {dag.py:2676} INFO - Sync 1 DAGs
[2025-05-15T13:39:49.358+0000] {logging_mixin.py:137} INFO - [2025-05-15T13:39:49.357+0000] {dag.py:3427} INFO - Setting next_dagrun for sales_data_pipeline to 2025-05-15T00:00:00+00:00, run_after=2025-05-16T00:00:00+00:00
[2025-05-15T13:39:49.372+0000] {processor.py:175} INFO - Processing /opt/airflow/dags/sales_pipeline.py took 0.082 seconds
[2025-05-15T13:40:19.510+0000] {processor.py:153} INFO - Started process (PID=667) to work on /opt/airflow/dags/sales_pipeline.py
[2025-05-15T13:40:19.515+0000] {processor.py:743} INFO - Processing file /opt/airflow/dags/sales_pipeline.py for tasks to queue
[2025-05-15T13:40:19.519+0000] {logging_mixin.py:137} INFO - [2025-05-15T13:40:19.516+0000] {dagbag.py:538} INFO - Filling up the DagBag from /opt/airflow/dags/sales_pipeline.py
[2025-05-15T13:40:19.539+0000] {processor.py:753} INFO - DAG(s) dict_keys(['sales_data_pipeline']) retrieved from /opt/airflow/dags/sales_pipeline.py
[2025-05-15T13:40:19.582+0000] {logging_mixin.py:137} INFO - [2025-05-15T13:40:19.582+0000] {dag.py:2676} INFO - Sync 1 DAGs
[2025-05-15T13:40:19.622+0000] {logging_mixin.py:137} INFO - [2025-05-15T13:40:19.621+0000] {dag.py:3427} INFO - Setting next_dagrun for sales_data_pipeline to 2025-05-15T00:00:00+00:00, run_after=2025-05-16T00:00:00+00:00
[2025-05-15T13:40:19.641+0000] {processor.py:175} INFO - Processing /opt/airflow/dags/sales_pipeline.py took 0.145 seconds
[2025-05-15T13:40:49.746+0000] {processor.py:153} INFO - Started process (PID=672) to work on /opt/airflow/dags/sales_pipeline.py
[2025-05-15T13:40:49.746+0000] {processor.py:743} INFO - Processing file /opt/airflow/dags/sales_pipeline.py for tasks to queue
[2025-05-15T13:40:49.747+0000] {logging_mixin.py:137} INFO - [2025-05-15T13:40:49.747+0000] {dagbag.py:538} INFO - Filling up the DagBag from /opt/airflow/dags/sales_pipeline.py
[2025-05-15T13:40:49.759+0000] {processor.py:753} INFO - DAG(s) dict_keys(['sales_data_pipeline']) retrieved from /opt/airflow/dags/sales_pipeline.py
[2025-05-15T13:40:49.788+0000] {logging_mixin.py:137} INFO - [2025-05-15T13:40:49.788+0000] {dag.py:2676} INFO - Sync 1 DAGs
[2025-05-15T13:40:49.808+0000] {logging_mixin.py:137} INFO - [2025-05-15T13:40:49.808+0000] {dag.py:3427} INFO - Setting next_dagrun for sales_data_pipeline to 2025-05-15T00:00:00+00:00, run_after=2025-05-16T00:00:00+00:00
[2025-05-15T13:40:49.822+0000] {processor.py:175} INFO - Processing /opt/airflow/dags/sales_pipeline.py took 0.079 seconds
[2025-05-15T13:41:19.873+0000] {processor.py:153} INFO - Started process (PID=677) to work on /opt/airflow/dags/sales_pipeline.py
[2025-05-15T13:41:19.873+0000] {processor.py:743} INFO - Processing file /opt/airflow/dags/sales_pipeline.py for tasks to queue
[2025-05-15T13:41:19.874+0000] {logging_mixin.py:137} INFO - [2025-05-15T13:41:19.874+0000] {dagbag.py:538} INFO - Filling up the DagBag from /opt/airflow/dags/sales_pipeline.py
[2025-05-15T13:41:19.886+0000] {processor.py:753} INFO - DAG(s) dict_keys(['sales_data_pipeline']) retrieved from /opt/airflow/dags/sales_pipeline.py
[2025-05-15T13:41:19.914+0000] {logging_mixin.py:137} INFO - [2025-05-15T13:41:19.914+0000] {dag.py:2676} INFO - Sync 1 DAGs
[2025-05-15T13:41:19.943+0000] {logging_mixin.py:137} INFO - [2025-05-15T13:41:19.942+0000] {dag.py:3427} INFO - Setting next_dagrun for sales_data_pipeline to 2025-05-15T00:00:00+00:00, run_after=2025-05-16T00:00:00+00:00
[2025-05-15T13:41:19.958+0000] {processor.py:175} INFO - Processing /opt/airflow/dags/sales_pipeline.py took 0.087 seconds
[2025-05-15T13:41:50.039+0000] {processor.py:153} INFO - Started process (PID=682) to work on /opt/airflow/dags/sales_pipeline.py
[2025-05-15T13:41:50.040+0000] {processor.py:743} INFO - Processing file /opt/airflow/dags/sales_pipeline.py for tasks to queue
[2025-05-15T13:41:50.040+0000] {logging_mixin.py:137} INFO - [2025-05-15T13:41:50.040+0000] {dagbag.py:538} INFO - Filling up the DagBag from /opt/airflow/dags/sales_pipeline.py
[2025-05-15T13:41:50.055+0000] {processor.py:753} INFO - DAG(s) dict_keys(['sales_data_pipeline']) retrieved from /opt/airflow/dags/sales_pipeline.py
[2025-05-15T13:41:50.098+0000] {logging_mixin.py:137} INFO - [2025-05-15T13:41:50.098+0000] {dag.py:2676} INFO - Sync 1 DAGs
[2025-05-15T13:41:50.121+0000] {logging_mixin.py:137} INFO - [2025-05-15T13:41:50.120+0000] {dag.py:3427} INFO - Setting next_dagrun for sales_data_pipeline to 2025-05-15T00:00:00+00:00, run_after=2025-05-16T00:00:00+00:00
[2025-05-15T13:41:50.135+0000] {processor.py:175} INFO - Processing /opt/airflow/dags/sales_pipeline.py took 0.098 seconds
[2025-05-15T13:42:20.184+0000] {processor.py:153} INFO - Started process (PID=687) to work on /opt/airflow/dags/sales_pipeline.py
[2025-05-15T13:42:20.184+0000] {processor.py:743} INFO - Processing file /opt/airflow/dags/sales_pipeline.py for tasks to queue
[2025-05-15T13:42:20.185+0000] {logging_mixin.py:137} INFO - [2025-05-15T13:42:20.185+0000] {dagbag.py:538} INFO - Filling up the DagBag from /opt/airflow/dags/sales_pipeline.py
[2025-05-15T13:42:20.199+0000] {processor.py:753} INFO - DAG(s) dict_keys(['sales_data_pipeline']) retrieved from /opt/airflow/dags/sales_pipeline.py
[2025-05-15T13:42:20.229+0000] {logging_mixin.py:137} INFO - [2025-05-15T13:42:20.229+0000] {dag.py:2676} INFO - Sync 1 DAGs
[2025-05-15T13:42:20.254+0000] {logging_mixin.py:137} INFO - [2025-05-15T13:42:20.254+0000] {dag.py:3427} INFO - Setting next_dagrun for sales_data_pipeline to 2025-05-15T00:00:00+00:00, run_after=2025-05-16T00:00:00+00:00
[2025-05-15T13:42:20.274+0000] {processor.py:175} INFO - Processing /opt/airflow/dags/sales_pipeline.py took 0.093 seconds
[2025-05-15T13:42:50.377+0000] {processor.py:153} INFO - Started process (PID=692) to work on /opt/airflow/dags/sales_pipeline.py
[2025-05-15T13:42:50.378+0000] {processor.py:743} INFO - Processing file /opt/airflow/dags/sales_pipeline.py for tasks to queue
[2025-05-15T13:42:50.378+0000] {logging_mixin.py:137} INFO - [2025-05-15T13:42:50.378+0000] {dagbag.py:538} INFO - Filling up the DagBag from /opt/airflow/dags/sales_pipeline.py
[2025-05-15T13:42:50.391+0000] {processor.py:753} INFO - DAG(s) dict_keys(['sales_data_pipeline']) retrieved from /opt/airflow/dags/sales_pipeline.py
[2025-05-15T13:42:50.420+0000] {logging_mixin.py:137} INFO - [2025-05-15T13:42:50.420+0000] {dag.py:2676} INFO - Sync 1 DAGs
[2025-05-15T13:42:50.447+0000] {logging_mixin.py:137} INFO - [2025-05-15T13:42:50.446+0000] {dag.py:3427} INFO - Setting next_dagrun for sales_data_pipeline to 2025-05-15T00:00:00+00:00, run_after=2025-05-16T00:00:00+00:00
[2025-05-15T13:42:50.462+0000] {processor.py:175} INFO - Processing /opt/airflow/dags/sales_pipeline.py took 0.088 seconds
[2025-05-15T13:43:20.493+0000] {processor.py:153} INFO - Started process (PID=697) to work on /opt/airflow/dags/sales_pipeline.py
[2025-05-15T13:43:20.493+0000] {processor.py:743} INFO - Processing file /opt/airflow/dags/sales_pipeline.py for tasks to queue
[2025-05-15T13:43:20.494+0000] {logging_mixin.py:137} INFO - [2025-05-15T13:43:20.494+0000] {dagbag.py:538} INFO - Filling up the DagBag from /opt/airflow/dags/sales_pipeline.py
[2025-05-15T13:43:20.507+0000] {processor.py:753} INFO - DAG(s) dict_keys(['sales_data_pipeline']) retrieved from /opt/airflow/dags/sales_pipeline.py
[2025-05-15T13:43:20.535+0000] {logging_mixin.py:137} INFO - [2025-05-15T13:43:20.535+0000] {dag.py:2676} INFO - Sync 1 DAGs
[2025-05-15T13:43:20.557+0000] {logging_mixin.py:137} INFO - [2025-05-15T13:43:20.557+0000] {dag.py:3427} INFO - Setting next_dagrun for sales_data_pipeline to 2025-05-15T00:00:00+00:00, run_after=2025-05-16T00:00:00+00:00
[2025-05-15T13:43:20.572+0000] {processor.py:175} INFO - Processing /opt/airflow/dags/sales_pipeline.py took 0.081 seconds
[2025-05-15T13:43:50.682+0000] {processor.py:153} INFO - Started process (PID=702) to work on /opt/airflow/dags/sales_pipeline.py
[2025-05-15T13:43:50.682+0000] {processor.py:743} INFO - Processing file /opt/airflow/dags/sales_pipeline.py for tasks to queue
[2025-05-15T13:43:50.683+0000] {logging_mixin.py:137} INFO - [2025-05-15T13:43:50.682+0000] {dagbag.py:538} INFO - Filling up the DagBag from /opt/airflow/dags/sales_pipeline.py
[2025-05-15T13:43:50.695+0000] {processor.py:753} INFO - DAG(s) dict_keys(['sales_data_pipeline']) retrieved from /opt/airflow/dags/sales_pipeline.py
[2025-05-15T13:43:50.724+0000] {logging_mixin.py:137} INFO - [2025-05-15T13:43:50.724+0000] {dag.py:2676} INFO - Sync 1 DAGs
[2025-05-15T13:43:50.745+0000] {logging_mixin.py:137} INFO - [2025-05-15T13:43:50.744+0000] {dag.py:3427} INFO - Setting next_dagrun for sales_data_pipeline to 2025-05-15T00:00:00+00:00, run_after=2025-05-16T00:00:00+00:00
[2025-05-15T13:43:50.759+0000] {processor.py:175} INFO - Processing /opt/airflow/dags/sales_pipeline.py took 0.081 seconds
[2025-05-15T13:44:20.801+0000] {processor.py:153} INFO - Started process (PID=707) to work on /opt/airflow/dags/sales_pipeline.py
[2025-05-15T13:44:20.801+0000] {processor.py:743} INFO - Processing file /opt/airflow/dags/sales_pipeline.py for tasks to queue
[2025-05-15T13:44:20.802+0000] {logging_mixin.py:137} INFO - [2025-05-15T13:44:20.802+0000] {dagbag.py:538} INFO - Filling up the DagBag from /opt/airflow/dags/sales_pipeline.py
[2025-05-15T13:44:20.815+0000] {processor.py:753} INFO - DAG(s) dict_keys(['sales_data_pipeline']) retrieved from /opt/airflow/dags/sales_pipeline.py
[2025-05-15T13:44:20.847+0000] {logging_mixin.py:137} INFO - [2025-05-15T13:44:20.847+0000] {dag.py:2676} INFO - Sync 1 DAGs
[2025-05-15T13:44:20.868+0000] {logging_mixin.py:137} INFO - [2025-05-15T13:44:20.868+0000] {dag.py:3427} INFO - Setting next_dagrun for sales_data_pipeline to 2025-05-15T00:00:00+00:00, run_after=2025-05-16T00:00:00+00:00
[2025-05-15T13:44:20.884+0000] {processor.py:175} INFO - Processing /opt/airflow/dags/sales_pipeline.py took 0.086 seconds
[2025-05-15T13:44:50.973+0000] {processor.py:153} INFO - Started process (PID=712) to work on /opt/airflow/dags/sales_pipeline.py
[2025-05-15T13:44:50.974+0000] {processor.py:743} INFO - Processing file /opt/airflow/dags/sales_pipeline.py for tasks to queue
[2025-05-15T13:44:50.974+0000] {logging_mixin.py:137} INFO - [2025-05-15T13:44:50.974+0000] {dagbag.py:538} INFO - Filling up the DagBag from /opt/airflow/dags/sales_pipeline.py
[2025-05-15T13:44:50.990+0000] {processor.py:753} INFO - DAG(s) dict_keys(['sales_data_pipeline']) retrieved from /opt/airflow/dags/sales_pipeline.py
[2025-05-15T13:44:51.024+0000] {logging_mixin.py:137} INFO - [2025-05-15T13:44:51.024+0000] {dag.py:2676} INFO - Sync 1 DAGs
[2025-05-15T13:44:51.044+0000] {logging_mixin.py:137} INFO - [2025-05-15T13:44:51.044+0000] {dag.py:3427} INFO - Setting next_dagrun for sales_data_pipeline to 2025-05-15T00:00:00+00:00, run_after=2025-05-16T00:00:00+00:00
[2025-05-15T13:44:51.059+0000] {processor.py:175} INFO - Processing /opt/airflow/dags/sales_pipeline.py took 0.089 seconds
[2025-05-15T13:45:21.100+0000] {processor.py:153} INFO - Started process (PID=717) to work on /opt/airflow/dags/sales_pipeline.py
[2025-05-15T13:45:21.101+0000] {processor.py:743} INFO - Processing file /opt/airflow/dags/sales_pipeline.py for tasks to queue
[2025-05-15T13:45:21.102+0000] {logging_mixin.py:137} INFO - [2025-05-15T13:45:21.102+0000] {dagbag.py:538} INFO - Filling up the DagBag from /opt/airflow/dags/sales_pipeline.py
[2025-05-15T13:45:21.115+0000] {processor.py:753} INFO - DAG(s) dict_keys(['sales_data_pipeline']) retrieved from /opt/airflow/dags/sales_pipeline.py
[2025-05-15T13:45:21.145+0000] {logging_mixin.py:137} INFO - [2025-05-15T13:45:21.145+0000] {dag.py:2676} INFO - Sync 1 DAGs
[2025-05-15T13:45:21.170+0000] {logging_mixin.py:137} INFO - [2025-05-15T13:45:21.170+0000] {dag.py:3427} INFO - Setting next_dagrun for sales_data_pipeline to 2025-05-15T00:00:00+00:00, run_after=2025-05-16T00:00:00+00:00
[2025-05-15T13:45:21.192+0000] {processor.py:175} INFO - Processing /opt/airflow/dags/sales_pipeline.py took 0.094 seconds
[2025-05-15T13:45:51.261+0000] {processor.py:153} INFO - Started process (PID=722) to work on /opt/airflow/dags/sales_pipeline.py
[2025-05-15T13:45:51.262+0000] {processor.py:743} INFO - Processing file /opt/airflow/dags/sales_pipeline.py for tasks to queue
[2025-05-15T13:45:51.262+0000] {logging_mixin.py:137} INFO - [2025-05-15T13:45:51.262+0000] {dagbag.py:538} INFO - Filling up the DagBag from /opt/airflow/dags/sales_pipeline.py
[2025-05-15T13:45:51.276+0000] {processor.py:753} INFO - DAG(s) dict_keys(['sales_data_pipeline']) retrieved from /opt/airflow/dags/sales_pipeline.py
[2025-05-15T13:45:51.305+0000] {logging_mixin.py:137} INFO - [2025-05-15T13:45:51.305+0000] {dag.py:2676} INFO - Sync 1 DAGs
[2025-05-15T13:45:51.326+0000] {logging_mixin.py:137} INFO - [2025-05-15T13:45:51.326+0000] {dag.py:3427} INFO - Setting next_dagrun for sales_data_pipeline to 2025-05-15T00:00:00+00:00, run_after=2025-05-16T00:00:00+00:00
[2025-05-15T13:45:51.341+0000] {processor.py:175} INFO - Processing /opt/airflow/dags/sales_pipeline.py took 0.083 seconds
[2025-05-15T13:46:21.399+0000] {processor.py:153} INFO - Started process (PID=727) to work on /opt/airflow/dags/sales_pipeline.py
[2025-05-15T13:46:21.399+0000] {processor.py:743} INFO - Processing file /opt/airflow/dags/sales_pipeline.py for tasks to queue
[2025-05-15T13:46:21.400+0000] {logging_mixin.py:137} INFO - [2025-05-15T13:46:21.400+0000] {dagbag.py:538} INFO - Filling up the DagBag from /opt/airflow/dags/sales_pipeline.py
[2025-05-15T13:46:21.412+0000] {processor.py:753} INFO - DAG(s) dict_keys(['sales_data_pipeline']) retrieved from /opt/airflow/dags/sales_pipeline.py
[2025-05-15T13:46:21.441+0000] {logging_mixin.py:137} INFO - [2025-05-15T13:46:21.441+0000] {dag.py:2676} INFO - Sync 1 DAGs
[2025-05-15T13:46:21.463+0000] {logging_mixin.py:137} INFO - [2025-05-15T13:46:21.462+0000] {dag.py:3427} INFO - Setting next_dagrun for sales_data_pipeline to 2025-05-15T00:00:00+00:00, run_after=2025-05-16T00:00:00+00:00
[2025-05-15T13:46:21.478+0000] {processor.py:175} INFO - Processing /opt/airflow/dags/sales_pipeline.py took 0.082 seconds
[2025-05-15T13:46:51.552+0000] {processor.py:153} INFO - Started process (PID=732) to work on /opt/airflow/dags/sales_pipeline.py
[2025-05-15T13:46:51.552+0000] {processor.py:743} INFO - Processing file /opt/airflow/dags/sales_pipeline.py for tasks to queue
[2025-05-15T13:46:51.553+0000] {logging_mixin.py:137} INFO - [2025-05-15T13:46:51.553+0000] {dagbag.py:538} INFO - Filling up the DagBag from /opt/airflow/dags/sales_pipeline.py
[2025-05-15T13:46:51.577+0000] {processor.py:753} INFO - DAG(s) dict_keys(['sales_data_pipeline']) retrieved from /opt/airflow/dags/sales_pipeline.py
[2025-05-15T13:46:51.615+0000] {logging_mixin.py:137} INFO - [2025-05-15T13:46:51.615+0000] {dag.py:2676} INFO - Sync 1 DAGs
[2025-05-15T13:46:51.639+0000] {logging_mixin.py:137} INFO - [2025-05-15T13:46:51.639+0000] {dag.py:3427} INFO - Setting next_dagrun for sales_data_pipeline to 2025-05-15T00:00:00+00:00, run_after=2025-05-16T00:00:00+00:00
[2025-05-15T13:46:51.653+0000] {processor.py:175} INFO - Processing /opt/airflow/dags/sales_pipeline.py took 0.105 seconds
[2025-05-15T13:47:21.698+0000] {processor.py:153} INFO - Started process (PID=737) to work on /opt/airflow/dags/sales_pipeline.py
[2025-05-15T13:47:21.698+0000] {processor.py:743} INFO - Processing file /opt/airflow/dags/sales_pipeline.py for tasks to queue
[2025-05-15T13:47:21.699+0000] {logging_mixin.py:137} INFO - [2025-05-15T13:47:21.699+0000] {dagbag.py:538} INFO - Filling up the DagBag from /opt/airflow/dags/sales_pipeline.py
[2025-05-15T13:47:21.712+0000] {processor.py:753} INFO - DAG(s) dict_keys(['sales_data_pipeline']) retrieved from /opt/airflow/dags/sales_pipeline.py
[2025-05-15T13:47:21.742+0000] {logging_mixin.py:137} INFO - [2025-05-15T13:47:21.742+0000] {dag.py:2676} INFO - Sync 1 DAGs
[2025-05-15T13:47:21.763+0000] {logging_mixin.py:137} INFO - [2025-05-15T13:47:21.763+0000] {dag.py:3427} INFO - Setting next_dagrun for sales_data_pipeline to 2025-05-15T00:00:00+00:00, run_after=2025-05-16T00:00:00+00:00
[2025-05-15T13:47:21.777+0000] {processor.py:175} INFO - Processing /opt/airflow/dags/sales_pipeline.py took 0.082 seconds
[2025-05-15T13:47:51.864+0000] {processor.py:153} INFO - Started process (PID=742) to work on /opt/airflow/dags/sales_pipeline.py
[2025-05-15T13:47:51.865+0000] {processor.py:743} INFO - Processing file /opt/airflow/dags/sales_pipeline.py for tasks to queue
[2025-05-15T13:47:51.865+0000] {logging_mixin.py:137} INFO - [2025-05-15T13:47:51.865+0000] {dagbag.py:538} INFO - Filling up the DagBag from /opt/airflow/dags/sales_pipeline.py
[2025-05-15T13:47:51.878+0000] {processor.py:753} INFO - DAG(s) dict_keys(['sales_data_pipeline']) retrieved from /opt/airflow/dags/sales_pipeline.py
[2025-05-15T13:47:51.906+0000] {logging_mixin.py:137} INFO - [2025-05-15T13:47:51.906+0000] {dag.py:2676} INFO - Sync 1 DAGs
[2025-05-15T13:47:51.927+0000] {logging_mixin.py:137} INFO - [2025-05-15T13:47:51.927+0000] {dag.py:3427} INFO - Setting next_dagrun for sales_data_pipeline to 2025-05-15T00:00:00+00:00, run_after=2025-05-16T00:00:00+00:00
[2025-05-15T13:47:51.942+0000] {processor.py:175} INFO - Processing /opt/airflow/dags/sales_pipeline.py took 0.081 seconds
[2025-05-15T13:48:21.977+0000] {processor.py:153} INFO - Started process (PID=747) to work on /opt/airflow/dags/sales_pipeline.py
[2025-05-15T13:48:21.978+0000] {processor.py:743} INFO - Processing file /opt/airflow/dags/sales_pipeline.py for tasks to queue
[2025-05-15T13:48:21.978+0000] {logging_mixin.py:137} INFO - [2025-05-15T13:48:21.978+0000] {dagbag.py:538} INFO - Filling up the DagBag from /opt/airflow/dags/sales_pipeline.py
[2025-05-15T13:48:21.991+0000] {processor.py:753} INFO - DAG(s) dict_keys(['sales_data_pipeline']) retrieved from /opt/airflow/dags/sales_pipeline.py
[2025-05-15T13:48:22.020+0000] {logging_mixin.py:137} INFO - [2025-05-15T13:48:22.020+0000] {dag.py:2676} INFO - Sync 1 DAGs
[2025-05-15T13:48:22.042+0000] {logging_mixin.py:137} INFO - [2025-05-15T13:48:22.042+0000] {dag.py:3427} INFO - Setting next_dagrun for sales_data_pipeline to 2025-05-15T00:00:00+00:00, run_after=2025-05-16T00:00:00+00:00
[2025-05-15T13:48:22.057+0000] {processor.py:175} INFO - Processing /opt/airflow/dags/sales_pipeline.py took 0.081 seconds
[2025-05-15T13:48:52.181+0000] {processor.py:153} INFO - Started process (PID=752) to work on /opt/airflow/dags/sales_pipeline.py
[2025-05-15T13:48:52.184+0000] {processor.py:743} INFO - Processing file /opt/airflow/dags/sales_pipeline.py for tasks to queue
[2025-05-15T13:48:52.185+0000] {logging_mixin.py:137} INFO - [2025-05-15T13:48:52.185+0000] {dagbag.py:538} INFO - Filling up the DagBag from /opt/airflow/dags/sales_pipeline.py
[2025-05-15T13:48:52.207+0000] {processor.py:753} INFO - DAG(s) dict_keys(['sales_data_pipeline']) retrieved from /opt/airflow/dags/sales_pipeline.py
[2025-05-15T13:48:52.260+0000] {logging_mixin.py:137} INFO - [2025-05-15T13:48:52.260+0000] {dag.py:2676} INFO - Sync 1 DAGs
[2025-05-15T13:48:52.298+0000] {logging_mixin.py:137} INFO - [2025-05-15T13:48:52.298+0000] {dag.py:3427} INFO - Setting next_dagrun for sales_data_pipeline to 2025-05-15T00:00:00+00:00, run_after=2025-05-16T00:00:00+00:00
[2025-05-15T13:48:52.323+0000] {processor.py:175} INFO - Processing /opt/airflow/dags/sales_pipeline.py took 0.150 seconds
[2025-05-15T13:49:22.438+0000] {processor.py:153} INFO - Started process (PID=757) to work on /opt/airflow/dags/sales_pipeline.py
[2025-05-15T13:49:22.438+0000] {processor.py:743} INFO - Processing file /opt/airflow/dags/sales_pipeline.py for tasks to queue
[2025-05-15T13:49:22.439+0000] {logging_mixin.py:137} INFO - [2025-05-15T13:49:22.439+0000] {dagbag.py:538} INFO - Filling up the DagBag from /opt/airflow/dags/sales_pipeline.py
[2025-05-15T13:49:22.452+0000] {processor.py:753} INFO - DAG(s) dict_keys(['sales_data_pipeline']) retrieved from /opt/airflow/dags/sales_pipeline.py
[2025-05-15T13:49:22.482+0000] {logging_mixin.py:137} INFO - [2025-05-15T13:49:22.482+0000] {dag.py:2676} INFO - Sync 1 DAGs
[2025-05-15T13:49:22.504+0000] {logging_mixin.py:137} INFO - [2025-05-15T13:49:22.504+0000] {dag.py:3427} INFO - Setting next_dagrun for sales_data_pipeline to 2025-05-15T00:00:00+00:00, run_after=2025-05-16T00:00:00+00:00
[2025-05-15T13:49:22.518+0000] {processor.py:175} INFO - Processing /opt/airflow/dags/sales_pipeline.py took 0.083 seconds
[2025-05-15T13:49:52.553+0000] {processor.py:153} INFO - Started process (PID=762) to work on /opt/airflow/dags/sales_pipeline.py
[2025-05-15T13:49:52.554+0000] {processor.py:743} INFO - Processing file /opt/airflow/dags/sales_pipeline.py for tasks to queue
[2025-05-15T13:49:52.555+0000] {logging_mixin.py:137} INFO - [2025-05-15T13:49:52.555+0000] {dagbag.py:538} INFO - Filling up the DagBag from /opt/airflow/dags/sales_pipeline.py
[2025-05-15T13:49:52.578+0000] {processor.py:753} INFO - DAG(s) dict_keys(['sales_data_pipeline']) retrieved from /opt/airflow/dags/sales_pipeline.py
[2025-05-15T13:49:52.634+0000] {logging_mixin.py:137} INFO - [2025-05-15T13:49:52.634+0000] {dag.py:2676} INFO - Sync 1 DAGs
[2025-05-15T13:49:52.675+0000] {logging_mixin.py:137} INFO - [2025-05-15T13:49:52.675+0000] {dag.py:3427} INFO - Setting next_dagrun for sales_data_pipeline to 2025-05-15T00:00:00+00:00, run_after=2025-05-16T00:00:00+00:00
[2025-05-15T13:49:52.694+0000] {processor.py:175} INFO - Processing /opt/airflow/dags/sales_pipeline.py took 0.144 seconds
[2025-05-15T13:50:22.751+0000] {processor.py:153} INFO - Started process (PID=767) to work on /opt/airflow/dags/sales_pipeline.py
[2025-05-15T13:50:22.752+0000] {processor.py:743} INFO - Processing file /opt/airflow/dags/sales_pipeline.py for tasks to queue
[2025-05-15T13:50:22.752+0000] {logging_mixin.py:137} INFO - [2025-05-15T13:50:22.752+0000] {dagbag.py:538} INFO - Filling up the DagBag from /opt/airflow/dags/sales_pipeline.py
[2025-05-15T13:50:22.764+0000] {processor.py:753} INFO - DAG(s) dict_keys(['sales_data_pipeline']) retrieved from /opt/airflow/dags/sales_pipeline.py
[2025-05-15T13:50:22.793+0000] {logging_mixin.py:137} INFO - [2025-05-15T13:50:22.793+0000] {dag.py:2676} INFO - Sync 1 DAGs
[2025-05-15T13:50:22.815+0000] {logging_mixin.py:137} INFO - [2025-05-15T13:50:22.815+0000] {dag.py:3427} INFO - Setting next_dagrun for sales_data_pipeline to 2025-05-15T00:00:00+00:00, run_after=2025-05-16T00:00:00+00:00
[2025-05-15T13:50:22.832+0000] {processor.py:175} INFO - Processing /opt/airflow/dags/sales_pipeline.py took 0.083 seconds
[2025-05-15T13:50:52.916+0000] {processor.py:153} INFO - Started process (PID=772) to work on /opt/airflow/dags/sales_pipeline.py
[2025-05-15T13:50:52.917+0000] {processor.py:743} INFO - Processing file /opt/airflow/dags/sales_pipeline.py for tasks to queue
[2025-05-15T13:50:52.917+0000] {logging_mixin.py:137} INFO - [2025-05-15T13:50:52.917+0000] {dagbag.py:538} INFO - Filling up the DagBag from /opt/airflow/dags/sales_pipeline.py
[2025-05-15T13:50:52.930+0000] {processor.py:753} INFO - DAG(s) dict_keys(['sales_data_pipeline']) retrieved from /opt/airflow/dags/sales_pipeline.py
[2025-05-15T13:50:52.959+0000] {logging_mixin.py:137} INFO - [2025-05-15T13:50:52.959+0000] {dag.py:2676} INFO - Sync 1 DAGs
[2025-05-15T13:50:52.979+0000] {logging_mixin.py:137} INFO - [2025-05-15T13:50:52.979+0000] {dag.py:3427} INFO - Setting next_dagrun for sales_data_pipeline to 2025-05-15T00:00:00+00:00, run_after=2025-05-16T00:00:00+00:00
[2025-05-15T13:50:52.994+0000] {processor.py:175} INFO - Processing /opt/airflow/dags/sales_pipeline.py took 0.081 seconds
[2025-05-15T13:51:23.037+0000] {processor.py:153} INFO - Started process (PID=777) to work on /opt/airflow/dags/sales_pipeline.py
[2025-05-15T13:51:23.038+0000] {processor.py:743} INFO - Processing file /opt/airflow/dags/sales_pipeline.py for tasks to queue
[2025-05-15T13:51:23.038+0000] {logging_mixin.py:137} INFO - [2025-05-15T13:51:23.038+0000] {dagbag.py:538} INFO - Filling up the DagBag from /opt/airflow/dags/sales_pipeline.py
[2025-05-15T13:51:23.052+0000] {processor.py:753} INFO - DAG(s) dict_keys(['sales_data_pipeline']) retrieved from /opt/airflow/dags/sales_pipeline.py
[2025-05-15T13:51:23.081+0000] {logging_mixin.py:137} INFO - [2025-05-15T13:51:23.081+0000] {dag.py:2676} INFO - Sync 1 DAGs
[2025-05-15T13:51:23.103+0000] {logging_mixin.py:137} INFO - [2025-05-15T13:51:23.103+0000] {dag.py:3427} INFO - Setting next_dagrun for sales_data_pipeline to 2025-05-15T00:00:00+00:00, run_after=2025-05-16T00:00:00+00:00
[2025-05-15T13:51:23.118+0000] {processor.py:175} INFO - Processing /opt/airflow/dags/sales_pipeline.py took 0.084 seconds
[2025-05-15T13:51:53.206+0000] {processor.py:153} INFO - Started process (PID=782) to work on /opt/airflow/dags/sales_pipeline.py
[2025-05-15T13:51:53.207+0000] {processor.py:743} INFO - Processing file /opt/airflow/dags/sales_pipeline.py for tasks to queue
[2025-05-15T13:51:53.208+0000] {logging_mixin.py:137} INFO - [2025-05-15T13:51:53.208+0000] {dagbag.py:538} INFO - Filling up the DagBag from /opt/airflow/dags/sales_pipeline.py
[2025-05-15T13:51:53.221+0000] {processor.py:753} INFO - DAG(s) dict_keys(['sales_data_pipeline']) retrieved from /opt/airflow/dags/sales_pipeline.py
[2025-05-15T13:51:53.250+0000] {logging_mixin.py:137} INFO - [2025-05-15T13:51:53.250+0000] {dag.py:2676} INFO - Sync 1 DAGs
[2025-05-15T13:51:53.272+0000] {logging_mixin.py:137} INFO - [2025-05-15T13:51:53.272+0000] {dag.py:3427} INFO - Setting next_dagrun for sales_data_pipeline to 2025-05-15T00:00:00+00:00, run_after=2025-05-16T00:00:00+00:00
[2025-05-15T13:51:53.289+0000] {processor.py:175} INFO - Processing /opt/airflow/dags/sales_pipeline.py took 0.085 seconds
[2025-05-15T13:52:23.330+0000] {processor.py:153} INFO - Started process (PID=787) to work on /opt/airflow/dags/sales_pipeline.py
[2025-05-15T13:52:23.331+0000] {processor.py:743} INFO - Processing file /opt/airflow/dags/sales_pipeline.py for tasks to queue
[2025-05-15T13:52:23.331+0000] {logging_mixin.py:137} INFO - [2025-05-15T13:52:23.331+0000] {dagbag.py:538} INFO - Filling up the DagBag from /opt/airflow/dags/sales_pipeline.py
[2025-05-15T13:52:23.344+0000] {processor.py:753} INFO - DAG(s) dict_keys(['sales_data_pipeline']) retrieved from /opt/airflow/dags/sales_pipeline.py
[2025-05-15T13:52:23.373+0000] {logging_mixin.py:137} INFO - [2025-05-15T13:52:23.372+0000] {dag.py:2676} INFO - Sync 1 DAGs
[2025-05-15T13:52:23.396+0000] {logging_mixin.py:137} INFO - [2025-05-15T13:52:23.395+0000] {dag.py:3427} INFO - Setting next_dagrun for sales_data_pipeline to 2025-05-15T00:00:00+00:00, run_after=2025-05-16T00:00:00+00:00
[2025-05-15T13:52:23.411+0000] {processor.py:175} INFO - Processing /opt/airflow/dags/sales_pipeline.py took 0.082 seconds
[2025-05-15T13:52:53.496+0000] {processor.py:153} INFO - Started process (PID=792) to work on /opt/airflow/dags/sales_pipeline.py
[2025-05-15T13:52:53.496+0000] {processor.py:743} INFO - Processing file /opt/airflow/dags/sales_pipeline.py for tasks to queue
[2025-05-15T13:52:53.497+0000] {logging_mixin.py:137} INFO - [2025-05-15T13:52:53.497+0000] {dagbag.py:538} INFO - Filling up the DagBag from /opt/airflow/dags/sales_pipeline.py
[2025-05-15T13:52:53.511+0000] {processor.py:753} INFO - DAG(s) dict_keys(['sales_data_pipeline']) retrieved from /opt/airflow/dags/sales_pipeline.py
[2025-05-15T13:52:53.539+0000] {logging_mixin.py:137} INFO - [2025-05-15T13:52:53.539+0000] {dag.py:2676} INFO - Sync 1 DAGs
[2025-05-15T13:52:53.561+0000] {logging_mixin.py:137} INFO - [2025-05-15T13:52:53.560+0000] {dag.py:3427} INFO - Setting next_dagrun for sales_data_pipeline to 2025-05-15T00:00:00+00:00, run_after=2025-05-16T00:00:00+00:00
[2025-05-15T13:52:53.575+0000] {processor.py:175} INFO - Processing /opt/airflow/dags/sales_pipeline.py took 0.082 seconds
[2025-05-15T13:53:23.620+0000] {processor.py:153} INFO - Started process (PID=797) to work on /opt/airflow/dags/sales_pipeline.py
[2025-05-15T13:53:23.621+0000] {processor.py:743} INFO - Processing file /opt/airflow/dags/sales_pipeline.py for tasks to queue
[2025-05-15T13:53:23.621+0000] {logging_mixin.py:137} INFO - [2025-05-15T13:53:23.621+0000] {dagbag.py:538} INFO - Filling up the DagBag from /opt/airflow/dags/sales_pipeline.py
[2025-05-15T13:53:23.634+0000] {processor.py:753} INFO - DAG(s) dict_keys(['sales_data_pipeline']) retrieved from /opt/airflow/dags/sales_pipeline.py
[2025-05-15T13:53:23.663+0000] {logging_mixin.py:137} INFO - [2025-05-15T13:53:23.663+0000] {dag.py:2676} INFO - Sync 1 DAGs
[2025-05-15T13:53:23.690+0000] {logging_mixin.py:137} INFO - [2025-05-15T13:53:23.690+0000] {dag.py:3427} INFO - Setting next_dagrun for sales_data_pipeline to 2025-05-15T00:00:00+00:00, run_after=2025-05-16T00:00:00+00:00
[2025-05-15T13:53:23.713+0000] {processor.py:175} INFO - Processing /opt/airflow/dags/sales_pipeline.py took 0.095 seconds
[2025-05-15T13:53:53.778+0000] {processor.py:153} INFO - Started process (PID=802) to work on /opt/airflow/dags/sales_pipeline.py
[2025-05-15T13:53:53.779+0000] {processor.py:743} INFO - Processing file /opt/airflow/dags/sales_pipeline.py for tasks to queue
[2025-05-15T13:53:53.779+0000] {logging_mixin.py:137} INFO - [2025-05-15T13:53:53.779+0000] {dagbag.py:538} INFO - Filling up the DagBag from /opt/airflow/dags/sales_pipeline.py
[2025-05-15T13:53:53.792+0000] {processor.py:753} INFO - DAG(s) dict_keys(['sales_data_pipeline']) retrieved from /opt/airflow/dags/sales_pipeline.py
[2025-05-15T13:53:53.822+0000] {logging_mixin.py:137} INFO - [2025-05-15T13:53:53.822+0000] {dag.py:2676} INFO - Sync 1 DAGs
[2025-05-15T13:53:53.843+0000] {logging_mixin.py:137} INFO - [2025-05-15T13:53:53.843+0000] {dag.py:3427} INFO - Setting next_dagrun for sales_data_pipeline to 2025-05-15T00:00:00+00:00, run_after=2025-05-16T00:00:00+00:00
[2025-05-15T13:53:53.863+0000] {processor.py:175} INFO - Processing /opt/airflow/dags/sales_pipeline.py took 0.088 seconds
[2025-05-15T13:54:23.936+0000] {processor.py:153} INFO - Started process (PID=807) to work on /opt/airflow/dags/sales_pipeline.py
[2025-05-15T13:54:23.936+0000] {processor.py:743} INFO - Processing file /opt/airflow/dags/sales_pipeline.py for tasks to queue
[2025-05-15T13:54:23.937+0000] {logging_mixin.py:137} INFO - [2025-05-15T13:54:23.936+0000] {dagbag.py:538} INFO - Filling up the DagBag from /opt/airflow/dags/sales_pipeline.py
[2025-05-15T13:54:23.955+0000] {processor.py:753} INFO - DAG(s) dict_keys(['sales_data_pipeline']) retrieved from /opt/airflow/dags/sales_pipeline.py
[2025-05-15T13:54:23.997+0000] {logging_mixin.py:137} INFO - [2025-05-15T13:54:23.997+0000] {dag.py:2676} INFO - Sync 1 DAGs
[2025-05-15T13:54:24.031+0000] {logging_mixin.py:137} INFO - [2025-05-15T13:54:24.031+0000] {dag.py:3427} INFO - Setting next_dagrun for sales_data_pipeline to 2025-05-15T00:00:00+00:00, run_after=2025-05-16T00:00:00+00:00
[2025-05-15T13:54:24.053+0000] {processor.py:175} INFO - Processing /opt/airflow/dags/sales_pipeline.py took 0.120 seconds
[2025-05-15T13:54:54.080+0000] {processor.py:153} INFO - Started process (PID=812) to work on /opt/airflow/dags/sales_pipeline.py
[2025-05-15T13:54:54.081+0000] {processor.py:743} INFO - Processing file /opt/airflow/dags/sales_pipeline.py for tasks to queue
[2025-05-15T13:54:54.081+0000] {logging_mixin.py:137} INFO - [2025-05-15T13:54:54.081+0000] {dagbag.py:538} INFO - Filling up the DagBag from /opt/airflow/dags/sales_pipeline.py
[2025-05-15T13:54:54.094+0000] {processor.py:753} INFO - DAG(s) dict_keys(['sales_data_pipeline']) retrieved from /opt/airflow/dags/sales_pipeline.py
[2025-05-15T13:54:54.124+0000] {logging_mixin.py:137} INFO - [2025-05-15T13:54:54.124+0000] {dag.py:2676} INFO - Sync 1 DAGs
[2025-05-15T13:54:54.147+0000] {logging_mixin.py:137} INFO - [2025-05-15T13:54:54.147+0000] {dag.py:3427} INFO - Setting next_dagrun for sales_data_pipeline to 2025-05-15T00:00:00+00:00, run_after=2025-05-16T00:00:00+00:00
[2025-05-15T13:54:54.164+0000] {processor.py:175} INFO - Processing /opt/airflow/dags/sales_pipeline.py took 0.086 seconds
[2025-05-15T13:55:24.278+0000] {processor.py:153} INFO - Started process (PID=817) to work on /opt/airflow/dags/sales_pipeline.py
[2025-05-15T13:55:24.279+0000] {processor.py:743} INFO - Processing file /opt/airflow/dags/sales_pipeline.py for tasks to queue
[2025-05-15T13:55:24.279+0000] {logging_mixin.py:137} INFO - [2025-05-15T13:55:24.279+0000] {dagbag.py:538} INFO - Filling up the DagBag from /opt/airflow/dags/sales_pipeline.py
[2025-05-15T13:55:24.293+0000] {processor.py:753} INFO - DAG(s) dict_keys(['sales_data_pipeline']) retrieved from /opt/airflow/dags/sales_pipeline.py
[2025-05-15T13:55:24.323+0000] {logging_mixin.py:137} INFO - [2025-05-15T13:55:24.322+0000] {dag.py:2676} INFO - Sync 1 DAGs
[2025-05-15T13:55:24.344+0000] {logging_mixin.py:137} INFO - [2025-05-15T13:55:24.344+0000] {dag.py:3427} INFO - Setting next_dagrun for sales_data_pipeline to 2025-05-15T00:00:00+00:00, run_after=2025-05-16T00:00:00+00:00
[2025-05-15T13:55:24.362+0000] {processor.py:175} INFO - Processing /opt/airflow/dags/sales_pipeline.py took 0.087 seconds
[2025-05-15T13:55:54.398+0000] {processor.py:153} INFO - Started process (PID=822) to work on /opt/airflow/dags/sales_pipeline.py
[2025-05-15T13:55:54.399+0000] {processor.py:743} INFO - Processing file /opt/airflow/dags/sales_pipeline.py for tasks to queue
[2025-05-15T13:55:54.399+0000] {logging_mixin.py:137} INFO - [2025-05-15T13:55:54.399+0000] {dagbag.py:538} INFO - Filling up the DagBag from /opt/airflow/dags/sales_pipeline.py
[2025-05-15T13:55:54.412+0000] {processor.py:753} INFO - DAG(s) dict_keys(['sales_data_pipeline']) retrieved from /opt/airflow/dags/sales_pipeline.py
[2025-05-15T13:55:54.441+0000] {logging_mixin.py:137} INFO - [2025-05-15T13:55:54.440+0000] {dag.py:2676} INFO - Sync 1 DAGs
[2025-05-15T13:55:54.464+0000] {logging_mixin.py:137} INFO - [2025-05-15T13:55:54.464+0000] {dag.py:3427} INFO - Setting next_dagrun for sales_data_pipeline to 2025-05-15T00:00:00+00:00, run_after=2025-05-16T00:00:00+00:00
[2025-05-15T13:55:54.479+0000] {processor.py:175} INFO - Processing /opt/airflow/dags/sales_pipeline.py took 0.084 seconds
[2025-05-15T13:56:24.572+0000] {processor.py:153} INFO - Started process (PID=827) to work on /opt/airflow/dags/sales_pipeline.py
[2025-05-15T13:56:24.572+0000] {processor.py:743} INFO - Processing file /opt/airflow/dags/sales_pipeline.py for tasks to queue
[2025-05-15T13:56:24.573+0000] {logging_mixin.py:137} INFO - [2025-05-15T13:56:24.573+0000] {dagbag.py:538} INFO - Filling up the DagBag from /opt/airflow/dags/sales_pipeline.py
[2025-05-15T13:56:24.586+0000] {processor.py:753} INFO - DAG(s) dict_keys(['sales_data_pipeline']) retrieved from /opt/airflow/dags/sales_pipeline.py
[2025-05-15T13:56:24.614+0000] {logging_mixin.py:137} INFO - [2025-05-15T13:56:24.614+0000] {dag.py:2676} INFO - Sync 1 DAGs
[2025-05-15T13:56:24.636+0000] {logging_mixin.py:137} INFO - [2025-05-15T13:56:24.636+0000] {dag.py:3427} INFO - Setting next_dagrun for sales_data_pipeline to 2025-05-15T00:00:00+00:00, run_after=2025-05-16T00:00:00+00:00
[2025-05-15T13:56:24.651+0000] {processor.py:175} INFO - Processing /opt/airflow/dags/sales_pipeline.py took 0.082 seconds
[2025-05-15T13:56:54.687+0000] {processor.py:153} INFO - Started process (PID=832) to work on /opt/airflow/dags/sales_pipeline.py
[2025-05-15T13:56:54.688+0000] {processor.py:743} INFO - Processing file /opt/airflow/dags/sales_pipeline.py for tasks to queue
[2025-05-15T13:56:54.688+0000] {logging_mixin.py:137} INFO - [2025-05-15T13:56:54.688+0000] {dagbag.py:538} INFO - Filling up the DagBag from /opt/airflow/dags/sales_pipeline.py
[2025-05-15T13:56:54.701+0000] {processor.py:753} INFO - DAG(s) dict_keys(['sales_data_pipeline']) retrieved from /opt/airflow/dags/sales_pipeline.py
[2025-05-15T13:56:54.731+0000] {logging_mixin.py:137} INFO - [2025-05-15T13:56:54.731+0000] {dag.py:2676} INFO - Sync 1 DAGs
[2025-05-15T13:56:54.758+0000] {logging_mixin.py:137} INFO - [2025-05-15T13:56:54.758+0000] {dag.py:3427} INFO - Setting next_dagrun for sales_data_pipeline to 2025-05-15T00:00:00+00:00, run_after=2025-05-16T00:00:00+00:00
[2025-05-15T13:56:54.773+0000] {processor.py:175} INFO - Processing /opt/airflow/dags/sales_pipeline.py took 0.088 seconds
[2025-05-15T13:57:24.867+0000] {processor.py:153} INFO - Started process (PID=837) to work on /opt/airflow/dags/sales_pipeline.py
[2025-05-15T13:57:24.867+0000] {processor.py:743} INFO - Processing file /opt/airflow/dags/sales_pipeline.py for tasks to queue
[2025-05-15T13:57:24.868+0000] {logging_mixin.py:137} INFO - [2025-05-15T13:57:24.868+0000] {dagbag.py:538} INFO - Filling up the DagBag from /opt/airflow/dags/sales_pipeline.py
[2025-05-15T13:57:24.882+0000] {processor.py:753} INFO - DAG(s) dict_keys(['sales_data_pipeline']) retrieved from /opt/airflow/dags/sales_pipeline.py
[2025-05-15T13:57:24.911+0000] {logging_mixin.py:137} INFO - [2025-05-15T13:57:24.911+0000] {dag.py:2676} INFO - Sync 1 DAGs
[2025-05-15T13:57:24.933+0000] {logging_mixin.py:137} INFO - [2025-05-15T13:57:24.933+0000] {dag.py:3427} INFO - Setting next_dagrun for sales_data_pipeline to 2025-05-15T00:00:00+00:00, run_after=2025-05-16T00:00:00+00:00
[2025-05-15T13:57:24.949+0000] {processor.py:175} INFO - Processing /opt/airflow/dags/sales_pipeline.py took 0.085 seconds
[2025-05-15T13:57:54.988+0000] {processor.py:153} INFO - Started process (PID=842) to work on /opt/airflow/dags/sales_pipeline.py
[2025-05-15T13:57:54.988+0000] {processor.py:743} INFO - Processing file /opt/airflow/dags/sales_pipeline.py for tasks to queue
[2025-05-15T13:57:54.989+0000] {logging_mixin.py:137} INFO - [2025-05-15T13:57:54.989+0000] {dagbag.py:538} INFO - Filling up the DagBag from /opt/airflow/dags/sales_pipeline.py
[2025-05-15T13:57:55.001+0000] {processor.py:753} INFO - DAG(s) dict_keys(['sales_data_pipeline']) retrieved from /opt/airflow/dags/sales_pipeline.py
[2025-05-15T13:57:55.030+0000] {logging_mixin.py:137} INFO - [2025-05-15T13:57:55.030+0000] {dag.py:2676} INFO - Sync 1 DAGs
[2025-05-15T13:57:55.052+0000] {logging_mixin.py:137} INFO - [2025-05-15T13:57:55.052+0000] {dag.py:3427} INFO - Setting next_dagrun for sales_data_pipeline to 2025-05-15T00:00:00+00:00, run_after=2025-05-16T00:00:00+00:00
[2025-05-15T13:57:55.067+0000] {processor.py:175} INFO - Processing /opt/airflow/dags/sales_pipeline.py took 0.081 seconds
