[2025-05-15T10:32:17.269+0000] {manager.py:483} INFO - Processing files using up to 2 processes at a time 
[2025-05-15T10:32:17.271+0000] {manager.py:484} INFO - Process each file at most once every 30 seconds
[2025-05-15T10:32:17.271+0000] {manager.py:486} INFO - Checking for new files in /opt/airflow/dags every 300 seconds
[2025-05-15T10:32:17.271+0000] {manager.py:726} INFO - Searching for files in /opt/airflow/dags
[2025-05-15T10:32:17.273+0000] {manager.py:729} INFO - There are 0 files in /opt/airflow/dags
[2025-05-15T10:37:17.410+0000] {manager.py:726} INFO - Searching for files in /opt/airflow/dags
[2025-05-15T10:37:17.411+0000] {manager.py:729} INFO - There are 1 files in /opt/airflow/dags
[2025-05-15T10:37:18.433+0000] {manager.py:851} INFO - 
================================================================================
DAG File Processing Stats

File Path                              PID  Runtime      # DAGs    # Errors  Last Runtime    Last Run
-----------------------------------  -----  ---------  --------  ----------  --------------  ----------
/opt/airflow/dags/load_sales_dag.py    163  1.01s             0           0
================================================================================
[2025-05-15T10:37:48.652+0000] {manager.py:851} INFO - 
================================================================================
DAG File Processing Stats

File Path                            PID    Runtime      # DAGs    # Errors  Last Runtime    Last Run
-----------------------------------  -----  ---------  --------  ----------  --------------  -------------------
/opt/airflow/dags/load_sales_dag.py                           1           0  1.26s           2025-05-15T10:37:18
================================================================================
[2025-05-15T10:38:18.906+0000] {manager.py:851} INFO - 
================================================================================
DAG File Processing Stats

File Path                            PID    Runtime      # DAGs    # Errors  Last Runtime    Last Run
-----------------------------------  -----  ---------  --------  ----------  --------------  -------------------
/opt/airflow/dags/load_sales_dag.py                           1           0  0.34s           2025-05-15T10:37:49
================================================================================
[2025-05-15T10:38:49.322+0000] {manager.py:851} INFO - 
================================================================================
DAG File Processing Stats

File Path                            PID    Runtime      # DAGs    # Errors  Last Runtime    Last Run
-----------------------------------  -----  ---------  --------  ----------  --------------  -------------------
/opt/airflow/dags/load_sales_dag.py                           1           0  0.38s           2025-05-15T10:38:19
================================================================================
[2025-05-15T10:39:19.806+0000] {manager.py:851} INFO - 
================================================================================
DAG File Processing Stats

File Path                            PID    Runtime      # DAGs    # Errors  Last Runtime    Last Run
-----------------------------------  -----  ---------  --------  ----------  --------------  -------------------
/opt/airflow/dags/load_sales_dag.py                           1           0  0.27s           2025-05-15T10:38:49
================================================================================
[2025-05-15T10:39:50.187+0000] {manager.py:851} INFO - 
================================================================================
DAG File Processing Stats

File Path                            PID    Runtime      # DAGs    # Errors  Last Runtime    Last Run
-----------------------------------  -----  ---------  --------  ----------  --------------  -------------------
/opt/airflow/dags/load_sales_dag.py                           1           0  0.28s           2025-05-15T10:39:20
================================================================================
[2025-05-15T10:40:20.565+0000] {manager.py:851} INFO - 
================================================================================
DAG File Processing Stats

File Path                            PID    Runtime      # DAGs    # Errors  Last Runtime    Last Run
-----------------------------------  -----  ---------  --------  ----------  --------------  -------------------
/opt/airflow/dags/load_sales_dag.py                           1           0  0.29s           2025-05-15T10:39:50
================================================================================
[2025-05-15T10:40:50.954+0000] {manager.py:851} INFO - 
================================================================================
DAG File Processing Stats

File Path                            PID    Runtime      # DAGs    # Errors  Last Runtime    Last Run
-----------------------------------  -----  ---------  --------  ----------  --------------  -------------------
/opt/airflow/dags/load_sales_dag.py                           1           0  0.29s           2025-05-15T10:40:21
================================================================================
[2025-05-15T10:41:21.327+0000] {manager.py:851} INFO - 
================================================================================
DAG File Processing Stats

File Path                            PID    Runtime      # DAGs    # Errors  Last Runtime    Last Run
-----------------------------------  -----  ---------  --------  ----------  --------------  -------------------
/opt/airflow/dags/load_sales_dag.py                           1           0  0.28s           2025-05-15T10:40:51
================================================================================
[2025-05-15T10:41:51.701+0000] {manager.py:851} INFO - 
================================================================================
DAG File Processing Stats

File Path                            PID    Runtime      # DAGs    # Errors  Last Runtime    Last Run
-----------------------------------  -----  ---------  --------  ----------  --------------  -------------------
/opt/airflow/dags/load_sales_dag.py                           1           0  0.29s           2025-05-15T10:41:21
================================================================================
[2025-05-15T10:42:18.081+0000] {manager.py:726} INFO - Searching for files in /opt/airflow/dags
[2025-05-15T10:42:18.082+0000] {manager.py:729} INFO - There are 1 files in /opt/airflow/dags
[2025-05-15T10:42:22.103+0000] {manager.py:851} INFO - 
================================================================================
DAG File Processing Stats

File Path                            PID    Runtime      # DAGs    # Errors  Last Runtime    Last Run
-----------------------------------  -----  ---------  --------  ----------  --------------  -------------------
/opt/airflow/dags/load_sales_dag.py                           1           0  0.28s           2025-05-15T10:41:52
================================================================================
[2025-05-15T10:42:52.487+0000] {manager.py:851} INFO - 
================================================================================
DAG File Processing Stats

File Path                            PID    Runtime      # DAGs    # Errors  Last Runtime    Last Run
-----------------------------------  -----  ---------  --------  ----------  --------------  -------------------
/opt/airflow/dags/load_sales_dag.py                           1           0  0.28s           2025-05-15T10:42:22
================================================================================
[2025-05-15T10:43:22.869+0000] {manager.py:851} INFO - 
================================================================================
DAG File Processing Stats

File Path                            PID    Runtime      # DAGs    # Errors  Last Runtime    Last Run
-----------------------------------  -----  ---------  --------  ----------  --------------  -------------------
/opt/airflow/dags/load_sales_dag.py                           1           0  0.28s           2025-05-15T10:42:53
================================================================================
[2025-05-15T10:43:53.245+0000] {manager.py:851} INFO - 
================================================================================
DAG File Processing Stats

File Path                            PID    Runtime      # DAGs    # Errors  Last Runtime    Last Run
-----------------------------------  -----  ---------  --------  ----------  --------------  -------------------
/opt/airflow/dags/load_sales_dag.py                           1           0  0.27s           2025-05-15T10:43:23
================================================================================
[2025-05-15T10:44:23.622+0000] {manager.py:851} INFO - 
================================================================================
DAG File Processing Stats

File Path                            PID    Runtime      # DAGs    # Errors  Last Runtime    Last Run
-----------------------------------  -----  ---------  --------  ----------  --------------  -------------------
/opt/airflow/dags/load_sales_dag.py                           1           0  0.30s           2025-05-15T10:43:53
================================================================================
[2025-05-15T10:44:54.005+0000] {manager.py:851} INFO - 
================================================================================
DAG File Processing Stats

File Path                            PID    Runtime      # DAGs    # Errors  Last Runtime    Last Run
-----------------------------------  -----  ---------  --------  ----------  --------------  -------------------
/opt/airflow/dags/load_sales_dag.py                           1           0  0.41s           2025-05-15T10:44:24
================================================================================
[2025-05-15T10:45:24.524+0000] {manager.py:851} INFO - 
================================================================================
DAG File Processing Stats

File Path                            PID    Runtime      # DAGs    # Errors  Last Runtime    Last Run
-----------------------------------  -----  ---------  --------  ----------  --------------  -------------------
/opt/airflow/dags/load_sales_dag.py                           1           0  0.30s           2025-05-15T10:44:54
================================================================================
[2025-05-15T10:45:54.922+0000] {manager.py:851} INFO - 
================================================================================
DAG File Processing Stats

File Path                            PID    Runtime      # DAGs    # Errors  Last Runtime    Last Run
-----------------------------------  -----  ---------  --------  ----------  --------------  -------------------
/opt/airflow/dags/load_sales_dag.py                           1           0  0.30s           2025-05-15T10:45:25
================================================================================
[2025-05-15T10:46:25.321+0000] {manager.py:851} INFO - 
================================================================================
DAG File Processing Stats

File Path                            PID    Runtime      # DAGs    # Errors  Last Runtime    Last Run
-----------------------------------  -----  ---------  --------  ----------  --------------  -------------------
/opt/airflow/dags/load_sales_dag.py                           1           0  0.32s           2025-05-15T10:45:55
================================================================================
[2025-05-15T10:46:55.746+0000] {manager.py:851} INFO - 
================================================================================
DAG File Processing Stats

File Path                            PID    Runtime      # DAGs    # Errors  Last Runtime    Last Run
-----------------------------------  -----  ---------  --------  ----------  --------------  -------------------
/opt/airflow/dags/load_sales_dag.py                           1           0  0.32s           2025-05-15T10:46:25
================================================================================
[2025-05-15T10:47:18.142+0000] {manager.py:726} INFO - Searching for files in /opt/airflow/dags
[2025-05-15T10:47:18.143+0000] {manager.py:729} INFO - There are 1 files in /opt/airflow/dags
[2025-05-15T10:47:26.175+0000] {manager.py:851} INFO - 
================================================================================
DAG File Processing Stats

File Path                            PID    Runtime      # DAGs    # Errors  Last Runtime    Last Run
-----------------------------------  -----  ---------  --------  ----------  --------------  -------------------
/opt/airflow/dags/load_sales_dag.py                           1           0  0.34s           2025-05-15T10:46:56
================================================================================
[2025-05-15T10:47:56.613+0000] {manager.py:851} INFO - 
================================================================================
DAG File Processing Stats

File Path                            PID    Runtime      # DAGs    # Errors  Last Runtime    Last Run
-----------------------------------  -----  ---------  --------  ----------  --------------  -------------------
/opt/airflow/dags/load_sales_dag.py                           1           0  0.37s           2025-05-15T10:47:26
================================================================================
[2025-05-15T10:48:27.082+0000] {manager.py:851} INFO - 
================================================================================
DAG File Processing Stats

File Path                            PID    Runtime      # DAGs    # Errors  Last Runtime    Last Run
-----------------------------------  -----  ---------  --------  ----------  --------------  -------------------
/opt/airflow/dags/load_sales_dag.py                           1           0  0.37s           2025-05-15T10:47:57
================================================================================
[2025-05-15T10:48:42.583+0000] {manager.py:465} INFO - Exiting gracefully upon receiving signal 15
[2025-05-15T10:49:16.154+0000] {manager.py:483} INFO - Processing files using up to 2 processes at a time 
[2025-05-15T10:49:16.161+0000] {manager.py:484} INFO - Process each file at most once every 30 seconds
[2025-05-15T10:49:16.162+0000] {manager.py:486} INFO - Checking for new files in /opt/airflow/dags every 300 seconds
[2025-05-15T10:49:16.162+0000] {manager.py:726} INFO - Searching for files in /opt/airflow/dags
[2025-05-15T10:49:16.166+0000] {manager.py:729} INFO - There are 1 files in /opt/airflow/dags
[2025-05-15T10:49:16.341+0000] {manager.py:851} INFO - 
================================================================================
DAG File Processing Stats

File Path                              PID  Runtime      # DAGs    # Errors  Last Runtime    Last Run
-----------------------------------  -----  ---------  --------  ----------  --------------  ----------
/opt/airflow/dags/load_sales_dag.py    164  0.07s             0           0
================================================================================
[2025-05-15T10:49:46.526+0000] {manager.py:851} INFO - 
================================================================================
DAG File Processing Stats

File Path                            PID    Runtime      # DAGs    # Errors  Last Runtime    Last Run
-----------------------------------  -----  ---------  --------  ----------  --------------  -------------------
/opt/airflow/dags/load_sales_dag.py                           1           0  3.24s           2025-05-15T10:49:19
================================================================================
[2025-05-15T10:50:16.767+0000] {manager.py:851} INFO - 
================================================================================
DAG File Processing Stats

File Path                            PID    Runtime      # DAGs    # Errors  Last Runtime    Last Run
-----------------------------------  -----  ---------  --------  ----------  --------------  -------------------
/opt/airflow/dags/load_sales_dag.py                           1           0  0.59s           2025-05-15T10:49:50
================================================================================
[2025-05-15T10:50:44.024+0000] {manager.py:465} INFO - Exiting gracefully upon receiving signal 15
[2025-05-15T10:53:25.472+0000] {manager.py:483} INFO - Processing files using up to 2 processes at a time 
[2025-05-15T10:53:25.476+0000] {manager.py:484} INFO - Process each file at most once every 30 seconds
[2025-05-15T10:53:25.480+0000] {manager.py:486} INFO - Checking for new files in /opt/airflow/dags every 300 seconds
[2025-05-15T10:53:25.480+0000] {manager.py:726} INFO - Searching for files in /opt/airflow/dags
[2025-05-15T10:53:25.483+0000] {manager.py:729} INFO - There are 1 files in /opt/airflow/dags
[2025-05-15T10:53:25.616+0000] {manager.py:851} INFO - 
================================================================================
DAG File Processing Stats

File Path                              PID  Runtime      # DAGs    # Errors  Last Runtime    Last Run
-----------------------------------  -----  ---------  --------  ----------  --------------  ----------
/opt/airflow/dags/load_sales_dag.py    164  0.05s             0           0
================================================================================
[2025-05-15T10:53:55.799+0000] {manager.py:851} INFO - 
================================================================================
DAG File Processing Stats

File Path                            PID    Runtime      # DAGs    # Errors  Last Runtime    Last Run
-----------------------------------  -----  ---------  --------  ----------  --------------  -------------------
/opt/airflow/dags/load_sales_dag.py                           1           0  2.89s           2025-05-15T10:53:28
================================================================================
[2025-05-15T10:54:25.929+0000] {manager.py:851} INFO - 
================================================================================
DAG File Processing Stats

File Path                            PID    Runtime      # DAGs    # Errors  Last Runtime    Last Run
-----------------------------------  -----  ---------  --------  ----------  --------------  -------------------
/opt/airflow/dags/load_sales_dag.py                           1           0  0.52s           2025-05-15T10:53:59
================================================================================
[2025-05-15T10:54:56.377+0000] {manager.py:851} INFO - 
================================================================================
DAG File Processing Stats

File Path                            PID    Runtime      # DAGs    # Errors  Last Runtime    Last Run
-----------------------------------  -----  ---------  --------  ----------  --------------  -------------------
/opt/airflow/dags/load_sales_dag.py                           1           0  0.55s           2025-05-15T10:54:29
================================================================================
[2025-05-15T10:55:26.492+0000] {manager.py:851} INFO - 
================================================================================
DAG File Processing Stats

File Path                            PID    Runtime      # DAGs    # Errors  Last Runtime    Last Run
-----------------------------------  -----  ---------  --------  ----------  --------------  -------------------
/opt/airflow/dags/load_sales_dag.py                           1           0  0.61s           2025-05-15T10:55:00
================================================================================
[2025-05-15T10:55:56.719+0000] {manager.py:851} INFO - 
================================================================================
DAG File Processing Stats

File Path                            PID    Runtime      # DAGs    # Errors  Last Runtime    Last Run
-----------------------------------  -----  ---------  --------  ----------  --------------  -------------------
/opt/airflow/dags/load_sales_dag.py                           1           0  0.42s           2025-05-15T10:55:31
================================================================================
[2025-05-15T10:56:27.232+0000] {manager.py:851} INFO - 
================================================================================
DAG File Processing Stats

File Path                            PID    Runtime      # DAGs    # Errors  Last Runtime    Last Run
-----------------------------------  -----  ---------  --------  ----------  --------------  -------------------
/opt/airflow/dags/load_sales_dag.py                           1           0  0.41s           2025-05-15T10:56:01
================================================================================
[2025-05-15T10:56:57.747+0000] {manager.py:851} INFO - 
================================================================================
DAG File Processing Stats

File Path                            PID    Runtime      # DAGs    # Errors  Last Runtime    Last Run
-----------------------------------  -----  ---------  --------  ----------  --------------  -------------------
/opt/airflow/dags/load_sales_dag.py                           1           0  0.30s           2025-05-15T10:56:31
================================================================================
[2025-05-15T10:57:28.150+0000] {manager.py:851} INFO - 
================================================================================
DAG File Processing Stats

File Path                            PID    Runtime      # DAGs    # Errors  Last Runtime    Last Run
-----------------------------------  -----  ---------  --------  ----------  --------------  -------------------
/opt/airflow/dags/load_sales_dag.py                           1           0  0.28s           2025-05-15T10:57:02
================================================================================
[2025-05-15T10:57:58.530+0000] {manager.py:851} INFO - 
================================================================================
DAG File Processing Stats

File Path                            PID    Runtime      # DAGs    # Errors  Last Runtime    Last Run
-----------------------------------  -----  ---------  --------  ----------  --------------  -------------------
/opt/airflow/dags/load_sales_dag.py                           1           0  0.29s           2025-05-15T10:57:32
================================================================================
[2025-05-15T10:58:25.910+0000] {manager.py:726} INFO - Searching for files in /opt/airflow/dags
[2025-05-15T10:58:25.911+0000] {manager.py:729} INFO - There are 1 files in /opt/airflow/dags
[2025-05-15T10:58:28.927+0000] {manager.py:851} INFO - 
================================================================================
DAG File Processing Stats

File Path                            PID    Runtime      # DAGs    # Errors  Last Runtime    Last Run
-----------------------------------  -----  ---------  --------  ----------  --------------  -------------------
/opt/airflow/dags/load_sales_dag.py                           1           0  0.50s           2025-05-15T10:58:03
================================================================================
[2025-05-15T10:58:58.944+0000] {manager.py:851} INFO - 
================================================================================
DAG File Processing Stats

File Path                            PID    Runtime      # DAGs    # Errors  Last Runtime    Last Run
-----------------------------------  -----  ---------  --------  ----------  --------------  -------------------
/opt/airflow/dags/load_sales_dag.py                           1           0  0.42s           2025-05-15T10:58:33
================================================================================
[2025-05-15T10:59:29.066+0000] {manager.py:851} INFO - 
================================================================================
DAG File Processing Stats

File Path                            PID    Runtime      # DAGs    # Errors  Last Runtime    Last Run
-----------------------------------  -----  ---------  --------  ----------  --------------  -------------------
/opt/airflow/dags/load_sales_dag.py                           1           0  0.41s           2025-05-15T10:59:04
================================================================================
[2025-05-15T10:59:59.580+0000] {manager.py:851} INFO - 
================================================================================
DAG File Processing Stats

File Path                            PID    Runtime      # DAGs    # Errors  Last Runtime    Last Run
-----------------------------------  -----  ---------  --------  ----------  --------------  -------------------
/opt/airflow/dags/load_sales_dag.py                           1           0  0.42s           2025-05-15T10:59:34
================================================================================
[2025-05-15T11:00:30.098+0000] {manager.py:851} INFO - 
================================================================================
DAG File Processing Stats

File Path                            PID    Runtime      # DAGs    # Errors  Last Runtime    Last Run
-----------------------------------  -----  ---------  --------  ----------  --------------  -------------------
/opt/airflow/dags/load_sales_dag.py                           1           0  0.43s           2025-05-15T11:00:05
================================================================================
[2025-05-15T11:01:00.644+0000] {manager.py:851} INFO - 
================================================================================
DAG File Processing Stats

File Path                            PID    Runtime      # DAGs    # Errors  Last Runtime    Last Run
-----------------------------------  -----  ---------  --------  ----------  --------------  -------------------
/opt/airflow/dags/load_sales_dag.py                           1           0  0.30s           2025-05-15T11:00:35
================================================================================
[2025-05-15T11:01:31.082+0000] {manager.py:851} INFO - 
================================================================================
DAG File Processing Stats

File Path                            PID    Runtime      # DAGs    # Errors  Last Runtime    Last Run
-----------------------------------  -----  ---------  --------  ----------  --------------  -------------------
/opt/airflow/dags/load_sales_dag.py                           1           0  0.27s           2025-05-15T11:01:06
================================================================================
[2025-05-15T11:02:01.460+0000] {manager.py:851} INFO - 
================================================================================
DAG File Processing Stats

File Path                            PID    Runtime      # DAGs    # Errors  Last Runtime    Last Run
-----------------------------------  -----  ---------  --------  ----------  --------------  -------------------
/opt/airflow/dags/load_sales_dag.py                           1           0  0.46s           2025-05-15T11:01:36
================================================================================
[2025-05-15T11:02:32.038+0000] {manager.py:851} INFO - 
================================================================================
DAG File Processing Stats

File Path                            PID    Runtime      # DAGs    # Errors  Last Runtime    Last Run
-----------------------------------  -----  ---------  --------  ----------  --------------  -------------------
/opt/airflow/dags/load_sales_dag.py                           1           0  0.42s           2025-05-15T11:02:07
================================================================================
[2025-05-15T11:03:02.566+0000] {manager.py:851} INFO - 
================================================================================
DAG File Processing Stats

File Path                            PID    Runtime      # DAGs    # Errors  Last Runtime    Last Run
-----------------------------------  -----  ---------  --------  ----------  --------------  -------------------
/opt/airflow/dags/load_sales_dag.py                           1           0  0.43s           2025-05-15T11:02:37
================================================================================
[2025-05-15T11:03:26.082+0000] {manager.py:726} INFO - Searching for files in /opt/airflow/dags
[2025-05-15T11:03:26.083+0000] {manager.py:729} INFO - There are 1 files in /opt/airflow/dags
[2025-05-15T11:03:32.571+0000] {manager.py:851} INFO - 
================================================================================
DAG File Processing Stats

File Path                            PID    Runtime      # DAGs    # Errors  Last Runtime    Last Run
-----------------------------------  -----  ---------  --------  ----------  --------------  -------------------
/opt/airflow/dags/load_sales_dag.py                           1           0  0.46s           2025-05-15T11:03:08
================================================================================
[2025-05-15T11:04:02.677+0000] {manager.py:851} INFO - 
================================================================================
DAG File Processing Stats

File Path                            PID    Runtime      # DAGs    # Errors  Last Runtime    Last Run
-----------------------------------  -----  ---------  --------  ----------  --------------  -------------------
/opt/airflow/dags/load_sales_dag.py                           1           0  0.31s           2025-05-15T11:03:38
================================================================================
[2025-05-15T11:04:33.102+0000] {manager.py:851} INFO - 
================================================================================
DAG File Processing Stats

File Path                            PID    Runtime      # DAGs    # Errors  Last Runtime    Last Run
-----------------------------------  -----  ---------  --------  ----------  --------------  -------------------
/opt/airflow/dags/load_sales_dag.py                           1           0  0.29s           2025-05-15T11:04:09
================================================================================
[2025-05-15T11:05:03.471+0000] {manager.py:851} INFO - 
================================================================================
DAG File Processing Stats

File Path                            PID    Runtime      # DAGs    # Errors  Last Runtime    Last Run
-----------------------------------  -----  ---------  --------  ----------  --------------  -------------------
/opt/airflow/dags/load_sales_dag.py                           1           0  0.29s           2025-05-15T11:04:39
================================================================================
[2025-05-15T11:05:33.860+0000] {manager.py:851} INFO - 
================================================================================
DAG File Processing Stats

File Path                            PID    Runtime      # DAGs    # Errors  Last Runtime    Last Run
-----------------------------------  -----  ---------  --------  ----------  --------------  -------------------
/opt/airflow/dags/load_sales_dag.py                           1           0  0.28s           2025-05-15T11:05:10
================================================================================
[2025-05-15T11:06:04.239+0000] {manager.py:851} INFO - 
================================================================================
DAG File Processing Stats

File Path                            PID    Runtime      # DAGs    # Errors  Last Runtime    Last Run
-----------------------------------  -----  ---------  --------  ----------  --------------  -------------------
/opt/airflow/dags/load_sales_dag.py                           1           0  0.44s           2025-05-15T11:05:40
================================================================================
[2025-05-15T11:06:34.787+0000] {manager.py:851} INFO - 
================================================================================
DAG File Processing Stats

File Path                            PID    Runtime      # DAGs    # Errors  Last Runtime    Last Run
-----------------------------------  -----  ---------  --------  ----------  --------------  -------------------
/opt/airflow/dags/load_sales_dag.py                           1           0  0.44s           2025-05-15T11:06:11
================================================================================
[2025-05-15T11:07:05.343+0000] {manager.py:851} INFO - 
================================================================================
DAG File Processing Stats

File Path                            PID    Runtime      # DAGs    # Errors  Last Runtime    Last Run
-----------------------------------  -----  ---------  --------  ----------  --------------  -------------------
/opt/airflow/dags/load_sales_dag.py                           1           0  0.45s           2025-05-15T11:06:41
================================================================================
[2025-05-15T11:07:35.903+0000] {manager.py:851} INFO - 
================================================================================
DAG File Processing Stats

File Path                            PID    Runtime      # DAGs    # Errors  Last Runtime    Last Run
-----------------------------------  -----  ---------  --------  ----------  --------------  -------------------
/opt/airflow/dags/load_sales_dag.py                           1           0  0.32s           2025-05-15T11:07:12
================================================================================
[2025-05-15T11:08:06.326+0000] {manager.py:851} INFO - 
================================================================================
DAG File Processing Stats

File Path                            PID    Runtime      # DAGs    # Errors  Last Runtime    Last Run
-----------------------------------  -----  ---------  --------  ----------  --------------  -------------------
/opt/airflow/dags/load_sales_dag.py                           1           0  0.29s           2025-05-15T11:07:42
================================================================================
[2025-05-15T11:08:26.690+0000] {manager.py:726} INFO - Searching for files in /opt/airflow/dags
[2025-05-15T11:08:26.692+0000] {manager.py:729} INFO - There are 1 files in /opt/airflow/dags
[2025-05-15T11:08:36.752+0000] {manager.py:851} INFO - 
================================================================================
DAG File Processing Stats

File Path                            PID    Runtime      # DAGs    # Errors  Last Runtime    Last Run
-----------------------------------  -----  ---------  --------  ----------  --------------  -------------------
/opt/airflow/dags/load_sales_dag.py                           1           0  0.30s           2025-05-15T11:08:12
================================================================================
[2025-05-15T11:09:07.143+0000] {manager.py:851} INFO - 
================================================================================
DAG File Processing Stats

File Path                            PID    Runtime      # DAGs    # Errors  Last Runtime    Last Run
-----------------------------------  -----  ---------  --------  ----------  --------------  -------------------
/opt/airflow/dags/load_sales_dag.py                           1           0  1.15s           2025-05-15T11:08:44
================================================================================
[2025-05-15T11:09:37.379+0000] {manager.py:851} INFO - 
================================================================================
DAG File Processing Stats

File Path                            PID    Runtime      # DAGs    # Errors  Last Runtime    Last Run
-----------------------------------  -----  ---------  --------  ----------  --------------  -------------------
/opt/airflow/dags/load_sales_dag.py                           1           0  0.42s           2025-05-15T11:09:14
================================================================================
[2025-05-15T11:10:07.919+0000] {manager.py:851} INFO - 
================================================================================
DAG File Processing Stats

File Path                            PID    Runtime      # DAGs    # Errors  Last Runtime    Last Run
-----------------------------------  -----  ---------  --------  ----------  --------------  -------------------
/opt/airflow/dags/load_sales_dag.py                           1           0  0.40s           2025-05-15T11:09:45
================================================================================
[2025-05-15T11:10:38.404+0000] {manager.py:851} INFO - 
================================================================================
DAG File Processing Stats

File Path                            PID    Runtime      # DAGs    # Errors  Last Runtime    Last Run
-----------------------------------  -----  ---------  --------  ----------  --------------  -------------------
/opt/airflow/dags/load_sales_dag.py                           1           0  0.40s           2025-05-15T11:10:15
================================================================================
[2025-05-15T11:11:08.906+0000] {manager.py:851} INFO - 
================================================================================
DAG File Processing Stats

File Path                            PID    Runtime      # DAGs    # Errors  Last Runtime    Last Run
-----------------------------------  -----  ---------  --------  ----------  --------------  -------------------
/opt/airflow/dags/load_sales_dag.py                           1           0  0.27s           2025-05-15T11:10:46
================================================================================
[2025-05-15T11:11:39.280+0000] {manager.py:851} INFO - 
================================================================================
DAG File Processing Stats

File Path                            PID    Runtime      # DAGs    # Errors  Last Runtime    Last Run
-----------------------------------  -----  ---------  --------  ----------  --------------  -------------------
/opt/airflow/dags/load_sales_dag.py                           1           0  0.36s           2025-05-15T11:11:16
================================================================================
[2025-05-15T11:12:09.758+0000] {manager.py:851} INFO - 
================================================================================
DAG File Processing Stats

File Path                            PID    Runtime      # DAGs    # Errors  Last Runtime    Last Run
-----------------------------------  -----  ---------  --------  ----------  --------------  -------------------
/opt/airflow/dags/load_sales_dag.py                           1           0  0.32s           2025-05-15T11:11:46
================================================================================
[2025-05-15T11:12:40.175+0000] {manager.py:851} INFO - 
================================================================================
DAG File Processing Stats

File Path                            PID    Runtime      # DAGs    # Errors  Last Runtime    Last Run
-----------------------------------  -----  ---------  --------  ----------  --------------  -------------------
/opt/airflow/dags/load_sales_dag.py                           1           0  0.44s           2025-05-15T11:12:17
================================================================================
[2025-05-15T11:13:10.724+0000] {manager.py:851} INFO - 
================================================================================
DAG File Processing Stats

File Path                            PID    Runtime      # DAGs    # Errors  Last Runtime    Last Run
-----------------------------------  -----  ---------  --------  ----------  --------------  -------------------
/opt/airflow/dags/load_sales_dag.py                           1           0  0.45s           2025-05-15T11:12:48
================================================================================
[2025-05-15T11:13:27.229+0000] {manager.py:726} INFO - Searching for files in /opt/airflow/dags
[2025-05-15T11:13:27.230+0000] {manager.py:729} INFO - There are 1 files in /opt/airflow/dags
[2025-05-15T11:13:40.732+0000] {manager.py:851} INFO - 
================================================================================
DAG File Processing Stats

File Path                            PID    Runtime      # DAGs    # Errors  Last Runtime    Last Run
-----------------------------------  -----  ---------  --------  ----------  --------------  -------------------
/opt/airflow/dags/load_sales_dag.py                           1           0  0.46s           2025-05-15T11:13:18
================================================================================
[2025-05-15T11:14:10.841+0000] {manager.py:851} INFO - 
================================================================================
DAG File Processing Stats

File Path                            PID    Runtime      # DAGs    # Errors  Last Runtime    Last Run
-----------------------------------  -----  ---------  --------  ----------  --------------  -------------------
/opt/airflow/dags/load_sales_dag.py                           1           0  0.40s           2025-05-15T11:13:49
================================================================================
[2025-05-15T11:14:41.350+0000] {manager.py:851} INFO - 
================================================================================
DAG File Processing Stats

File Path                            PID    Runtime      # DAGs    # Errors  Last Runtime    Last Run
-----------------------------------  -----  ---------  --------  ----------  --------------  -------------------
/opt/airflow/dags/load_sales_dag.py                           1           0  0.28s           2025-05-15T11:14:19
================================================================================
[2025-05-15T11:15:11.740+0000] {manager.py:851} INFO - 
================================================================================
DAG File Processing Stats

File Path                            PID    Runtime      # DAGs    # Errors  Last Runtime    Last Run
-----------------------------------  -----  ---------  --------  ----------  --------------  -------------------
/opt/airflow/dags/load_sales_dag.py                           1           0  0.28s           2025-05-15T11:14:49
================================================================================
[2025-05-15T11:15:42.115+0000] {manager.py:851} INFO - 
================================================================================
DAG File Processing Stats

File Path                            PID    Runtime      # DAGs    # Errors  Last Runtime    Last Run
-----------------------------------  -----  ---------  --------  ----------  --------------  -------------------
/opt/airflow/dags/load_sales_dag.py                           1           0  0.47s           2025-05-15T11:15:20
================================================================================
[2025-05-15T11:16:12.684+0000] {manager.py:851} INFO - 
================================================================================
DAG File Processing Stats

File Path                            PID    Runtime      # DAGs    # Errors  Last Runtime    Last Run
-----------------------------------  -----  ---------  --------  ----------  --------------  -------------------
/opt/airflow/dags/load_sales_dag.py                           1           0  0.42s           2025-05-15T11:15:51
================================================================================
[2025-05-15T11:16:42.717+0000] {manager.py:851} INFO - 
================================================================================
DAG File Processing Stats

File Path                            PID    Runtime      # DAGs    # Errors  Last Runtime    Last Run
-----------------------------------  -----  ---------  --------  ----------  --------------  -------------------
/opt/airflow/dags/load_sales_dag.py                           1           0  0.51s           2025-05-15T11:16:21
================================================================================
[2025-05-15T11:17:12.824+0000] {manager.py:851} INFO - 
================================================================================
DAG File Processing Stats

File Path                            PID    Runtime      # DAGs    # Errors  Last Runtime    Last Run
-----------------------------------  -----  ---------  --------  ----------  --------------  -------------------
/opt/airflow/dags/load_sales_dag.py                           1           0  0.43s           2025-05-15T11:16:52
================================================================================
[2025-05-15T11:17:43.376+0000] {manager.py:851} INFO - 
================================================================================
DAG File Processing Stats

File Path                            PID    Runtime      # DAGs    # Errors  Last Runtime    Last Run
-----------------------------------  -----  ---------  --------  ----------  --------------  -------------------
/opt/airflow/dags/load_sales_dag.py                           1           0  0.29s           2025-05-15T11:17:22
================================================================================
[2025-05-15T11:18:13.763+0000] {manager.py:851} INFO - 
================================================================================
DAG File Processing Stats

File Path                            PID    Runtime      # DAGs    # Errors  Last Runtime    Last Run
-----------------------------------  -----  ---------  --------  ----------  --------------  -------------------
/opt/airflow/dags/load_sales_dag.py                           1           0  0.28s           2025-05-15T11:17:52
================================================================================
[2025-05-15T11:18:27.756+0000] {manager.py:726} INFO - Searching for files in /opt/airflow/dags
[2025-05-15T11:18:27.758+0000] {manager.py:729} INFO - There are 1 files in /opt/airflow/dags
[2025-05-15T11:18:43.824+0000] {manager.py:851} INFO - 
================================================================================
DAG File Processing Stats

File Path                            PID    Runtime      # DAGs    # Errors  Last Runtime    Last Run
-----------------------------------  -----  ---------  --------  ----------  --------------  -------------------
/opt/airflow/dags/load_sales_dag.py                           1           0  0.65s           2025-05-15T11:18:23
================================================================================
[2025-05-15T11:19:14.263+0000] {manager.py:851} INFO - 
================================================================================
DAG File Processing Stats

File Path                            PID    Runtime      # DAGs    # Errors  Last Runtime    Last Run
-----------------------------------  -----  ---------  --------  ----------  --------------  -------------------
/opt/airflow/dags/load_sales_dag.py                           1           0  0.43s           2025-05-15T11:18:54
================================================================================
[2025-05-15T11:19:44.443+0000] {manager.py:851} INFO - 
================================================================================
DAG File Processing Stats

File Path                            PID    Runtime      # DAGs    # Errors  Last Runtime    Last Run
-----------------------------------  -----  ---------  --------  ----------  --------------  -------------------
/opt/airflow/dags/load_sales_dag.py                           1           0  0.55s           2025-05-15T11:19:24
================================================================================
[2025-05-15T11:20:15.023+0000] {manager.py:851} INFO - 
================================================================================
DAG File Processing Stats

File Path                            PID    Runtime      # DAGs    # Errors  Last Runtime    Last Run
-----------------------------------  -----  ---------  --------  ----------  --------------  -------------------
/opt/airflow/dags/load_sales_dag.py                           1           0  0.41s           2025-05-15T11:19:55
================================================================================
[2025-05-15T11:20:45.550+0000] {manager.py:851} INFO - 
================================================================================
DAG File Processing Stats

File Path                            PID    Runtime      # DAGs    # Errors  Last Runtime    Last Run
-----------------------------------  -----  ---------  --------  ----------  --------------  -------------------
/opt/airflow/dags/load_sales_dag.py                           1           0  0.41s           2025-05-15T11:20:25
================================================================================
[2025-05-15T11:21:16.049+0000] {manager.py:851} INFO - 
================================================================================
DAG File Processing Stats

File Path                            PID    Runtime      # DAGs    # Errors  Last Runtime    Last Run
-----------------------------------  -----  ---------  --------  ----------  --------------  -------------------
/opt/airflow/dags/load_sales_dag.py                           1           0  0.34s           2025-05-15T11:20:56
================================================================================
[2025-05-15T11:21:46.499+0000] {manager.py:851} INFO - 
================================================================================
DAG File Processing Stats

File Path                            PID    Runtime      # DAGs    # Errors  Last Runtime    Last Run
-----------------------------------  -----  ---------  --------  ----------  --------------  -------------------
/opt/airflow/dags/load_sales_dag.py                           1           0  0.27s           2025-05-15T11:21:26
================================================================================
[2025-05-15T11:22:16.864+0000] {manager.py:851} INFO - 
================================================================================
DAG File Processing Stats

File Path                            PID    Runtime      # DAGs    # Errors  Last Runtime    Last Run
-----------------------------------  -----  ---------  --------  ----------  --------------  -------------------
/opt/airflow/dags/load_sales_dag.py                           1           0  0.28s           2025-05-15T11:21:57
================================================================================
[2025-05-15T11:22:47.238+0000] {manager.py:851} INFO - 
================================================================================
DAG File Processing Stats

File Path                            PID    Runtime      # DAGs    # Errors  Last Runtime    Last Run
-----------------------------------  -----  ---------  --------  ----------  --------------  -------------------
/opt/airflow/dags/load_sales_dag.py                           1           0  0.39s           2025-05-15T11:22:27
================================================================================
[2025-05-15T11:22:52.650+0000] {manager.py:465} INFO - Exiting gracefully upon receiving signal 15
[2025-05-15T11:23:37.261+0000] {manager.py:483} INFO - Processing files using up to 2 processes at a time 
[2025-05-15T11:23:37.267+0000] {manager.py:484} INFO - Process each file at most once every 30 seconds
[2025-05-15T11:23:37.268+0000] {manager.py:486} INFO - Checking for new files in /opt/airflow/dags every 300 seconds
[2025-05-15T11:23:37.268+0000] {manager.py:726} INFO - Searching for files in /opt/airflow/dags
[2025-05-15T11:23:37.272+0000] {manager.py:729} INFO - There are 1 files in /opt/airflow/dags
[2025-05-15T11:23:37.376+0000] {manager.py:851} INFO - 
================================================================================
DAG File Processing Stats

File Path                              PID  Runtime      # DAGs    # Errors  Last Runtime    Last Run
-----------------------------------  -----  ---------  --------  ----------  --------------  ----------
/opt/airflow/dags/load_sales_dag.py    163  0.03s             0           0
================================================================================
[2025-05-15T11:24:07.508+0000] {manager.py:851} INFO - 
================================================================================
DAG File Processing Stats

File Path                            PID    Runtime      # DAGs    # Errors  Last Runtime    Last Run
-----------------------------------  -----  ---------  --------  ----------  --------------  -------------------
/opt/airflow/dags/load_sales_dag.py                           1           0  3.02s           2025-05-15T11:23:40
================================================================================
[2025-05-15T11:24:37.624+0000] {manager.py:851} INFO - 
================================================================================
DAG File Processing Stats

File Path                            PID    Runtime      # DAGs    # Errors  Last Runtime    Last Run
-----------------------------------  -----  ---------  --------  ----------  --------------  -------------------
/opt/airflow/dags/load_sales_dag.py                           1           0  0.40s           2025-05-15T11:24:10
================================================================================
[2025-05-15T11:25:08.118+0000] {manager.py:851} INFO - 
================================================================================
DAG File Processing Stats

File Path                            PID    Runtime      # DAGs    # Errors  Last Runtime    Last Run
-----------------------------------  -----  ---------  --------  ----------  --------------  -------------------
/opt/airflow/dags/load_sales_dag.py                           1           0  0.39s           2025-05-15T11:24:41
================================================================================
[2025-05-15T11:25:38.630+0000] {manager.py:851} INFO - 
================================================================================
DAG File Processing Stats

File Path                            PID    Runtime      # DAGs    # Errors  Last Runtime    Last Run
-----------------------------------  -----  ---------  --------  ----------  --------------  -------------------
/opt/airflow/dags/load_sales_dag.py                           1           0  0.42s           2025-05-15T11:25:11
================================================================================
[2025-05-15T11:26:08.726+0000] {manager.py:851} INFO - 
================================================================================
DAG File Processing Stats

File Path                            PID    Runtime      # DAGs    # Errors  Last Runtime    Last Run
-----------------------------------  -----  ---------  --------  ----------  --------------  -------------------
/opt/airflow/dags/load_sales_dag.py                           1           0  0.56s           2025-05-15T11:25:42
================================================================================
[2025-05-15T11:26:39.275+0000] {manager.py:851} INFO - 
================================================================================
DAG File Processing Stats

File Path                            PID    Runtime      # DAGs    # Errors  Last Runtime    Last Run
-----------------------------------  -----  ---------  --------  ----------  --------------  -------------------
/opt/airflow/dags/load_sales_dag.py                           1           0  0.51s           2025-05-15T11:26:13
================================================================================
[2025-05-15T11:27:09.431+0000] {manager.py:851} INFO - 
================================================================================
DAG File Processing Stats

File Path                            PID    Runtime      # DAGs    # Errors  Last Runtime    Last Run
-----------------------------------  -----  ---------  --------  ----------  --------------  -------------------
/opt/airflow/dags/load_sales_dag.py                           1           0  0.51s           2025-05-15T11:26:43
================================================================================
[2025-05-15T11:27:40.006+0000] {manager.py:851} INFO - 
================================================================================
DAG File Processing Stats

File Path                            PID    Runtime      # DAGs    # Errors  Last Runtime    Last Run
-----------------------------------  -----  ---------  --------  ----------  --------------  -------------------
/opt/airflow/dags/load_sales_dag.py                           1           0  0.31s           2025-05-15T11:27:14
================================================================================
[2025-05-15T11:28:10.414+0000] {manager.py:851} INFO - 
================================================================================
DAG File Processing Stats

File Path                            PID    Runtime      # DAGs    # Errors  Last Runtime    Last Run
-----------------------------------  -----  ---------  --------  ----------  --------------  -------------------
/opt/airflow/dags/load_sales_dag.py                           1           0  0.31s           2025-05-15T11:27:44
================================================================================
[2025-05-15T11:28:37.817+0000] {manager.py:726} INFO - Searching for files in /opt/airflow/dags
[2025-05-15T11:28:37.818+0000] {manager.py:729} INFO - There are 1 files in /opt/airflow/dags
[2025-05-15T11:28:40.838+0000] {manager.py:851} INFO - 
================================================================================
DAG File Processing Stats

File Path                            PID    Runtime      # DAGs    # Errors  Last Runtime    Last Run
-----------------------------------  -----  ---------  --------  ----------  --------------  -------------------
/opt/airflow/dags/load_sales_dag.py                           1           0  0.32s           2025-05-15T11:28:15
================================================================================
[2025-05-15T11:29:11.246+0000] {manager.py:851} INFO - 
================================================================================
DAG File Processing Stats

File Path                            PID    Runtime      # DAGs    # Errors  Last Runtime    Last Run
-----------------------------------  -----  ---------  --------  ----------  --------------  -------------------
/opt/airflow/dags/load_sales_dag.py                           1           0  0.35s           2025-05-15T11:28:45
================================================================================
[2025-05-15T11:29:41.252+0000] {manager.py:851} INFO - 
================================================================================
DAG File Processing Stats

File Path                            PID    Runtime      # DAGs    # Errors  Last Runtime    Last Run
-----------------------------------  -----  ---------  --------  ----------  --------------  -------------------
/opt/airflow/dags/load_sales_dag.py                           1           0  0.56s           2025-05-15T11:29:16
================================================================================
[2025-05-15T11:30:11.359+0000] {manager.py:851} INFO - 
================================================================================
DAG File Processing Stats

File Path                            PID    Runtime      # DAGs    # Errors  Last Runtime    Last Run
-----------------------------------  -----  ---------  --------  ----------  --------------  -------------------
/opt/airflow/dags/load_sales_dag.py                           1           0  0.41s           2025-05-15T11:29:46
================================================================================
[2025-05-15T11:30:41.869+0000] {manager.py:851} INFO - 
================================================================================
DAG File Processing Stats

File Path                            PID    Runtime      # DAGs    # Errors  Last Runtime    Last Run
-----------------------------------  -----  ---------  --------  ----------  --------------  -------------------
/opt/airflow/dags/load_sales_dag.py                           1           0  0.40s           2025-05-15T11:30:17
================================================================================
[2025-05-15T11:31:12.377+0000] {manager.py:851} INFO - 
================================================================================
DAG File Processing Stats

File Path                            PID    Runtime      # DAGs    # Errors  Last Runtime    Last Run
-----------------------------------  -----  ---------  --------  ----------  --------------  -------------------
/opt/airflow/dags/load_sales_dag.py                           1           0  0.27s           2025-05-15T11:30:47
================================================================================
[2025-05-15T11:31:42.744+0000] {manager.py:851} INFO - 
================================================================================
DAG File Processing Stats

File Path                            PID    Runtime      # DAGs    # Errors  Last Runtime    Last Run
-----------------------------------  -----  ---------  --------  ----------  --------------  -------------------
/opt/airflow/dags/load_sales_dag.py                           1           0  0.28s           2025-05-15T11:31:17
================================================================================
[2025-05-15T11:32:13.119+0000] {manager.py:851} INFO - 
================================================================================
DAG File Processing Stats

File Path                            PID    Runtime      # DAGs    # Errors  Last Runtime    Last Run
-----------------------------------  -----  ---------  --------  ----------  --------------  -------------------
/opt/airflow/dags/load_sales_dag.py                           1           0  0.29s           2025-05-15T11:31:48
================================================================================
[2025-05-15T11:32:43.504+0000] {manager.py:851} INFO - 
================================================================================
DAG File Processing Stats

File Path                            PID    Runtime      # DAGs    # Errors  Last Runtime    Last Run
-----------------------------------  -----  ---------  --------  ----------  --------------  -------------------
/opt/airflow/dags/load_sales_dag.py                           1           0  0.28s           2025-05-15T11:32:18
================================================================================
[2025-05-15T11:33:13.881+0000] {manager.py:851} INFO - 
================================================================================
DAG File Processing Stats

File Path                            PID    Runtime      # DAGs    # Errors  Last Runtime    Last Run
-----------------------------------  -----  ---------  --------  ----------  --------------  -------------------
/opt/airflow/dags/load_sales_dag.py                           1           0  0.40s           2025-05-15T11:32:49
================================================================================
[2025-05-15T11:33:37.817+0000] {manager.py:726} INFO - Searching for files in /opt/airflow/dags
[2025-05-15T11:33:37.818+0000] {manager.py:729} INFO - There are 1 files in /opt/airflow/dags
[2025-05-15T11:33:44.387+0000] {manager.py:851} INFO - 
================================================================================
DAG File Processing Stats

File Path                            PID    Runtime      # DAGs    # Errors  Last Runtime    Last Run
-----------------------------------  -----  ---------  --------  ----------  --------------  -------------------
/opt/airflow/dags/load_sales_dag.py                           1           0  0.46s           2025-05-15T11:33:19
================================================================================
[2025-05-15T11:34:14.957+0000] {manager.py:851} INFO - 
================================================================================
DAG File Processing Stats

File Path                            PID    Runtime      # DAGs    # Errors  Last Runtime    Last Run
-----------------------------------  -----  ---------  --------  ----------  --------------  -------------------
/opt/airflow/dags/load_sales_dag.py                           1           0  0.28s           2025-05-15T11:33:50
================================================================================
[2025-05-15T11:34:45.330+0000] {manager.py:851} INFO - 
================================================================================
DAG File Processing Stats

File Path                            PID    Runtime      # DAGs    # Errors  Last Runtime    Last Run
-----------------------------------  -----  ---------  --------  ----------  --------------  -------------------
/opt/airflow/dags/load_sales_dag.py                           1           0  0.28s           2025-05-15T11:34:20
================================================================================
[2025-05-15T11:35:15.722+0000] {manager.py:851} INFO - 
================================================================================
DAG File Processing Stats

File Path                            PID    Runtime      # DAGs    # Errors  Last Runtime    Last Run
-----------------------------------  -----  ---------  --------  ----------  --------------  -------------------
/opt/airflow/dags/load_sales_dag.py                           1           0  0.28s           2025-05-15T11:34:50
================================================================================
[2025-05-15T11:35:46.097+0000] {manager.py:851} INFO - 
================================================================================
DAG File Processing Stats

File Path                            PID    Runtime      # DAGs    # Errors  Last Runtime    Last Run
-----------------------------------  -----  ---------  --------  ----------  --------------  -------------------
/opt/airflow/dags/load_sales_dag.py                           1           0  0.27s           2025-05-15T11:35:21
================================================================================
[2025-05-15T11:36:16.469+0000] {manager.py:851} INFO - 
================================================================================
DAG File Processing Stats

File Path                            PID    Runtime      # DAGs    # Errors  Last Runtime    Last Run
-----------------------------------  -----  ---------  --------  ----------  --------------  -------------------
/opt/airflow/dags/load_sales_dag.py                           1           0  0.41s           2025-05-15T11:35:51
================================================================================
[2025-05-15T11:36:46.982+0000] {manager.py:851} INFO - 
================================================================================
DAG File Processing Stats

File Path                            PID    Runtime      # DAGs    # Errors  Last Runtime    Last Run
-----------------------------------  -----  ---------  --------  ----------  --------------  -------------------
/opt/airflow/dags/load_sales_dag.py                           1           0  0.40s           2025-05-15T11:36:22
================================================================================
[2025-05-15T11:37:17.493+0000] {manager.py:851} INFO - 
================================================================================
DAG File Processing Stats

File Path                            PID    Runtime      # DAGs    # Errors  Last Runtime    Last Run
-----------------------------------  -----  ---------  --------  ----------  --------------  -------------------
/opt/airflow/dags/load_sales_dag.py                           1           0  0.42s           2025-05-15T11:36:52
================================================================================
[2025-05-15T11:37:48.020+0000] {manager.py:851} INFO - 
================================================================================
DAG File Processing Stats

File Path                            PID    Runtime      # DAGs    # Errors  Last Runtime    Last Run
-----------------------------------  -----  ---------  --------  ----------  --------------  -------------------
/opt/airflow/dags/load_sales_dag.py                           1           0  0.33s           2025-05-15T11:37:23
================================================================================
[2025-05-15T11:38:18.449+0000] {manager.py:851} INFO - 
================================================================================
DAG File Processing Stats

File Path                            PID    Runtime      # DAGs    # Errors  Last Runtime    Last Run
-----------------------------------  -----  ---------  --------  ----------  --------------  -------------------
/opt/airflow/dags/load_sales_dag.py                           1           0  0.33s           2025-05-15T11:37:53
================================================================================
[2025-05-15T11:38:37.843+0000] {manager.py:726} INFO - Searching for files in /opt/airflow/dags
[2025-05-15T11:38:37.844+0000] {manager.py:729} INFO - There are 1 files in /opt/airflow/dags
[2025-05-15T11:38:48.886+0000] {manager.py:851} INFO - 
================================================================================
DAG File Processing Stats

File Path                            PID    Runtime      # DAGs    # Errors  Last Runtime    Last Run
-----------------------------------  -----  ---------  --------  ----------  --------------  -------------------
/opt/airflow/dags/load_sales_dag.py                           1           0  0.31s           2025-05-15T11:38:24
================================================================================
[2025-05-15T11:39:19.297+0000] {manager.py:851} INFO - 
================================================================================
DAG File Processing Stats

File Path                            PID    Runtime      # DAGs    # Errors  Last Runtime    Last Run
-----------------------------------  -----  ---------  --------  ----------  --------------  -------------------
/opt/airflow/dags/load_sales_dag.py                           1           0  0.29s           2025-05-15T11:38:54
================================================================================
[2025-05-15T11:39:49.369+0000] {manager.py:851} INFO - 
================================================================================
DAG File Processing Stats

File Path                            PID    Runtime      # DAGs    # Errors  Last Runtime    Last Run
-----------------------------------  -----  ---------  --------  ----------  --------------  -------------------
/opt/airflow/dags/load_sales_dag.py                           1           0  0.64s           2025-05-15T11:39:25
================================================================================
[2025-05-15T11:40:19.874+0000] {manager.py:851} INFO - 
================================================================================
DAG File Processing Stats

File Path                            PID    Runtime      # DAGs    # Errors  Last Runtime    Last Run
-----------------------------------  -----  ---------  --------  ----------  --------------  -------------------
/opt/airflow/dags/load_sales_dag.py                           1           0  0.69s           2025-05-15T11:39:56
================================================================================
[2025-05-15T11:40:50.276+0000] {manager.py:851} INFO - 
================================================================================
DAG File Processing Stats

File Path                            PID    Runtime      # DAGs    # Errors  Last Runtime    Last Run
-----------------------------------  -----  ---------  --------  ----------  --------------  -------------------
/opt/airflow/dags/load_sales_dag.py                           1           0  0.44s           2025-05-15T11:40:26
================================================================================
[2025-05-15T11:41:20.817+0000] {manager.py:851} INFO - 
================================================================================
DAG File Processing Stats

File Path                            PID    Runtime      # DAGs    # Errors  Last Runtime    Last Run
-----------------------------------  -----  ---------  --------  ----------  --------------  -------------------
/opt/airflow/dags/load_sales_dag.py                           1           0  0.32s           2025-05-15T11:40:57
================================================================================
[2025-05-15T11:41:51.237+0000] {manager.py:851} INFO - 
================================================================================
DAG File Processing Stats

File Path                            PID    Runtime      # DAGs    # Errors  Last Runtime    Last Run
-----------------------------------  -----  ---------  --------  ----------  --------------  -------------------
/opt/airflow/dags/load_sales_dag.py                           1           0  0.30s           2025-05-15T11:41:27
================================================================================
[2025-05-15T11:42:21.651+0000] {manager.py:851} INFO - 
================================================================================
DAG File Processing Stats

File Path                            PID    Runtime      # DAGs    # Errors  Last Runtime    Last Run
-----------------------------------  -----  ---------  --------  ----------  --------------  -------------------
/opt/airflow/dags/load_sales_dag.py                           1           0  0.32s           2025-05-15T11:41:57
================================================================================
[2025-05-15T11:42:52.065+0000] {manager.py:851} INFO - 
================================================================================
DAG File Processing Stats

File Path                            PID    Runtime      # DAGs    # Errors  Last Runtime    Last Run
-----------------------------------  -----  ---------  --------  ----------  --------------  -------------------
/opt/airflow/dags/load_sales_dag.py                           1           0  0.41s           2025-05-15T11:42:28
================================================================================
[2025-05-15T11:43:22.585+0000] {manager.py:851} INFO - 
================================================================================
DAG File Processing Stats

File Path                            PID    Runtime      # DAGs    # Errors  Last Runtime    Last Run
-----------------------------------  -----  ---------  --------  ----------  --------------  -------------------
/opt/airflow/dags/load_sales_dag.py                           1           0  0.42s           2025-05-15T11:42:58
================================================================================
[2025-05-15T11:43:38.056+0000] {manager.py:726} INFO - Searching for files in /opt/airflow/dags
[2025-05-15T11:43:38.057+0000] {manager.py:729} INFO - There are 1 files in /opt/airflow/dags
[2025-05-15T11:43:53.115+0000] {manager.py:851} INFO - 
================================================================================
DAG File Processing Stats

File Path                            PID    Runtime      # DAGs    # Errors  Last Runtime    Last Run
-----------------------------------  -----  ---------  --------  ----------  --------------  -------------------
/opt/airflow/dags/load_sales_dag.py                           1           0  0.43s           2025-05-15T11:43:29
================================================================================
[2025-05-15T11:44:13.917+0000] {manager.py:465} INFO - Exiting gracefully upon receiving signal 15
[2025-05-15T11:44:48.464+0000] {manager.py:483} INFO - Processing files using up to 2 processes at a time 
[2025-05-15T11:44:48.469+0000] {manager.py:484} INFO - Process each file at most once every 30 seconds
[2025-05-15T11:44:48.469+0000] {manager.py:486} INFO - Checking for new files in /opt/airflow/dags every 300 seconds
[2025-05-15T11:44:48.469+0000] {manager.py:726} INFO - Searching for files in /opt/airflow/dags
[2025-05-15T11:44:48.473+0000] {manager.py:729} INFO - There are 1 files in /opt/airflow/dags
[2025-05-15T11:44:48.695+0000] {manager.py:851} INFO - 
================================================================================
DAG File Processing Stats

File Path                              PID  Runtime      # DAGs    # Errors  Last Runtime    Last Run
-----------------------------------  -----  ---------  --------  ----------  --------------  ----------
/opt/airflow/dags/load_sales_dag.py    162  0.05s             0           0
================================================================================
[2025-05-15T11:45:18.861+0000] {manager.py:851} INFO - 
================================================================================
DAG File Processing Stats

File Path                            PID    Runtime      # DAGs    # Errors  Last Runtime    Last Run
-----------------------------------  -----  ---------  --------  ----------  --------------  -------------------
/opt/airflow/dags/load_sales_dag.py                           1           0  2.91s           2025-05-15T11:44:51
================================================================================
[2025-05-15T11:45:48.972+0000] {manager.py:851} INFO - 
================================================================================
DAG File Processing Stats

File Path                            PID    Runtime      # DAGs    # Errors  Last Runtime    Last Run
-----------------------------------  -----  ---------  --------  ----------  --------------  -------------------
/opt/airflow/dags/load_sales_dag.py                           1           0  0.28s           2025-05-15T11:45:21
================================================================================
[2025-05-15T11:46:19.152+0000] {manager.py:851} INFO - 
================================================================================
DAG File Processing Stats

File Path                            PID    Runtime      # DAGs    # Errors  Last Runtime    Last Run
-----------------------------------  -----  ---------  --------  ----------  --------------  -------------------
/opt/airflow/dags/load_sales_dag.py                           1           0  0.28s           2025-05-15T11:45:52
================================================================================
[2025-05-15T11:46:49.451+0000] {manager.py:851} INFO - 
================================================================================
DAG File Processing Stats

File Path                            PID    Runtime      # DAGs    # Errors  Last Runtime    Last Run
-----------------------------------  -----  ---------  --------  ----------  --------------  -------------------
/opt/airflow/dags/load_sales_dag.py                           1           0  0.29s           2025-05-15T11:46:22
================================================================================
[2025-05-15T11:47:19.841+0000] {manager.py:851} INFO - 
================================================================================
DAG File Processing Stats

File Path                            PID    Runtime      # DAGs    # Errors  Last Runtime    Last Run
-----------------------------------  -----  ---------  --------  ----------  --------------  -------------------
/opt/airflow/dags/load_sales_dag.py                           1           0  0.47s           2025-05-15T11:46:53
================================================================================
[2025-05-15T11:47:25.673+0000] {manager.py:465} INFO - Exiting gracefully upon receiving signal 15
[2025-05-15T11:47:59.254+0000] {manager.py:483} INFO - Processing files using up to 2 processes at a time 
[2025-05-15T11:47:59.262+0000] {manager.py:484} INFO - Process each file at most once every 30 seconds
[2025-05-15T11:47:59.262+0000] {manager.py:486} INFO - Checking for new files in /opt/airflow/dags every 300 seconds
[2025-05-15T11:47:59.263+0000] {manager.py:726} INFO - Searching for files in /opt/airflow/dags
[2025-05-15T11:47:59.268+0000] {manager.py:729} INFO - There are 1 files in /opt/airflow/dags
[2025-05-15T11:47:59.484+0000] {manager.py:851} INFO - 
================================================================================
DAG File Processing Stats

File Path                              PID  Runtime      # DAGs    # Errors  Last Runtime    Last Run
-----------------------------------  -----  ---------  --------  ----------  --------------  ----------
/opt/airflow/dags/load_sales_dag.py    163  0.09s             0           0
================================================================================
[2025-05-15T11:48:29.649+0000] {manager.py:851} INFO - 
================================================================================
DAG File Processing Stats

File Path                            PID    Runtime      # DAGs    # Errors  Last Runtime    Last Run
-----------------------------------  -----  ---------  --------  ----------  --------------  -------------------
/opt/airflow/dags/load_sales_dag.py                           1           0  2.84s           2025-05-15T11:48:02
================================================================================
[2025-05-15T11:48:59.733+0000] {manager.py:851} INFO - 
================================================================================
DAG File Processing Stats

File Path                            PID    Runtime      # DAGs    # Errors  Last Runtime    Last Run
-----------------------------------  -----  ---------  --------  ----------  --------------  -------------------
/opt/airflow/dags/load_sales_dag.py                           1           0  0.28s           2025-05-15T11:48:32
================================================================================
[2025-05-15T11:49:29.834+0000] {manager.py:851} INFO - 
================================================================================
DAG File Processing Stats

File Path                            PID    Runtime      # DAGs    # Errors  Last Runtime    Last Run
-----------------------------------  -----  ---------  --------  ----------  --------------  -------------------
/opt/airflow/dags/load_sales_dag.py                           1           0  0.29s           2025-05-15T11:49:03
================================================================================
[2025-05-15T11:50:00.231+0000] {manager.py:851} INFO - 
================================================================================
DAG File Processing Stats

File Path                            PID    Runtime      # DAGs    # Errors  Last Runtime    Last Run
-----------------------------------  -----  ---------  --------  ----------  --------------  -------------------
/opt/airflow/dags/load_sales_dag.py                           1           0  0.40s           2025-05-15T11:49:33
================================================================================
[2025-05-15T11:50:30.736+0000] {manager.py:851} INFO - 
================================================================================
DAG File Processing Stats

File Path                            PID    Runtime      # DAGs    # Errors  Last Runtime    Last Run
-----------------------------------  -----  ---------  --------  ----------  --------------  -------------------
/opt/airflow/dags/load_sales_dag.py                           1           0  0.44s           2025-05-15T11:50:04
================================================================================
[2025-05-15T11:51:01.293+0000] {manager.py:851} INFO - 
================================================================================
DAG File Processing Stats

File Path                            PID    Runtime      # DAGs    # Errors  Last Runtime    Last Run
-----------------------------------  -----  ---------  --------  ----------  --------------  -------------------
/opt/airflow/dags/load_sales_dag.py                           1           0  0.40s           2025-05-15T11:50:34
================================================================================
[2025-05-15T11:51:31.774+0000] {manager.py:851} INFO - 
================================================================================
DAG File Processing Stats

File Path                            PID    Runtime      # DAGs    # Errors  Last Runtime    Last Run
-----------------------------------  -----  ---------  --------  ----------  --------------  -------------------
/opt/airflow/dags/load_sales_dag.py                           1           0  0.41s           2025-05-15T11:51:05
================================================================================
[2025-05-15T11:52:02.290+0000] {manager.py:851} INFO - 
================================================================================
DAG File Processing Stats

File Path                            PID    Runtime      # DAGs    # Errors  Last Runtime    Last Run
-----------------------------------  -----  ---------  --------  ----------  --------------  -------------------
/opt/airflow/dags/load_sales_dag.py                           1           0  0.33s           2025-05-15T11:51:35
================================================================================
[2025-05-15T11:52:32.717+0000] {manager.py:851} INFO - 
================================================================================
DAG File Processing Stats

File Path                            PID    Runtime      # DAGs    # Errors  Last Runtime    Last Run
-----------------------------------  -----  ---------  --------  ----------  --------------  -------------------
/opt/airflow/dags/load_sales_dag.py                           1           0  0.29s           2025-05-15T11:52:05
================================================================================
[2025-05-15T11:52:59.364+0000] {manager.py:726} INFO - Searching for files in /opt/airflow/dags
[2025-05-15T11:52:59.365+0000] {manager.py:729} INFO - There are 1 files in /opt/airflow/dags
[2025-05-15T11:53:03.113+0000] {manager.py:851} INFO - 
================================================================================
DAG File Processing Stats

File Path                            PID    Runtime      # DAGs    # Errors  Last Runtime    Last Run
-----------------------------------  -----  ---------  --------  ----------  --------------  -------------------
/opt/airflow/dags/load_sales_dag.py                           1           0  0.28s           2025-05-15T11:52:36
================================================================================
[2025-05-15T11:53:33.497+0000] {manager.py:851} INFO - 
================================================================================
DAG File Processing Stats

File Path                            PID    Runtime      # DAGs    # Errors  Last Runtime    Last Run
-----------------------------------  -----  ---------  --------  ----------  --------------  -------------------
/opt/airflow/dags/load_sales_dag.py                           1           0  0.40s           2025-05-15T11:53:06
================================================================================
[2025-05-15T11:54:04.002+0000] {manager.py:851} INFO - 
================================================================================
DAG File Processing Stats

File Path                            PID    Runtime      # DAGs    # Errors  Last Runtime    Last Run
-----------------------------------  -----  ---------  --------  ----------  --------------  -------------------
/opt/airflow/dags/load_sales_dag.py                           1           0  0.42s           2025-05-15T11:53:37
================================================================================
[2025-05-15T11:54:34.004+0000] {manager.py:851} INFO - 
================================================================================
DAG File Processing Stats

File Path                            PID    Runtime      # DAGs    # Errors  Last Runtime    Last Run
-----------------------------------  -----  ---------  --------  ----------  --------------  -------------------
/opt/airflow/dags/load_sales_dag.py                           1           0  0.47s           2025-05-15T11:54:07
================================================================================
[2025-05-15T11:55:04.110+0000] {manager.py:851} INFO - 
================================================================================
DAG File Processing Stats

File Path                            PID    Runtime      # DAGs    # Errors  Last Runtime    Last Run
-----------------------------------  -----  ---------  --------  ----------  --------------  -------------------
/opt/airflow/dags/load_sales_dag.py                           1           0  0.47s           2025-05-15T11:54:38
================================================================================
[2025-05-15T11:55:34.685+0000] {manager.py:851} INFO - 
================================================================================
DAG File Processing Stats

File Path                            PID    Runtime      # DAGs    # Errors  Last Runtime    Last Run
-----------------------------------  -----  ---------  --------  ----------  --------------  -------------------
/opt/airflow/dags/load_sales_dag.py                           1           0  0.37s           2025-05-15T11:55:08
================================================================================
[2025-05-15T11:56:05.160+0000] {manager.py:851} INFO - 
================================================================================
DAG File Processing Stats

File Path                            PID    Runtime      # DAGs    # Errors  Last Runtime    Last Run
-----------------------------------  -----  ---------  --------  ----------  --------------  -------------------
/opt/airflow/dags/load_sales_dag.py                           1           0  0.40s           2025-05-15T11:55:39
================================================================================
[2025-05-15T11:56:35.664+0000] {manager.py:851} INFO - 
================================================================================
DAG File Processing Stats

File Path                            PID    Runtime      # DAGs    # Errors  Last Runtime    Last Run
-----------------------------------  -----  ---------  --------  ----------  --------------  -------------------
/opt/airflow/dags/load_sales_dag.py                           1           0  0.40s           2025-05-15T11:56:09
================================================================================
[2025-05-15T11:57:05.737+0000] {manager.py:851} INFO - 
================================================================================
DAG File Processing Stats

File Path                            PID    Runtime      # DAGs    # Errors  Last Runtime    Last Run
-----------------------------------  -----  ---------  --------  ----------  --------------  -------------------
/opt/airflow/dags/load_sales_dag.py                           1           0  0.57s           2025-05-15T11:56:40
================================================================================
[2025-05-15T11:57:36.269+0000] {manager.py:851} INFO - 
================================================================================
DAG File Processing Stats

File Path                            PID    Runtime      # DAGs    # Errors  Last Runtime    Last Run
-----------------------------------  -----  ---------  --------  ----------  --------------  -------------------
/opt/airflow/dags/load_sales_dag.py                           1           0  0.62s           2025-05-15T11:57:11
================================================================================
[2025-05-15T11:57:59.534+0000] {manager.py:726} INFO - Searching for files in /opt/airflow/dags
[2025-05-15T11:57:59.535+0000] {manager.py:729} INFO - There are 1 files in /opt/airflow/dags
[2025-05-15T11:58:06.566+0000] {manager.py:851} INFO - 
================================================================================
DAG File Processing Stats

File Path                            PID    Runtime      # DAGs    # Errors  Last Runtime    Last Run
-----------------------------------  -----  ---------  --------  ----------  --------------  -------------------
/opt/airflow/dags/load_sales_dag.py                           1           0  0.45s           2025-05-15T11:57:41
================================================================================
[2025-05-15T11:58:37.100+0000] {manager.py:851} INFO - 
================================================================================
DAG File Processing Stats

File Path                            PID    Runtime      # DAGs    # Errors  Last Runtime    Last Run
-----------------------------------  -----  ---------  --------  ----------  --------------  -------------------
/opt/airflow/dags/load_sales_dag.py                           1           0  0.28s           2025-05-15T11:58:12
================================================================================
[2025-05-15T11:59:07.480+0000] {manager.py:851} INFO - 
================================================================================
DAG File Processing Stats

File Path                            PID    Runtime      # DAGs    # Errors  Last Runtime    Last Run
-----------------------------------  -----  ---------  --------  ----------  --------------  -------------------
/opt/airflow/dags/load_sales_dag.py                           1           0  0.28s           2025-05-15T11:58:42
================================================================================
[2025-05-15T11:59:37.863+0000] {manager.py:851} INFO - 
================================================================================
DAG File Processing Stats

File Path                            PID    Runtime      # DAGs    # Errors  Last Runtime    Last Run
-----------------------------------  -----  ---------  --------  ----------  --------------  -------------------
/opt/airflow/dags/load_sales_dag.py                           1           0  0.31s           2025-05-15T11:59:13
================================================================================
[2025-05-15T12:00:08.269+0000] {manager.py:851} INFO - 
================================================================================
DAG File Processing Stats

File Path                            PID    Runtime      # DAGs    # Errors  Last Runtime    Last Run
-----------------------------------  -----  ---------  --------  ----------  --------------  -------------------
/opt/airflow/dags/load_sales_dag.py                           1           0  0.29s           2025-05-15T11:59:43
================================================================================
[2025-05-15T12:00:38.669+0000] {manager.py:851} INFO - 
================================================================================
DAG File Processing Stats

File Path                            PID    Runtime      # DAGs    # Errors  Last Runtime    Last Run
-----------------------------------  -----  ---------  --------  ----------  --------------  -------------------
/opt/airflow/dags/load_sales_dag.py                           1           0  0.42s           2025-05-15T12:00:13
================================================================================
[2025-05-15T12:01:09.187+0000] {manager.py:851} INFO - 
================================================================================
DAG File Processing Stats

File Path                            PID    Runtime      # DAGs    # Errors  Last Runtime    Last Run
-----------------------------------  -----  ---------  --------  ----------  --------------  -------------------
/opt/airflow/dags/load_sales_dag.py                           1           0  0.42s           2025-05-15T12:00:44
================================================================================
[2025-05-15T12:01:39.717+0000] {manager.py:851} INFO - 
================================================================================
DAG File Processing Stats

File Path                            PID    Runtime      # DAGs    # Errors  Last Runtime    Last Run
-----------------------------------  -----  ---------  --------  ----------  --------------  -------------------
/opt/airflow/dags/load_sales_dag.py                           1           0  0.48s           2025-05-15T12:01:15
================================================================================
[2025-05-15T12:02:10.295+0000] {manager.py:851} INFO - 
================================================================================
DAG File Processing Stats

File Path                            PID    Runtime      # DAGs    # Errors  Last Runtime    Last Run
-----------------------------------  -----  ---------  --------  ----------  --------------  -------------------
/opt/airflow/dags/load_sales_dag.py                           1           0  0.29s           2025-05-15T12:01:45
================================================================================
[2025-05-15T12:02:40.685+0000] {manager.py:851} INFO - 
================================================================================
DAG File Processing Stats

File Path                            PID    Runtime      # DAGs    # Errors  Last Runtime    Last Run
-----------------------------------  -----  ---------  --------  ----------  --------------  -------------------
/opt/airflow/dags/load_sales_dag.py                           1           0  0.29s           2025-05-15T12:02:15
================================================================================
[2025-05-15T12:03:00.034+0000] {manager.py:726} INFO - Searching for files in /opt/airflow/dags
[2025-05-15T12:03:00.037+0000] {manager.py:729} INFO - There are 1 files in /opt/airflow/dags
[2025-05-15T12:03:11.079+0000] {manager.py:851} INFO - 
================================================================================
DAG File Processing Stats

File Path                            PID    Runtime      # DAGs    # Errors  Last Runtime    Last Run
-----------------------------------  -----  ---------  --------  ----------  --------------  -------------------
/opt/airflow/dags/load_sales_dag.py                           1           0  0.29s           2025-05-15T12:02:46
================================================================================
[2025-05-15T12:03:41.473+0000] {manager.py:851} INFO - 
================================================================================
DAG File Processing Stats

File Path                            PID    Runtime      # DAGs    # Errors  Last Runtime    Last Run
-----------------------------------  -----  ---------  --------  ----------  --------------  -------------------
/opt/airflow/dags/load_sales_dag.py                           1           0  0.42s           2025-05-15T12:03:16
================================================================================
[2025-05-15T12:04:11.986+0000] {manager.py:851} INFO - 
================================================================================
DAG File Processing Stats

File Path                            PID    Runtime      # DAGs    # Errors  Last Runtime    Last Run
-----------------------------------  -----  ---------  --------  ----------  --------------  -------------------
/opt/airflow/dags/load_sales_dag.py                           1           0  0.41s           2025-05-15T12:03:47
================================================================================
[2025-05-15T12:04:42.503+0000] {manager.py:851} INFO - 
================================================================================
DAG File Processing Stats

File Path                            PID    Runtime      # DAGs    # Errors  Last Runtime    Last Run
-----------------------------------  -----  ---------  --------  ----------  --------------  -------------------
/opt/airflow/dags/load_sales_dag.py                           1           0  0.44s           2025-05-15T12:04:17
================================================================================
[2025-05-15T12:05:13.052+0000] {manager.py:851} INFO - 
================================================================================
DAG File Processing Stats

File Path                            PID    Runtime      # DAGs    # Errors  Last Runtime    Last Run
-----------------------------------  -----  ---------  --------  ----------  --------------  -------------------
/opt/airflow/dags/load_sales_dag.py                           1           0  0.42s           2025-05-15T12:04:48
================================================================================
[2025-05-15T12:05:43.579+0000] {manager.py:851} INFO - 
================================================================================
DAG File Processing Stats

File Path                            PID    Runtime      # DAGs    # Errors  Last Runtime    Last Run
-----------------------------------  -----  ---------  --------  ----------  --------------  -------------------
/opt/airflow/dags/load_sales_dag.py                           1           0  0.33s           2025-05-15T12:05:18
================================================================================
[2025-05-15T12:06:14.011+0000] {manager.py:851} INFO - 
================================================================================
DAG File Processing Stats

File Path                            PID    Runtime      # DAGs    # Errors  Last Runtime    Last Run
-----------------------------------  -----  ---------  --------  ----------  --------------  -------------------
/opt/airflow/dags/load_sales_dag.py                           1           0  0.30s           2025-05-15T12:05:49
================================================================================
[2025-05-15T12:06:44.405+0000] {manager.py:851} INFO - 
================================================================================
DAG File Processing Stats

File Path                            PID    Runtime      # DAGs    # Errors  Last Runtime    Last Run
-----------------------------------  -----  ---------  --------  ----------  --------------  -------------------
/opt/airflow/dags/load_sales_dag.py                           1           0  0.29s           2025-05-15T12:06:19
================================================================================
[2025-05-15T12:07:14.789+0000] {manager.py:851} INFO - 
================================================================================
DAG File Processing Stats

File Path                            PID    Runtime      # DAGs    # Errors  Last Runtime    Last Run
-----------------------------------  -----  ---------  --------  ----------  --------------  -------------------
/opt/airflow/dags/load_sales_dag.py                           1           0  0.41s           2025-05-15T12:06:50
================================================================================
[2025-05-15T12:07:22.221+0000] {manager.py:1072} WARNING - Skipping processing of missing file: /opt/airflow/dags/load_sales_dag.py
[2025-05-15T12:07:22.632+0000] {manager.py:1072} WARNING - Skipping processing of missing file: /opt/airflow/dags/load_sales_dag.py
[2025-05-15T12:07:23.225+0000] {manager.py:1072} WARNING - Skipping processing of missing file: /opt/airflow/dags/load_sales_dag.py
[2025-05-15T12:07:23.636+0000] {manager.py:1072} WARNING - Skipping processing of missing file: /opt/airflow/dags/load_sales_dag.py
[2025-05-15T12:07:24.229+0000] {manager.py:1072} WARNING - Skipping processing of missing file: /opt/airflow/dags/load_sales_dag.py
[2025-05-15T12:07:24.639+0000] {manager.py:1072} WARNING - Skipping processing of missing file: /opt/airflow/dags/load_sales_dag.py
[2025-05-15T12:07:25.233+0000] {manager.py:1072} WARNING - Skipping processing of missing file: /opt/airflow/dags/load_sales_dag.py
[2025-05-15T12:07:25.642+0000] {manager.py:1072} WARNING - Skipping processing of missing file: /opt/airflow/dags/load_sales_dag.py
[2025-05-15T12:07:26.237+0000] {manager.py:1072} WARNING - Skipping processing of missing file: /opt/airflow/dags/load_sales_dag.py
[2025-05-15T12:07:26.645+0000] {manager.py:1072} WARNING - Skipping processing of missing file: /opt/airflow/dags/load_sales_dag.py
[2025-05-15T12:07:27.241+0000] {manager.py:1072} WARNING - Skipping processing of missing file: /opt/airflow/dags/load_sales_dag.py
[2025-05-15T12:07:27.649+0000] {manager.py:1072} WARNING - Skipping processing of missing file: /opt/airflow/dags/load_sales_dag.py
[2025-05-15T12:07:28.246+0000] {manager.py:1072} WARNING - Skipping processing of missing file: /opt/airflow/dags/load_sales_dag.py
[2025-05-15T12:07:28.653+0000] {manager.py:1072} WARNING - Skipping processing of missing file: /opt/airflow/dags/load_sales_dag.py
[2025-05-15T12:07:29.250+0000] {manager.py:1072} WARNING - Skipping processing of missing file: /opt/airflow/dags/load_sales_dag.py
[2025-05-15T12:07:29.656+0000] {manager.py:1072} WARNING - Skipping processing of missing file: /opt/airflow/dags/load_sales_dag.py
[2025-05-15T12:07:30.254+0000] {manager.py:1072} WARNING - Skipping processing of missing file: /opt/airflow/dags/load_sales_dag.py
[2025-05-15T12:07:30.659+0000] {manager.py:1072} WARNING - Skipping processing of missing file: /opt/airflow/dags/load_sales_dag.py
[2025-05-15T12:07:31.258+0000] {manager.py:1072} WARNING - Skipping processing of missing file: /opt/airflow/dags/load_sales_dag.py
[2025-05-15T12:07:31.662+0000] {manager.py:1072} WARNING - Skipping processing of missing file: /opt/airflow/dags/load_sales_dag.py
[2025-05-15T12:07:32.262+0000] {manager.py:1072} WARNING - Skipping processing of missing file: /opt/airflow/dags/load_sales_dag.py
[2025-05-15T12:07:32.665+0000] {manager.py:1072} WARNING - Skipping processing of missing file: /opt/airflow/dags/load_sales_dag.py
[2025-05-15T12:07:33.266+0000] {manager.py:1072} WARNING - Skipping processing of missing file: /opt/airflow/dags/load_sales_dag.py
[2025-05-15T12:07:33.667+0000] {manager.py:1072} WARNING - Skipping processing of missing file: /opt/airflow/dags/load_sales_dag.py
[2025-05-15T12:07:34.270+0000] {manager.py:1072} WARNING - Skipping processing of missing file: /opt/airflow/dags/load_sales_dag.py
[2025-05-15T12:07:34.671+0000] {manager.py:1072} WARNING - Skipping processing of missing file: /opt/airflow/dags/load_sales_dag.py
[2025-05-15T12:07:35.274+0000] {manager.py:1072} WARNING - Skipping processing of missing file: /opt/airflow/dags/load_sales_dag.py
[2025-05-15T12:07:35.673+0000] {manager.py:1072} WARNING - Skipping processing of missing file: /opt/airflow/dags/load_sales_dag.py
[2025-05-15T12:07:36.277+0000] {manager.py:1072} WARNING - Skipping processing of missing file: /opt/airflow/dags/load_sales_dag.py
[2025-05-15T12:07:36.676+0000] {manager.py:1072} WARNING - Skipping processing of missing file: /opt/airflow/dags/load_sales_dag.py
[2025-05-15T12:07:37.281+0000] {manager.py:1072} WARNING - Skipping processing of missing file: /opt/airflow/dags/load_sales_dag.py
[2025-05-15T12:07:37.679+0000] {manager.py:1072} WARNING - Skipping processing of missing file: /opt/airflow/dags/load_sales_dag.py
[2025-05-15T12:07:38.286+0000] {manager.py:1072} WARNING - Skipping processing of missing file: /opt/airflow/dags/load_sales_dag.py
[2025-05-15T12:07:38.682+0000] {manager.py:1072} WARNING - Skipping processing of missing file: /opt/airflow/dags/load_sales_dag.py
[2025-05-15T12:07:39.289+0000] {manager.py:1072} WARNING - Skipping processing of missing file: /opt/airflow/dags/load_sales_dag.py
[2025-05-15T12:07:39.687+0000] {manager.py:1072} WARNING - Skipping processing of missing file: /opt/airflow/dags/load_sales_dag.py
[2025-05-15T12:07:40.293+0000] {manager.py:1072} WARNING - Skipping processing of missing file: /opt/airflow/dags/load_sales_dag.py
[2025-05-15T12:07:40.690+0000] {manager.py:1072} WARNING - Skipping processing of missing file: /opt/airflow/dags/load_sales_dag.py
[2025-05-15T12:07:41.297+0000] {manager.py:1072} WARNING - Skipping processing of missing file: /opt/airflow/dags/load_sales_dag.py
[2025-05-15T12:07:41.693+0000] {manager.py:1072} WARNING - Skipping processing of missing file: /opt/airflow/dags/load_sales_dag.py
[2025-05-15T12:07:42.301+0000] {manager.py:1072} WARNING - Skipping processing of missing file: /opt/airflow/dags/load_sales_dag.py
[2025-05-15T12:07:42.696+0000] {manager.py:1072} WARNING - Skipping processing of missing file: /opt/airflow/dags/load_sales_dag.py
[2025-05-15T12:07:43.304+0000] {manager.py:1072} WARNING - Skipping processing of missing file: /opt/airflow/dags/load_sales_dag.py
[2025-05-15T12:07:43.699+0000] {manager.py:1072} WARNING - Skipping processing of missing file: /opt/airflow/dags/load_sales_dag.py
[2025-05-15T12:07:44.308+0000] {manager.py:1072} WARNING - Skipping processing of missing file: /opt/airflow/dags/load_sales_dag.py
[2025-05-15T12:07:44.702+0000] {manager.py:1072} WARNING - Skipping processing of missing file: /opt/airflow/dags/load_sales_dag.py
[2025-05-15T12:07:45.312+0000] {manager.py:1072} WARNING - Skipping processing of missing file: /opt/airflow/dags/load_sales_dag.py
[2025-05-15T12:07:45.313+0000] {manager.py:851} INFO - 
================================================================================
DAG File Processing Stats

File Path                            PID    Runtime      # DAGs    # Errors  Last Runtime    Last Run
-----------------------------------  -----  ---------  --------  ----------  --------------  -------------------
/opt/airflow/dags/load_sales_dag.py                           1           0  0.41s           2025-05-15T12:07:20
================================================================================
[2025-05-15T12:07:45.706+0000] {manager.py:1072} WARNING - Skipping processing of missing file: /opt/airflow/dags/load_sales_dag.py
[2025-05-15T12:07:46.316+0000] {manager.py:1072} WARNING - Skipping processing of missing file: /opt/airflow/dags/load_sales_dag.py
[2025-05-15T12:07:46.709+0000] {manager.py:1072} WARNING - Skipping processing of missing file: /opt/airflow/dags/load_sales_dag.py
[2025-05-15T12:07:47.320+0000] {manager.py:1072} WARNING - Skipping processing of missing file: /opt/airflow/dags/load_sales_dag.py
[2025-05-15T12:07:47.712+0000] {manager.py:1072} WARNING - Skipping processing of missing file: /opt/airflow/dags/load_sales_dag.py
[2025-05-15T12:07:48.323+0000] {manager.py:1072} WARNING - Skipping processing of missing file: /opt/airflow/dags/load_sales_dag.py
[2025-05-15T12:07:48.715+0000] {manager.py:1072} WARNING - Skipping processing of missing file: /opt/airflow/dags/load_sales_dag.py
[2025-05-15T12:07:49.327+0000] {manager.py:1072} WARNING - Skipping processing of missing file: /opt/airflow/dags/load_sales_dag.py
[2025-05-15T12:07:49.718+0000] {manager.py:1072} WARNING - Skipping processing of missing file: /opt/airflow/dags/load_sales_dag.py
[2025-05-15T12:07:50.331+0000] {manager.py:1072} WARNING - Skipping processing of missing file: /opt/airflow/dags/load_sales_dag.py
[2025-05-15T12:07:50.721+0000] {manager.py:1072} WARNING - Skipping processing of missing file: /opt/airflow/dags/load_sales_dag.py
[2025-05-15T12:07:51.335+0000] {manager.py:1072} WARNING - Skipping processing of missing file: /opt/airflow/dags/load_sales_dag.py
[2025-05-15T12:07:51.725+0000] {manager.py:1072} WARNING - Skipping processing of missing file: /opt/airflow/dags/load_sales_dag.py
[2025-05-15T12:07:52.339+0000] {manager.py:1072} WARNING - Skipping processing of missing file: /opt/airflow/dags/load_sales_dag.py
[2025-05-15T12:07:52.728+0000] {manager.py:1072} WARNING - Skipping processing of missing file: /opt/airflow/dags/load_sales_dag.py
[2025-05-15T12:07:53.342+0000] {manager.py:1072} WARNING - Skipping processing of missing file: /opt/airflow/dags/load_sales_dag.py
[2025-05-15T12:07:53.731+0000] {manager.py:1072} WARNING - Skipping processing of missing file: /opt/airflow/dags/load_sales_dag.py
[2025-05-15T12:07:54.347+0000] {manager.py:1072} WARNING - Skipping processing of missing file: /opt/airflow/dags/load_sales_dag.py
[2025-05-15T12:07:54.734+0000] {manager.py:1072} WARNING - Skipping processing of missing file: /opt/airflow/dags/load_sales_dag.py
[2025-05-15T12:07:55.350+0000] {manager.py:1072} WARNING - Skipping processing of missing file: /opt/airflow/dags/load_sales_dag.py
[2025-05-15T12:07:55.737+0000] {manager.py:1072} WARNING - Skipping processing of missing file: /opt/airflow/dags/load_sales_dag.py
[2025-05-15T12:07:56.354+0000] {manager.py:1072} WARNING - Skipping processing of missing file: /opt/airflow/dags/load_sales_dag.py
[2025-05-15T12:07:56.740+0000] {manager.py:1072} WARNING - Skipping processing of missing file: /opt/airflow/dags/load_sales_dag.py
[2025-05-15T12:07:57.358+0000] {manager.py:1072} WARNING - Skipping processing of missing file: /opt/airflow/dags/load_sales_dag.py
[2025-05-15T12:07:57.744+0000] {manager.py:1072} WARNING - Skipping processing of missing file: /opt/airflow/dags/load_sales_dag.py
[2025-05-15T12:07:58.362+0000] {manager.py:1072} WARNING - Skipping processing of missing file: /opt/airflow/dags/load_sales_dag.py
[2025-05-15T12:07:58.747+0000] {manager.py:1072} WARNING - Skipping processing of missing file: /opt/airflow/dags/load_sales_dag.py
[2025-05-15T12:07:59.367+0000] {manager.py:1072} WARNING - Skipping processing of missing file: /opt/airflow/dags/load_sales_dag.py
[2025-05-15T12:07:59.750+0000] {manager.py:1072} WARNING - Skipping processing of missing file: /opt/airflow/dags/load_sales_dag.py
[2025-05-15T12:08:00.370+0000] {manager.py:726} INFO - Searching for files in /opt/airflow/dags
[2025-05-15T12:08:00.371+0000] {manager.py:729} INFO - There are 1 files in /opt/airflow/dags
[2025-05-15T12:08:15.439+0000] {manager.py:851} INFO - 
================================================================================
DAG File Processing Stats

File Path                            PID    Runtime      # DAGs    # Errors  Last Runtime    Last Run
-----------------------------------  -----  ---------  --------  ----------  --------------  -------------------
/opt/airflow/dags/sales_pipeline.py                           1           0  0.26s           2025-05-15T12:08:00
================================================================================
[2025-05-15T12:08:45.799+0000] {manager.py:851} INFO - 
================================================================================
DAG File Processing Stats

File Path                            PID    Runtime      # DAGs    # Errors  Last Runtime    Last Run
-----------------------------------  -----  ---------  --------  ----------  --------------  -------------------
/opt/airflow/dags/sales_pipeline.py                           1           0  0.10s           2025-05-15T12:08:30
================================================================================
[2025-05-15T12:09:15.988+0000] {manager.py:851} INFO - 
================================================================================
DAG File Processing Stats

File Path                            PID    Runtime      # DAGs    # Errors  Last Runtime    Last Run
-----------------------------------  -----  ---------  --------  ----------  --------------  -------------------
/opt/airflow/dags/sales_pipeline.py                           1           0  0.10s           2025-05-15T12:09:00
================================================================================
[2025-05-15T12:09:46.127+0000] {manager.py:851} INFO - 
================================================================================
DAG File Processing Stats

File Path                            PID    Runtime      # DAGs    # Errors  Last Runtime    Last Run
-----------------------------------  -----  ---------  --------  ----------  --------------  -------------------
/opt/airflow/dags/sales_pipeline.py                           1           0  0.23s           2025-05-15T12:09:31
================================================================================
[2025-05-15T12:10:16.426+0000] {manager.py:851} INFO - 
================================================================================
DAG File Processing Stats

File Path                            PID    Runtime      # DAGs    # Errors  Last Runtime    Last Run
-----------------------------------  -----  ---------  --------  ----------  --------------  -------------------
/opt/airflow/dags/sales_pipeline.py                           1           0  0.10s           2025-05-15T12:10:01
================================================================================
[2025-05-15T12:10:46.601+0000] {manager.py:851} INFO - 
================================================================================
DAG File Processing Stats

File Path                            PID    Runtime      # DAGs    # Errors  Last Runtime    Last Run
-----------------------------------  -----  ---------  --------  ----------  --------------  -------------------
/opt/airflow/dags/sales_pipeline.py                           1           0  0.10s           2025-05-15T12:10:31
================================================================================
[2025-05-15T12:11:16.719+0000] {manager.py:851} INFO - 
================================================================================
DAG File Processing Stats

File Path                            PID    Runtime      # DAGs    # Errors  Last Runtime    Last Run
-----------------------------------  -----  ---------  --------  ----------  --------------  -------------------
/opt/airflow/dags/sales_pipeline.py                           1           0  0.09s           2025-05-15T12:11:01
================================================================================
[2025-05-15T12:11:46.884+0000] {manager.py:851} INFO - 
================================================================================
DAG File Processing Stats

File Path                            PID    Runtime      # DAGs    # Errors  Last Runtime    Last Run
-----------------------------------  -----  ---------  --------  ----------  --------------  -------------------
/opt/airflow/dags/sales_pipeline.py                           1           0  0.10s           2025-05-15T12:11:31
================================================================================
[2025-05-15T12:12:17.006+0000] {manager.py:851} INFO - 
================================================================================
DAG File Processing Stats

File Path                            PID    Runtime      # DAGs    # Errors  Last Runtime    Last Run
-----------------------------------  -----  ---------  --------  ----------  --------------  -------------------
/opt/airflow/dags/sales_pipeline.py                           1           0  0.10s           2025-05-15T12:12:02
================================================================================
[2025-05-15T12:12:47.180+0000] {manager.py:851} INFO - 
================================================================================
DAG File Processing Stats

File Path                            PID    Runtime      # DAGs    # Errors  Last Runtime    Last Run
-----------------------------------  -----  ---------  --------  ----------  --------------  -------------------
/opt/airflow/dags/sales_pipeline.py                           1           0  0.10s           2025-05-15T12:12:32
================================================================================
[2025-05-15T12:13:01.230+0000] {manager.py:726} INFO - Searching for files in /opt/airflow/dags
[2025-05-15T12:13:01.231+0000] {manager.py:729} INFO - There are 1 files in /opt/airflow/dags
[2025-05-15T12:13:17.304+0000] {manager.py:851} INFO - 
================================================================================
DAG File Processing Stats

File Path                            PID    Runtime      # DAGs    # Errors  Last Runtime    Last Run
-----------------------------------  -----  ---------  --------  ----------  --------------  -------------------
/opt/airflow/dags/sales_pipeline.py                           1           0  0.11s           2025-05-15T12:13:02
================================================================================
[2025-05-15T12:13:47.482+0000] {manager.py:851} INFO - 
================================================================================
DAG File Processing Stats

File Path                            PID    Runtime      # DAGs    # Errors  Last Runtime    Last Run
-----------------------------------  -----  ---------  --------  ----------  --------------  -------------------
/opt/airflow/dags/sales_pipeline.py                           1           0  0.10s           2025-05-15T12:13:32
================================================================================
[2025-05-15T12:14:17.599+0000] {manager.py:851} INFO - 
================================================================================
DAG File Processing Stats

File Path                            PID    Runtime      # DAGs    # Errors  Last Runtime    Last Run
-----------------------------------  -----  ---------  --------  ----------  --------------  -------------------
/opt/airflow/dags/sales_pipeline.py                           1           0  0.17s           2025-05-15T12:14:02
================================================================================
[2025-05-15T12:14:47.849+0000] {manager.py:851} INFO - 
================================================================================
DAG File Processing Stats

File Path                            PID    Runtime      # DAGs    # Errors  Last Runtime    Last Run
-----------------------------------  -----  ---------  --------  ----------  --------------  -------------------
/opt/airflow/dags/sales_pipeline.py                           1           0  0.10s           2025-05-15T12:14:32
================================================================================
[2025-05-15T12:15:18.033+0000] {manager.py:851} INFO - 
================================================================================
DAG File Processing Stats

File Path                            PID    Runtime      # DAGs    # Errors  Last Runtime    Last Run
-----------------------------------  -----  ---------  --------  ----------  --------------  -------------------
/opt/airflow/dags/sales_pipeline.py                           1           0  0.15s           2025-05-15T12:15:03
================================================================================
[2025-05-15T12:15:48.196+0000] {manager.py:851} INFO - 
================================================================================
DAG File Processing Stats

File Path                            PID    Runtime      # DAGs    # Errors  Last Runtime    Last Run
-----------------------------------  -----  ---------  --------  ----------  --------------  -------------------
/opt/airflow/dags/sales_pipeline.py                           1           0  0.10s           2025-05-15T12:15:33
================================================================================
[2025-05-15T12:16:18.316+0000] {manager.py:851} INFO - 
================================================================================
DAG File Processing Stats

File Path                            PID    Runtime      # DAGs    # Errors  Last Runtime    Last Run
-----------------------------------  -----  ---------  --------  ----------  --------------  -------------------
/opt/airflow/dags/sales_pipeline.py                           1           0  0.11s           2025-05-15T12:16:03
================================================================================
[2025-05-15T12:16:48.495+0000] {manager.py:851} INFO - 
================================================================================
DAG File Processing Stats

File Path                            PID    Runtime      # DAGs    # Errors  Last Runtime    Last Run
-----------------------------------  -----  ---------  --------  ----------  --------------  -------------------
/opt/airflow/dags/sales_pipeline.py                           1           0  0.11s           2025-05-15T12:16:33
================================================================================
[2025-05-15T12:17:18.614+0000] {manager.py:851} INFO - 
================================================================================
DAG File Processing Stats

File Path                            PID    Runtime      # DAGs    # Errors  Last Runtime    Last Run
-----------------------------------  -----  ---------  --------  ----------  --------------  -------------------
/opt/airflow/dags/sales_pipeline.py                           1           0  0.10s           2025-05-15T12:17:03
================================================================================
[2025-05-15T12:17:48.790+0000] {manager.py:851} INFO - 
================================================================================
DAG File Processing Stats

File Path                            PID    Runtime      # DAGs    # Errors  Last Runtime    Last Run
-----------------------------------  -----  ---------  --------  ----------  --------------  -------------------
/opt/airflow/dags/sales_pipeline.py                           1           0  0.11s           2025-05-15T12:17:33
================================================================================
[2025-05-15T12:18:01.845+0000] {manager.py:726} INFO - Searching for files in /opt/airflow/dags
[2025-05-15T12:18:01.847+0000] {manager.py:729} INFO - There are 1 files in /opt/airflow/dags
[2025-05-15T12:18:18.921+0000] {manager.py:851} INFO - 
================================================================================
DAG File Processing Stats

File Path                            PID    Runtime      # DAGs    # Errors  Last Runtime    Last Run
-----------------------------------  -----  ---------  --------  ----------  --------------  -------------------
/opt/airflow/dags/sales_pipeline.py                           1           0  0.10s           2025-05-15T12:18:03
================================================================================
[2025-05-15T12:18:49.111+0000] {manager.py:851} INFO - 
================================================================================
DAG File Processing Stats

File Path                            PID    Runtime      # DAGs    # Errors  Last Runtime    Last Run
-----------------------------------  -----  ---------  --------  ----------  --------------  -------------------
/opt/airflow/dags/sales_pipeline.py                           1           0  0.12s           2025-05-15T12:18:34
================================================================================
[2025-05-15T12:19:19.234+0000] {manager.py:851} INFO - 
================================================================================
DAG File Processing Stats

File Path                            PID    Runtime      # DAGs    # Errors  Last Runtime    Last Run
-----------------------------------  -----  ---------  --------  ----------  --------------  -------------------
/opt/airflow/dags/sales_pipeline.py                           1           0  0.10s           2025-05-15T12:19:04
================================================================================
[2025-05-15T12:19:35.506+0000] {manager.py:465} INFO - Exiting gracefully upon receiving signal 15
[2025-05-15T12:21:52.998+0000] {manager.py:483} INFO - Processing files using up to 2 processes at a time 
[2025-05-15T12:21:53.031+0000] {manager.py:484} INFO - Process each file at most once every 30 seconds
[2025-05-15T12:21:53.031+0000] {manager.py:486} INFO - Checking for new files in /opt/airflow/dags every 300 seconds
[2025-05-15T12:21:53.031+0000] {manager.py:726} INFO - Searching for files in /opt/airflow/dags
[2025-05-15T12:21:53.036+0000] {manager.py:729} INFO - There are 1 files in /opt/airflow/dags
[2025-05-15T12:21:53.237+0000] {manager.py:851} INFO - 
================================================================================
DAG File Processing Stats

File Path                              PID  Runtime      # DAGs    # Errors  Last Runtime    Last Run
-----------------------------------  -----  ---------  --------  ----------  --------------  ----------
/opt/airflow/dags/sales_pipeline.py    163  0.09s             0           0
================================================================================
[2025-05-15T12:22:23.403+0000] {manager.py:851} INFO - 
================================================================================
DAG File Processing Stats

File Path                            PID    Runtime      # DAGs    # Errors  Last Runtime    Last Run
-----------------------------------  -----  ---------  --------  ----------  --------------  -------------------
/opt/airflow/dags/sales_pipeline.py                           1           0  0.60s           2025-05-15T12:21:53
================================================================================
[2025-05-15T12:22:54.006+0000] {manager.py:851} INFO - 
================================================================================
DAG File Processing Stats

File Path                              PID  Runtime      # DAGs    # Errors  Last Runtime    Last Run
-----------------------------------  -----  ---------  --------  ----------  --------------  -------------------
/opt/airflow/dags/sales_pipeline.py    174  0.01s             1           0  0.11s           2025-05-15T12:22:23
================================================================================
[2025-05-15T12:23:24.211+0000] {manager.py:851} INFO - 
================================================================================
DAG File Processing Stats

File Path                            PID    Runtime      # DAGs    # Errors  Last Runtime    Last Run
-----------------------------------  -----  ---------  --------  ----------  --------------  -------------------
/opt/airflow/dags/sales_pipeline.py                           1           0  0.27s           2025-05-15T12:22:54
================================================================================
[2025-05-15T12:23:54.476+0000] {manager.py:851} INFO - 
================================================================================
DAG File Processing Stats

File Path                            PID    Runtime      # DAGs    # Errors  Last Runtime    Last Run
-----------------------------------  -----  ---------  --------  ----------  --------------  -------------------
/opt/airflow/dags/sales_pipeline.py                           1           0  0.28s           2025-05-15T12:23:24
================================================================================
[2025-05-15T12:24:24.862+0000] {manager.py:851} INFO - 
================================================================================
DAG File Processing Stats

File Path                              PID  Runtime      # DAGs    # Errors  Last Runtime    Last Run
-----------------------------------  -----  ---------  --------  ----------  --------------  -------------------
/opt/airflow/dags/sales_pipeline.py    189  0.00s             1           0  0.10s           2025-05-15T12:23:54
================================================================================
[2025-05-15T12:24:55.044+0000] {manager.py:851} INFO - 
================================================================================
DAG File Processing Stats

File Path                              PID  Runtime      # DAGs    # Errors  Last Runtime    Last Run
-----------------------------------  -----  ---------  --------  ----------  --------------  -------------------
/opt/airflow/dags/sales_pipeline.py    194  0.00s             1           0  0.10s           2025-05-15T12:24:24
================================================================================
[2025-05-15T12:25:25.164+0000] {manager.py:851} INFO - 
================================================================================
DAG File Processing Stats

File Path                              PID  Runtime      # DAGs    # Errors  Last Runtime    Last Run
-----------------------------------  -----  ---------  --------  ----------  --------------  -------------------
/opt/airflow/dags/sales_pipeline.py    205  0.00s             1           0  0.10s           2025-05-15T12:24:55
================================================================================
[2025-05-15T12:25:55.351+0000] {manager.py:851} INFO - 
================================================================================
DAG File Processing Stats

File Path                              PID  Runtime      # DAGs    # Errors  Last Runtime    Last Run
-----------------------------------  -----  ---------  --------  ----------  --------------  -------------------
/opt/airflow/dags/sales_pipeline.py    210  0.00s             1           0  0.10s           2025-05-15T12:25:25
================================================================================
[2025-05-15T12:26:25.474+0000] {manager.py:851} INFO - 
================================================================================
DAG File Processing Stats

File Path                              PID  Runtime      # DAGs    # Errors  Last Runtime    Last Run
-----------------------------------  -----  ---------  --------  ----------  --------------  -------------------
/opt/airflow/dags/sales_pipeline.py    215  0.01s             1           0  0.10s           2025-05-15T12:25:55
================================================================================
[2025-05-15T12:26:53.640+0000] {manager.py:726} INFO - Searching for files in /opt/airflow/dags
[2025-05-15T12:26:53.641+0000] {manager.py:729} INFO - There are 1 files in /opt/airflow/dags
[2025-05-15T12:26:55.665+0000] {manager.py:851} INFO - 
================================================================================
DAG File Processing Stats

File Path                              PID  Runtime      # DAGs    # Errors  Last Runtime    Last Run
-----------------------------------  -----  ---------  --------  ----------  --------------  -------------------
/opt/airflow/dags/sales_pipeline.py    220  0.00s             1           0  0.14s           2025-05-15T12:26:25
================================================================================
[2025-05-15T12:27:25.798+0000] {manager.py:851} INFO - 
================================================================================
DAG File Processing Stats

File Path                              PID  Runtime      # DAGs    # Errors  Last Runtime    Last Run
-----------------------------------  -----  ---------  --------  ----------  --------------  -------------------
/opt/airflow/dags/sales_pipeline.py    225  0.00s             1           0  0.11s           2025-05-15T12:26:55
================================================================================
[2025-05-15T12:27:55.971+0000] {manager.py:851} INFO - 
================================================================================
DAG File Processing Stats

File Path                              PID  Runtime      # DAGs    # Errors  Last Runtime    Last Run
-----------------------------------  -----  ---------  --------  ----------  --------------  -------------------
/opt/airflow/dags/sales_pipeline.py    230  0.00s             1           0  0.10s           2025-05-15T12:27:25
================================================================================
[2025-05-15T12:28:26.093+0000] {manager.py:851} INFO - 
================================================================================
DAG File Processing Stats

File Path                              PID  Runtime      # DAGs    # Errors  Last Runtime    Last Run
-----------------------------------  -----  ---------  --------  ----------  --------------  -------------------
/opt/airflow/dags/sales_pipeline.py    235  0.01s             1           0  0.11s           2025-05-15T12:27:56
================================================================================
[2025-05-15T12:28:56.278+0000] {manager.py:851} INFO - 
================================================================================
DAG File Processing Stats

File Path                              PID  Runtime      # DAGs    # Errors  Last Runtime    Last Run
-----------------------------------  -----  ---------  --------  ----------  --------------  -------------------
/opt/airflow/dags/sales_pipeline.py    240  0.00s             1           0  0.10s           2025-05-15T12:28:26
================================================================================
[2025-05-15T12:29:26.395+0000] {manager.py:851} INFO - 
================================================================================
DAG File Processing Stats

File Path                              PID  Runtime      # DAGs    # Errors  Last Runtime    Last Run
-----------------------------------  -----  ---------  --------  ----------  --------------  -------------------
/opt/airflow/dags/sales_pipeline.py    245  0.00s             1           0  0.10s           2025-05-15T12:28:56
================================================================================
[2025-05-15T12:29:56.579+0000] {manager.py:851} INFO - 
================================================================================
DAG File Processing Stats

File Path                              PID  Runtime      # DAGs    # Errors  Last Runtime    Last Run
-----------------------------------  -----  ---------  --------  ----------  --------------  -------------------
/opt/airflow/dags/sales_pipeline.py    250  0.00s             1           0  0.10s           2025-05-15T12:29:26
================================================================================
[2025-05-15T12:30:26.695+0000] {manager.py:851} INFO - 
================================================================================
DAG File Processing Stats

File Path                              PID  Runtime      # DAGs    # Errors  Last Runtime    Last Run
-----------------------------------  -----  ---------  --------  ----------  --------------  -------------------
/opt/airflow/dags/sales_pipeline.py    255  0.00s             1           0  0.10s           2025-05-15T12:29:56
================================================================================
[2025-05-15T12:30:56.876+0000] {manager.py:851} INFO - 
================================================================================
DAG File Processing Stats

File Path                              PID  Runtime      # DAGs    # Errors  Last Runtime    Last Run
-----------------------------------  -----  ---------  --------  ----------  --------------  -------------------
/opt/airflow/dags/sales_pipeline.py    260  0.00s             1           0  0.10s           2025-05-15T12:30:26
================================================================================
[2025-05-15T12:31:26.992+0000] {manager.py:851} INFO - 
================================================================================
DAG File Processing Stats

File Path                              PID  Runtime      # DAGs    # Errors  Last Runtime    Last Run
-----------------------------------  -----  ---------  --------  ----------  --------------  -------------------
/opt/airflow/dags/sales_pipeline.py    265  0.00s             1           0  0.10s           2025-05-15T12:30:56
================================================================================
[2025-05-15T12:31:54.142+0000] {manager.py:726} INFO - Searching for files in /opt/airflow/dags
[2025-05-15T12:31:54.143+0000] {manager.py:729} INFO - There are 1 files in /opt/airflow/dags
[2025-05-15T12:31:57.169+0000] {manager.py:851} INFO - 
================================================================================
DAG File Processing Stats

File Path                              PID  Runtime      # DAGs    # Errors  Last Runtime    Last Run
-----------------------------------  -----  ---------  --------  ----------  --------------  -------------------
/opt/airflow/dags/sales_pipeline.py    270  0.00s             1           0  0.10s           2025-05-15T12:31:27
================================================================================
[2025-05-15T12:32:27.282+0000] {manager.py:851} INFO - 
================================================================================
DAG File Processing Stats

File Path                            PID    Runtime      # DAGs    # Errors  Last Runtime    Last Run
-----------------------------------  -----  ---------  --------  ----------  --------------  -------------------
/opt/airflow/dags/sales_pipeline.py                           1           0  0.13s           2025-05-15T12:31:57
================================================================================
[2025-05-15T12:32:57.490+0000] {manager.py:851} INFO - 
================================================================================
DAG File Processing Stats

File Path                              PID  Runtime      # DAGs    # Errors  Last Runtime    Last Run
-----------------------------------  -----  ---------  --------  ----------  --------------  -------------------
/opt/airflow/dags/sales_pipeline.py    280  0.00s             1           0  0.10s           2025-05-15T12:32:27
================================================================================
[2025-05-15T12:33:27.677+0000] {manager.py:851} INFO - 
================================================================================
DAG File Processing Stats

File Path                              PID  Runtime      # DAGs    # Errors  Last Runtime    Last Run
-----------------------------------  -----  ---------  --------  ----------  --------------  -------------------
/opt/airflow/dags/sales_pipeline.py    285  0.00s             1           0  0.12s           2025-05-15T12:32:57
================================================================================
[2025-05-15T12:33:30.976+0000] {manager.py:465} INFO - Exiting gracefully upon receiving signal 15
[2025-05-15T12:34:57.944+0000] {manager.py:483} INFO - Processing files using up to 2 processes at a time 
[2025-05-15T12:34:57.955+0000] {manager.py:484} INFO - Process each file at most once every 30 seconds
[2025-05-15T12:34:57.955+0000] {manager.py:486} INFO - Checking for new files in /opt/airflow/dags every 300 seconds
[2025-05-15T12:34:57.955+0000] {manager.py:726} INFO - Searching for files in /opt/airflow/dags
[2025-05-15T12:34:57.967+0000] {manager.py:729} INFO - There are 1 files in /opt/airflow/dags
[2025-05-15T12:34:58.219+0000] {manager.py:851} INFO - 
================================================================================
DAG File Processing Stats

File Path                              PID  Runtime      # DAGs    # Errors  Last Runtime    Last Run
-----------------------------------  -----  ---------  --------  ----------  --------------  ----------
/opt/airflow/dags/sales_pipeline.py    163  0.09s             0           0
================================================================================
[2025-05-15T12:35:28.400+0000] {manager.py:851} INFO - 
================================================================================
DAG File Processing Stats

File Path                            PID    Runtime      # DAGs    # Errors  Last Runtime    Last Run
-----------------------------------  -----  ---------  --------  ----------  --------------  -------------------
/opt/airflow/dags/sales_pipeline.py                           1           0  0.80s           2025-05-15T12:34:58
================================================================================
[2025-05-15T12:35:59.188+0000] {manager.py:851} INFO - 
================================================================================
DAG File Processing Stats

File Path                              PID  Runtime      # DAGs    # Errors  Last Runtime    Last Run
-----------------------------------  -----  ---------  --------  ----------  --------------  -------------------
/opt/airflow/dags/sales_pipeline.py    174  0.01s             1           0  0.11s           2025-05-15T12:35:29
================================================================================
[2025-05-15T12:36:29.386+0000] {manager.py:851} INFO - 
================================================================================
DAG File Processing Stats

File Path                              PID  Runtime      # DAGs    # Errors  Last Runtime    Last Run
-----------------------------------  -----  ---------  --------  ----------  --------------  -------------------
/opt/airflow/dags/sales_pipeline.py    179  0.01s             1           0  0.15s           2025-05-15T12:35:59
================================================================================
[2025-05-15T12:36:59.526+0000] {manager.py:851} INFO - 
================================================================================
DAG File Processing Stats

File Path                            PID    Runtime      # DAGs    # Errors  Last Runtime    Last Run
-----------------------------------  -----  ---------  --------  ----------  --------------  -------------------
/opt/airflow/dags/sales_pipeline.py                           1           0  0.16s           2025-05-15T12:36:29
================================================================================
[2025-05-15T12:37:29.741+0000] {manager.py:851} INFO - 
================================================================================
DAG File Processing Stats

File Path                              PID  Runtime      # DAGs    # Errors  Last Runtime    Last Run
-----------------------------------  -----  ---------  --------  ----------  --------------  -------------------
/opt/airflow/dags/sales_pipeline.py    189  0.01s             1           0  0.10s           2025-05-15T12:36:59
================================================================================
[2025-05-15T12:37:59.920+0000] {manager.py:851} INFO - 
================================================================================
DAG File Processing Stats

File Path                              PID  Runtime      # DAGs    # Errors  Last Runtime    Last Run
-----------------------------------  -----  ---------  --------  ----------  --------------  -------------------
/opt/airflow/dags/sales_pipeline.py    194  0.00s             1           0  0.11s           2025-05-15T12:37:29
================================================================================
[2025-05-15T12:38:30.037+0000] {manager.py:851} INFO - 
================================================================================
DAG File Processing Stats

File Path                              PID  Runtime      # DAGs    # Errors  Last Runtime    Last Run
-----------------------------------  -----  ---------  --------  ----------  --------------  -------------------
/opt/airflow/dags/sales_pipeline.py    199  0.00s             1           0  0.10s           2025-05-15T12:38:00
================================================================================
[2025-05-15T12:39:00.229+0000] {manager.py:851} INFO - 
================================================================================
DAG File Processing Stats

File Path                              PID  Runtime      # DAGs    # Errors  Last Runtime    Last Run
-----------------------------------  -----  ---------  --------  ----------  --------------  -------------------
/opt/airflow/dags/sales_pipeline.py    204  0.01s             1           0  0.10s           2025-05-15T12:38:30
================================================================================
[2025-05-15T12:39:30.359+0000] {manager.py:851} INFO - 
================================================================================
DAG File Processing Stats

File Path                              PID  Runtime      # DAGs    # Errors  Last Runtime    Last Run
-----------------------------------  -----  ---------  --------  ----------  --------------  -------------------
/opt/airflow/dags/sales_pipeline.py    209  0.01s             1           0  0.11s           2025-05-15T12:39:00
================================================================================
[2025-05-15T12:39:58.513+0000] {manager.py:726} INFO - Searching for files in /opt/airflow/dags
[2025-05-15T12:39:58.514+0000] {manager.py:729} INFO - There are 1 files in /opt/airflow/dags
[2025-05-15T12:40:00.529+0000] {manager.py:851} INFO - 
================================================================================
DAG File Processing Stats

File Path                            PID    Runtime      # DAGs    # Errors  Last Runtime    Last Run
-----------------------------------  -----  ---------  --------  ----------  --------------  -------------------
/opt/airflow/dags/sales_pipeline.py                           1           0  0.18s           2025-05-15T12:39:30
================================================================================
[2025-05-15T12:40:30.741+0000] {manager.py:851} INFO - 
================================================================================
DAG File Processing Stats

File Path                              PID  Runtime      # DAGs    # Errors  Last Runtime    Last Run
-----------------------------------  -----  ---------  --------  ----------  --------------  -------------------
/opt/airflow/dags/sales_pipeline.py    219  0.00s             1           0  0.11s           2025-05-15T12:40:00
================================================================================
[2025-05-15T12:41:00.931+0000] {manager.py:851} INFO - 
================================================================================
DAG File Processing Stats

File Path                              PID  Runtime      # DAGs    # Errors  Last Runtime    Last Run
-----------------------------------  -----  ---------  --------  ----------  --------------  -------------------
/opt/airflow/dags/sales_pipeline.py    224  0.00s             1           0  0.10s           2025-05-15T12:40:30
================================================================================
[2025-05-15T12:41:31.045+0000] {manager.py:851} INFO - 
================================================================================
DAG File Processing Stats

File Path                              PID  Runtime      # DAGs    # Errors  Last Runtime    Last Run
-----------------------------------  -----  ---------  --------  ----------  --------------  -------------------
/opt/airflow/dags/sales_pipeline.py    229  0.00s             1           0  0.10s           2025-05-15T12:41:01
================================================================================
[2025-05-15T12:41:51.839+0000] {manager.py:465} INFO - Exiting gracefully upon receiving signal 15
[2025-05-15T12:42:51.260+0000] {manager.py:483} INFO - Processing files using up to 2 processes at a time 
[2025-05-15T12:42:51.264+0000] {manager.py:484} INFO - Process each file at most once every 30 seconds
[2025-05-15T12:42:51.265+0000] {manager.py:486} INFO - Checking for new files in /opt/airflow/dags every 300 seconds
[2025-05-15T12:42:51.265+0000] {manager.py:726} INFO - Searching for files in /opt/airflow/dags
[2025-05-15T12:42:51.272+0000] {manager.py:729} INFO - There are 1 files in /opt/airflow/dags
[2025-05-15T12:42:51.528+0000] {manager.py:851} INFO - 
================================================================================
DAG File Processing Stats

File Path                              PID  Runtime      # DAGs    # Errors  Last Runtime    Last Run
-----------------------------------  -----  ---------  --------  ----------  --------------  ----------
/opt/airflow/dags/sales_pipeline.py    163  0.13s             0           0
================================================================================
[2025-05-15T12:43:21.711+0000] {manager.py:851} INFO - 
================================================================================
DAG File Processing Stats

File Path                            PID    Runtime      # DAGs    # Errors  Last Runtime    Last Run
-----------------------------------  -----  ---------  --------  ----------  --------------  -------------------
/opt/airflow/dags/sales_pipeline.py                           1           0  0.53s           2025-05-15T12:42:51
================================================================================
[2025-05-15T12:43:52.262+0000] {manager.py:851} INFO - 
================================================================================
DAG File Processing Stats

File Path                            PID    Runtime      # DAGs    # Errors  Last Runtime    Last Run
-----------------------------------  -----  ---------  --------  ----------  --------------  -------------------
/opt/airflow/dags/sales_pipeline.py                           1           0  0.13s           2025-05-15T12:43:22
================================================================================
[2025-05-15T12:44:22.485+0000] {manager.py:851} INFO - 
================================================================================
DAG File Processing Stats

File Path                            PID    Runtime      # DAGs    # Errors  Last Runtime    Last Run
-----------------------------------  -----  ---------  --------  ----------  --------------  -------------------
/opt/airflow/dags/sales_pipeline.py                           1           0  0.15s           2025-05-15T12:43:52
================================================================================
[2025-05-15T12:44:52.705+0000] {manager.py:851} INFO - 
================================================================================
DAG File Processing Stats

File Path                            PID    Runtime      # DAGs    # Errors  Last Runtime    Last Run
-----------------------------------  -----  ---------  --------  ----------  --------------  -------------------
/opt/airflow/dags/sales_pipeline.py                           1           0  0.19s           2025-05-15T12:44:22
================================================================================
[2025-05-15T12:45:23.008+0000] {manager.py:851} INFO - 
================================================================================
DAG File Processing Stats

File Path                              PID  Runtime      # DAGs    # Errors  Last Runtime    Last Run
-----------------------------------  -----  ---------  --------  ----------  --------------  -------------------
/opt/airflow/dags/sales_pipeline.py    189  0.00s             1           0  0.09s           2025-05-15T12:44:52
================================================================================
[2025-05-15T12:45:53.174+0000] {manager.py:851} INFO - 
================================================================================
DAG File Processing Stats

File Path                              PID  Runtime      # DAGs    # Errors  Last Runtime    Last Run
-----------------------------------  -----  ---------  --------  ----------  --------------  -------------------
/opt/airflow/dags/sales_pipeline.py    194  0.00s             1           0  0.10s           2025-05-15T12:45:23
================================================================================
[2025-05-15T12:46:23.296+0000] {manager.py:851} INFO - 
================================================================================
DAG File Processing Stats

File Path                              PID  Runtime      # DAGs    # Errors  Last Runtime    Last Run
-----------------------------------  -----  ---------  --------  ----------  --------------  -------------------
/opt/airflow/dags/sales_pipeline.py    199  0.00s             1           0  0.10s           2025-05-15T12:45:53
================================================================================
[2025-05-15T12:46:53.455+0000] {manager.py:851} INFO - 
================================================================================
DAG File Processing Stats

File Path                              PID  Runtime      # DAGs    # Errors  Last Runtime    Last Run
-----------------------------------  -----  ---------  --------  ----------  --------------  -------------------
/opt/airflow/dags/sales_pipeline.py    204  0.00s             1           0  0.10s           2025-05-15T12:46:23
================================================================================
[2025-05-15T12:47:23.595+0000] {manager.py:851} INFO - 
================================================================================
DAG File Processing Stats

File Path                              PID  Runtime      # DAGs    # Errors  Last Runtime    Last Run
-----------------------------------  -----  ---------  --------  ----------  --------------  -------------------
/opt/airflow/dags/sales_pipeline.py    209  0.01s             1           0  0.12s           2025-05-15T12:46:53
================================================================================
[2025-05-15T12:47:51.753+0000] {manager.py:726} INFO - Searching for files in /opt/airflow/dags
[2025-05-15T12:47:51.754+0000] {manager.py:729} INFO - There are 1 files in /opt/airflow/dags
[2025-05-15T12:47:53.769+0000] {manager.py:851} INFO - 
================================================================================
DAG File Processing Stats

File Path                            PID    Runtime      # DAGs    # Errors  Last Runtime    Last Run
-----------------------------------  -----  ---------  --------  ----------  --------------  -------------------
/opt/airflow/dags/sales_pipeline.py                           1           0  0.26s           2025-05-15T12:47:23
================================================================================
[2025-05-15T12:48:24.051+0000] {manager.py:851} INFO - 
================================================================================
DAG File Processing Stats

File Path                              PID  Runtime      # DAGs    # Errors  Last Runtime    Last Run
-----------------------------------  -----  ---------  --------  ----------  --------------  -------------------
/opt/airflow/dags/sales_pipeline.py    219  0.01s             1           0  0.10s           2025-05-15T12:47:54
================================================================================
[2025-05-15T12:48:52.307+0000] {manager.py:465} INFO - Exiting gracefully upon receiving signal 15
[2025-05-15T12:50:02.104+0000] {manager.py:483} INFO - Processing files using up to 2 processes at a time 
[2025-05-15T12:50:02.107+0000] {manager.py:484} INFO - Process each file at most once every 30 seconds
[2025-05-15T12:50:02.108+0000] {manager.py:486} INFO - Checking for new files in /opt/airflow/dags every 300 seconds
[2025-05-15T12:50:02.108+0000] {manager.py:726} INFO - Searching for files in /opt/airflow/dags
[2025-05-15T12:50:02.112+0000] {manager.py:729} INFO - There are 1 files in /opt/airflow/dags
[2025-05-15T12:50:02.323+0000] {manager.py:851} INFO - 
================================================================================
DAG File Processing Stats

File Path                              PID  Runtime      # DAGs    # Errors  Last Runtime    Last Run
-----------------------------------  -----  ---------  --------  ----------  --------------  ----------
/opt/airflow/dags/sales_pipeline.py    163  0.08s             0           0
================================================================================
[2025-05-15T12:50:32.510+0000] {manager.py:851} INFO - 
================================================================================
DAG File Processing Stats

File Path                            PID    Runtime      # DAGs    # Errors  Last Runtime    Last Run
-----------------------------------  -----  ---------  --------  ----------  --------------  -------------------
/opt/airflow/dags/sales_pipeline.py                           1           0  0.44s           2025-05-15T12:50:02
================================================================================
[2025-05-15T12:51:02.971+0000] {manager.py:851} INFO - 
================================================================================
DAG File Processing Stats

File Path                              PID  Runtime      # DAGs    # Errors  Last Runtime    Last Run
-----------------------------------  -----  ---------  --------  ----------  --------------  -------------------
/opt/airflow/dags/sales_pipeline.py    174  0.01s             1           0  0.09s           2025-05-15T12:50:32
================================================================================
[2025-05-15T12:51:33.139+0000] {manager.py:851} INFO - 
================================================================================
DAG File Processing Stats

File Path                              PID  Runtime      # DAGs    # Errors  Last Runtime    Last Run
-----------------------------------  -----  ---------  --------  ----------  --------------  -------------------
/opt/airflow/dags/sales_pipeline.py    179  0.01s             1           0  0.17s           2025-05-15T12:51:03
================================================================================
[2025-05-15T12:52:03.326+0000] {manager.py:851} INFO - 
================================================================================
DAG File Processing Stats

File Path                              PID  Runtime      # DAGs    # Errors  Last Runtime    Last Run
-----------------------------------  -----  ---------  --------  ----------  --------------  -------------------
/opt/airflow/dags/sales_pipeline.py    184  0.00s             1           0  0.17s           2025-05-15T12:51:33
================================================================================
[2025-05-15T12:52:33.505+0000] {manager.py:851} INFO - 
================================================================================
DAG File Processing Stats

File Path                              PID  Runtime      # DAGs    # Errors  Last Runtime    Last Run
-----------------------------------  -----  ---------  --------  ----------  --------------  -------------------
/opt/airflow/dags/sales_pipeline.py    189  0.00s             1           0  0.10s           2025-05-15T12:52:03
================================================================================
[2025-05-15T12:53:03.640+0000] {manager.py:851} INFO - 
================================================================================
DAG File Processing Stats

File Path                              PID  Runtime      # DAGs    # Errors  Last Runtime    Last Run
-----------------------------------  -----  ---------  --------  ----------  --------------  -------------------
/opt/airflow/dags/sales_pipeline.py    194  0.00s             1           0  0.12s           2025-05-15T12:52:33
================================================================================
[2025-05-15T12:53:33.827+0000] {manager.py:851} INFO - 
================================================================================
DAG File Processing Stats

File Path                              PID  Runtime      # DAGs    # Errors  Last Runtime    Last Run
-----------------------------------  -----  ---------  --------  ----------  --------------  -------------------
/opt/airflow/dags/sales_pipeline.py    199  0.00s             1           0  0.10s           2025-05-15T12:53:03
================================================================================
[2025-05-15T12:54:03.948+0000] {manager.py:851} INFO - 
================================================================================
DAG File Processing Stats

File Path                            PID    Runtime      # DAGs    # Errors  Last Runtime    Last Run
-----------------------------------  -----  ---------  --------  ----------  --------------  -------------------
/opt/airflow/dags/sales_pipeline.py                           1           0  0.15s           2025-05-15T12:53:33
================================================================================
[2025-05-15T12:54:34.199+0000] {manager.py:851} INFO - 
================================================================================
DAG File Processing Stats

File Path                              PID  Runtime      # DAGs    # Errors  Last Runtime    Last Run
-----------------------------------  -----  ---------  --------  ----------  --------------  -------------------
/opt/airflow/dags/sales_pipeline.py    209  0.01s             1           0  0.10s           2025-05-15T12:54:04
================================================================================
[2025-05-15T12:55:02.388+0000] {manager.py:726} INFO - Searching for files in /opt/airflow/dags
[2025-05-15T12:55:02.389+0000] {manager.py:729} INFO - There are 1 files in /opt/airflow/dags
[2025-05-15T12:55:04.409+0000] {manager.py:851} INFO - 
================================================================================
DAG File Processing Stats

File Path                            PID    Runtime      # DAGs    # Errors  Last Runtime    Last Run
-----------------------------------  -----  ---------  --------  ----------  --------------  -------------------
/opt/airflow/dags/sales_pipeline.py                           1           0  0.30s           2025-05-15T12:54:34
================================================================================
[2025-05-15T12:55:34.704+0000] {manager.py:851} INFO - 
================================================================================
DAG File Processing Stats

File Path                            PID    Runtime      # DAGs    # Errors  Last Runtime    Last Run
-----------------------------------  -----  ---------  --------  ----------  --------------  -------------------
/opt/airflow/dags/sales_pipeline.py                           1           0  0.14s           2025-05-15T12:55:04
================================================================================
[2025-05-15T12:56:04.931+0000] {manager.py:851} INFO - 
================================================================================
DAG File Processing Stats

File Path                              PID  Runtime      # DAGs    # Errors  Last Runtime    Last Run
-----------------------------------  -----  ---------  --------  ----------  --------------  -------------------
/opt/airflow/dags/sales_pipeline.py    224  0.01s             1           0  0.11s           2025-05-15T12:55:34
================================================================================
[2025-05-15T12:56:35.157+0000] {manager.py:851} INFO - 
================================================================================
DAG File Processing Stats

File Path                              PID  Runtime      # DAGs    # Errors  Last Runtime    Last Run
-----------------------------------  -----  ---------  --------  ----------  --------------  -------------------
/opt/airflow/dags/sales_pipeline.py    232  0.00s             1           0  0.13s           2025-05-15T12:56:05
================================================================================
[2025-05-15T12:57:05.282+0000] {manager.py:851} INFO - 
================================================================================
DAG File Processing Stats

File Path                              PID  Runtime      # DAGs    # Errors  Last Runtime    Last Run
-----------------------------------  -----  ---------  --------  ----------  --------------  -------------------
/opt/airflow/dags/sales_pipeline.py    237  0.00s             1           0  0.11s           2025-05-15T12:56:35
================================================================================
[2025-05-15T12:57:35.489+0000] {manager.py:851} INFO - 
================================================================================
DAG File Processing Stats

File Path                              PID  Runtime      # DAGs    # Errors  Last Runtime    Last Run
-----------------------------------  -----  ---------  --------  ----------  --------------  -------------------
/opt/airflow/dags/sales_pipeline.py    242  0.00s             1           0  0.11s           2025-05-15T12:57:05
================================================================================
[2025-05-15T12:58:05.612+0000] {manager.py:851} INFO - 
================================================================================
DAG File Processing Stats

File Path                            PID    Runtime      # DAGs    # Errors  Last Runtime    Last Run
-----------------------------------  -----  ---------  --------  ----------  --------------  -------------------
/opt/airflow/dags/sales_pipeline.py                           1           0  0.15s           2025-05-15T12:57:35
================================================================================
[2025-05-15T12:58:35.840+0000] {manager.py:851} INFO - 
================================================================================
DAG File Processing Stats

File Path                              PID  Runtime      # DAGs    # Errors  Last Runtime    Last Run
-----------------------------------  -----  ---------  --------  ----------  --------------  -------------------
/opt/airflow/dags/sales_pipeline.py    252  0.00s             1           0  0.10s           2025-05-15T12:58:05
================================================================================
[2025-05-15T12:59:06.017+0000] {manager.py:851} INFO - 
================================================================================
DAG File Processing Stats

File Path                              PID  Runtime      # DAGs    # Errors  Last Runtime    Last Run
-----------------------------------  -----  ---------  --------  ----------  --------------  -------------------
/opt/airflow/dags/sales_pipeline.py    257  0.00s             1           0  0.10s           2025-05-15T12:58:35
================================================================================
[2025-05-15T12:59:36.136+0000] {manager.py:851} INFO - 
================================================================================
DAG File Processing Stats

File Path                              PID  Runtime      # DAGs    # Errors  Last Runtime    Last Run
-----------------------------------  -----  ---------  --------  ----------  --------------  -------------------
/opt/airflow/dags/sales_pipeline.py    262  0.00s             1           0  0.10s           2025-05-15T12:59:06
================================================================================
[2025-05-15T13:00:03.289+0000] {manager.py:726} INFO - Searching for files in /opt/airflow/dags
[2025-05-15T13:00:03.290+0000] {manager.py:729} INFO - There are 1 files in /opt/airflow/dags
[2025-05-15T13:00:06.318+0000] {manager.py:851} INFO - 
================================================================================
DAG File Processing Stats

File Path                              PID  Runtime      # DAGs    # Errors  Last Runtime    Last Run
-----------------------------------  -----  ---------  --------  ----------  --------------  -------------------
/opt/airflow/dags/sales_pipeline.py    267  0.00s             1           0  0.10s           2025-05-15T12:59:36
================================================================================
[2025-05-15T13:00:36.444+0000] {manager.py:851} INFO - 
================================================================================
DAG File Processing Stats

File Path                              PID  Runtime      # DAGs    # Errors  Last Runtime    Last Run
-----------------------------------  -----  ---------  --------  ----------  --------------  -------------------
/opt/airflow/dags/sales_pipeline.py    272  0.01s             1           0  0.11s           2025-05-15T13:00:06
================================================================================
[2025-05-15T13:01:06.623+0000] {manager.py:851} INFO - 
================================================================================
DAG File Processing Stats

File Path                              PID  Runtime      # DAGs    # Errors  Last Runtime    Last Run
-----------------------------------  -----  ---------  --------  ----------  --------------  -------------------
/opt/airflow/dags/sales_pipeline.py    277  0.00s             1           0  0.11s           2025-05-15T13:00:36
================================================================================
[2025-05-15T13:01:36.740+0000] {manager.py:851} INFO - 
================================================================================
DAG File Processing Stats

File Path                              PID  Runtime      # DAGs    # Errors  Last Runtime    Last Run
-----------------------------------  -----  ---------  --------  ----------  --------------  -------------------
/opt/airflow/dags/sales_pipeline.py    282  0.00s             1           0  0.11s           2025-05-15T13:01:06
================================================================================
[2025-05-15T13:02:06.940+0000] {manager.py:851} INFO - 
================================================================================
DAG File Processing Stats

File Path                              PID  Runtime      # DAGs    # Errors  Last Runtime    Last Run
-----------------------------------  -----  ---------  --------  ----------  --------------  -------------------
/opt/airflow/dags/sales_pipeline.py    287  0.00s             1           0  0.11s           2025-05-15T13:01:36
================================================================================
[2025-05-15T13:02:37.055+0000] {manager.py:851} INFO - 
================================================================================
DAG File Processing Stats

File Path                              PID  Runtime      # DAGs    # Errors  Last Runtime    Last Run
-----------------------------------  -----  ---------  --------  ----------  --------------  -------------------
/opt/airflow/dags/sales_pipeline.py    292  0.00s             1           0  0.10s           2025-05-15T13:02:07
================================================================================
[2025-05-15T13:03:07.242+0000] {manager.py:851} INFO - 
================================================================================
DAG File Processing Stats

File Path                              PID  Runtime      # DAGs    # Errors  Last Runtime    Last Run
-----------------------------------  -----  ---------  --------  ----------  --------------  -------------------
/opt/airflow/dags/sales_pipeline.py    297  0.01s             1           0  0.10s           2025-05-15T13:02:37
================================================================================
[2025-05-15T13:03:37.363+0000] {manager.py:851} INFO - 
================================================================================
DAG File Processing Stats

File Path                            PID    Runtime      # DAGs    # Errors  Last Runtime    Last Run
-----------------------------------  -----  ---------  --------  ----------  --------------  -------------------
/opt/airflow/dags/sales_pipeline.py                           1           0  0.17s           2025-05-15T13:03:07
================================================================================
[2025-05-15T13:04:07.614+0000] {manager.py:851} INFO - 
================================================================================
DAG File Processing Stats

File Path                              PID  Runtime      # DAGs    # Errors  Last Runtime    Last Run
-----------------------------------  -----  ---------  --------  ----------  --------------  -------------------
/opt/airflow/dags/sales_pipeline.py    307  0.00s             1           0  0.10s           2025-05-15T13:03:37
================================================================================
[2025-05-15T13:04:37.797+0000] {manager.py:851} INFO - 
================================================================================
DAG File Processing Stats

File Path                              PID  Runtime      # DAGs    # Errors  Last Runtime    Last Run
-----------------------------------  -----  ---------  --------  ----------  --------------  -------------------
/opt/airflow/dags/sales_pipeline.py    312  0.00s             1           0  0.10s           2025-05-15T13:04:07
================================================================================
[2025-05-15T13:05:03.894+0000] {manager.py:726} INFO - Searching for files in /opt/airflow/dags
[2025-05-15T13:05:03.896+0000] {manager.py:729} INFO - There are 1 files in /opt/airflow/dags
[2025-05-15T13:05:07.919+0000] {manager.py:851} INFO - 
================================================================================
DAG File Processing Stats

File Path                            PID    Runtime      # DAGs    # Errors  Last Runtime    Last Run
-----------------------------------  -----  ---------  --------  ----------  --------------  -------------------
/opt/airflow/dags/sales_pipeline.py                           1           0  0.13s           2025-05-15T13:04:37
================================================================================
[2025-05-15T13:05:38.117+0000] {manager.py:851} INFO - 
================================================================================
DAG File Processing Stats

File Path                            PID    Runtime      # DAGs    # Errors  Last Runtime    Last Run
-----------------------------------  -----  ---------  --------  ----------  --------------  -------------------
/opt/airflow/dags/sales_pipeline.py                           1           0  0.13s           2025-05-15T13:05:08
================================================================================
[2025-05-15T13:06:08.331+0000] {manager.py:851} INFO - 
================================================================================
DAG File Processing Stats

File Path                            PID    Runtime      # DAGs    # Errors  Last Runtime    Last Run
-----------------------------------  -----  ---------  --------  ----------  --------------  -------------------
/opt/airflow/dags/sales_pipeline.py                           1           0  0.14s           2025-05-15T13:05:38
================================================================================
[2025-05-15T13:06:38.566+0000] {manager.py:851} INFO - 
================================================================================
DAG File Processing Stats

File Path                              PID  Runtime      # DAGs    # Errors  Last Runtime    Last Run
-----------------------------------  -----  ---------  --------  ----------  --------------  -------------------
/opt/airflow/dags/sales_pipeline.py    332  0.00s             1           0  0.10s           2025-05-15T13:06:08
================================================================================
[2025-05-15T13:07:08.750+0000] {manager.py:851} INFO - 
================================================================================
DAG File Processing Stats

File Path                              PID  Runtime      # DAGs    # Errors  Last Runtime    Last Run
-----------------------------------  -----  ---------  --------  ----------  --------------  -------------------
/opt/airflow/dags/sales_pipeline.py    337  0.00s             1           0  0.10s           2025-05-15T13:06:38
================================================================================
[2025-05-15T13:07:38.870+0000] {manager.py:851} INFO - 
================================================================================
DAG File Processing Stats

File Path                              PID  Runtime      # DAGs    # Errors  Last Runtime    Last Run
-----------------------------------  -----  ---------  --------  ----------  --------------  -------------------
/opt/airflow/dags/sales_pipeline.py    342  0.00s             1           0  0.10s           2025-05-15T13:07:08
================================================================================
[2025-05-15T13:08:09.058+0000] {manager.py:851} INFO - 
================================================================================
DAG File Processing Stats

File Path                              PID  Runtime      # DAGs    # Errors  Last Runtime    Last Run
-----------------------------------  -----  ---------  --------  ----------  --------------  -------------------
/opt/airflow/dags/sales_pipeline.py    347  0.00s             1           0  0.10s           2025-05-15T13:07:38
================================================================================
[2025-05-15T13:08:39.179+0000] {manager.py:851} INFO - 
================================================================================
DAG File Processing Stats

File Path                              PID  Runtime      # DAGs    # Errors  Last Runtime    Last Run
-----------------------------------  -----  ---------  --------  ----------  --------------  -------------------
/opt/airflow/dags/sales_pipeline.py    352  0.00s             1           0  0.10s           2025-05-15T13:08:09
================================================================================
[2025-05-15T13:09:09.352+0000] {manager.py:851} INFO - 
================================================================================
DAG File Processing Stats

File Path                              PID  Runtime      # DAGs    # Errors  Last Runtime    Last Run
-----------------------------------  -----  ---------  --------  ----------  --------------  -------------------
/opt/airflow/dags/sales_pipeline.py    357  0.00s             1           0  0.10s           2025-05-15T13:08:39
================================================================================
[2025-05-15T13:09:39.478+0000] {manager.py:851} INFO - 
================================================================================
DAG File Processing Stats

File Path                              PID  Runtime      # DAGs    # Errors  Last Runtime    Last Run
-----------------------------------  -----  ---------  --------  ----------  --------------  -------------------
/opt/airflow/dags/sales_pipeline.py    362  0.00s             1           0  0.10s           2025-05-15T13:09:09
================================================================================
[2025-05-15T13:10:04.623+0000] {manager.py:726} INFO - Searching for files in /opt/airflow/dags
[2025-05-15T13:10:04.624+0000] {manager.py:729} INFO - There are 1 files in /opt/airflow/dags
[2025-05-15T13:10:09.655+0000] {manager.py:851} INFO - 
================================================================================
DAG File Processing Stats

File Path                              PID  Runtime      # DAGs    # Errors  Last Runtime    Last Run
-----------------------------------  -----  ---------  --------  ----------  --------------  -------------------
/opt/airflow/dags/sales_pipeline.py    367  0.00s             1           0  0.10s           2025-05-15T13:09:39
================================================================================
[2025-05-15T13:10:39.769+0000] {manager.py:851} INFO - 
================================================================================
DAG File Processing Stats

File Path                            PID    Runtime      # DAGs    # Errors  Last Runtime    Last Run
-----------------------------------  -----  ---------  --------  ----------  --------------  -------------------
/opt/airflow/dags/sales_pipeline.py                           1           0  0.12s           2025-05-15T13:10:09
================================================================================
[2025-05-15T13:11:09.972+0000] {manager.py:851} INFO - 
================================================================================
DAG File Processing Stats

File Path                              PID  Runtime      # DAGs    # Errors  Last Runtime    Last Run
-----------------------------------  -----  ---------  --------  ----------  --------------  -------------------
/opt/airflow/dags/sales_pipeline.py    377  0.00s             1           0  0.10s           2025-05-15T13:10:39
================================================================================
[2025-05-15T13:11:40.149+0000] {manager.py:851} INFO - 
================================================================================
DAG File Processing Stats

File Path                              PID  Runtime      # DAGs    # Errors  Last Runtime    Last Run
-----------------------------------  -----  ---------  --------  ----------  --------------  -------------------
/opt/airflow/dags/sales_pipeline.py    382  0.00s             1           0  0.10s           2025-05-15T13:11:10
================================================================================
[2025-05-15T13:12:10.272+0000] {manager.py:851} INFO - 
================================================================================
DAG File Processing Stats

File Path                              PID  Runtime      # DAGs    # Errors  Last Runtime    Last Run
-----------------------------------  -----  ---------  --------  ----------  --------------  -------------------
/opt/airflow/dags/sales_pipeline.py    387  0.01s             1           0  0.09s           2025-05-15T13:11:40
================================================================================
[2025-05-15T13:12:40.440+0000] {manager.py:851} INFO - 
================================================================================
DAG File Processing Stats

File Path                              PID  Runtime      # DAGs    # Errors  Last Runtime    Last Run
-----------------------------------  -----  ---------  --------  ----------  --------------  -------------------
/opt/airflow/dags/sales_pipeline.py    392  0.01s             1           0  0.12s           2025-05-15T13:12:10
================================================================================
[2025-05-15T13:13:10.582+0000] {manager.py:851} INFO - 
================================================================================
DAG File Processing Stats

File Path                            PID    Runtime      # DAGs    # Errors  Last Runtime    Last Run
-----------------------------------  -----  ---------  --------  ----------  --------------  -------------------
/opt/airflow/dags/sales_pipeline.py                           1           0  0.26s           2025-05-15T13:12:40
================================================================================
[2025-05-15T13:13:40.894+0000] {manager.py:851} INFO - 
================================================================================
DAG File Processing Stats

File Path                              PID  Runtime      # DAGs    # Errors  Last Runtime    Last Run
-----------------------------------  -----  ---------  --------  ----------  --------------  -------------------
/opt/airflow/dags/sales_pipeline.py    402  0.00s             1           0  0.10s           2025-05-15T13:13:10
================================================================================
[2025-05-15T13:14:11.079+0000] {manager.py:851} INFO - 
================================================================================
DAG File Processing Stats

File Path                              PID  Runtime      # DAGs    # Errors  Last Runtime    Last Run
-----------------------------------  -----  ---------  --------  ----------  --------------  -------------------
/opt/airflow/dags/sales_pipeline.py    407  0.00s             1           0  0.13s           2025-05-15T13:13:41
================================================================================
[2025-05-15T13:14:41.235+0000] {manager.py:851} INFO - 
================================================================================
DAG File Processing Stats

File Path                              PID  Runtime      # DAGs    # Errors  Last Runtime    Last Run
-----------------------------------  -----  ---------  --------  ----------  --------------  -------------------
/opt/airflow/dags/sales_pipeline.py    412  0.00s             1           0  0.10s           2025-05-15T13:14:11
================================================================================
[2025-05-15T13:15:05.355+0000] {manager.py:726} INFO - Searching for files in /opt/airflow/dags
[2025-05-15T13:15:05.356+0000] {manager.py:729} INFO - There are 1 files in /opt/airflow/dags
[2025-05-15T13:15:11.389+0000] {manager.py:851} INFO - 
================================================================================
DAG File Processing Stats

File Path                              PID  Runtime      # DAGs    # Errors  Last Runtime    Last Run
-----------------------------------  -----  ---------  --------  ----------  --------------  -------------------
/opt/airflow/dags/sales_pipeline.py    417  0.00s             1           0  0.10s           2025-05-15T13:14:41
================================================================================
[2025-05-15T13:15:41.527+0000] {manager.py:851} INFO - 
================================================================================
DAG File Processing Stats

File Path                              PID  Runtime      # DAGs    # Errors  Last Runtime    Last Run
-----------------------------------  -----  ---------  --------  ----------  --------------  -------------------
/opt/airflow/dags/sales_pipeline.py    422  0.00s             1           0  0.10s           2025-05-15T13:15:11
================================================================================
[2025-05-15T13:16:11.671+0000] {manager.py:851} INFO - 
================================================================================
DAG File Processing Stats

File Path                              PID  Runtime      # DAGs    # Errors  Last Runtime    Last Run
-----------------------------------  -----  ---------  --------  ----------  --------------  -------------------
/opt/airflow/dags/sales_pipeline.py    427  0.00s             1           0  0.10s           2025-05-15T13:15:41
================================================================================
[2025-05-15T13:16:41.820+0000] {manager.py:851} INFO - 
================================================================================
DAG File Processing Stats

File Path                              PID  Runtime      # DAGs    # Errors  Last Runtime    Last Run
-----------------------------------  -----  ---------  --------  ----------  --------------  -------------------
/opt/airflow/dags/sales_pipeline.py    432  0.00s             1           0  0.10s           2025-05-15T13:16:11
================================================================================
[2025-05-15T13:17:11.956+0000] {manager.py:851} INFO - 
================================================================================
DAG File Processing Stats

File Path                              PID  Runtime      # DAGs    # Errors  Last Runtime    Last Run
-----------------------------------  -----  ---------  --------  ----------  --------------  -------------------
/opt/airflow/dags/sales_pipeline.py    437  0.01s             1           0  0.10s           2025-05-15T13:16:41
================================================================================
[2025-05-15T13:17:42.105+0000] {manager.py:851} INFO - 
================================================================================
DAG File Processing Stats

File Path                              PID  Runtime      # DAGs    # Errors  Last Runtime    Last Run
-----------------------------------  -----  ---------  --------  ----------  --------------  -------------------
/opt/airflow/dags/sales_pipeline.py    442  0.00s             1           0  0.10s           2025-05-15T13:17:12
================================================================================
[2025-05-15T13:18:12.259+0000] {manager.py:851} INFO - 
================================================================================
DAG File Processing Stats

File Path                              PID  Runtime      # DAGs    # Errors  Last Runtime    Last Run
-----------------------------------  -----  ---------  --------  ----------  --------------  -------------------
/opt/airflow/dags/sales_pipeline.py    447  0.00s             1           0  0.13s           2025-05-15T13:17:42
================================================================================
[2025-05-15T13:18:42.423+0000] {manager.py:851} INFO - 
================================================================================
DAG File Processing Stats

File Path                              PID  Runtime      # DAGs    # Errors  Last Runtime    Last Run
-----------------------------------  -----  ---------  --------  ----------  --------------  -------------------
/opt/airflow/dags/sales_pipeline.py    452  0.00s             1           0  0.14s           2025-05-15T13:18:12
================================================================================
[2025-05-15T13:19:12.584+0000] {manager.py:851} INFO - 
================================================================================
DAG File Processing Stats

File Path                              PID  Runtime      # DAGs    # Errors  Last Runtime    Last Run
-----------------------------------  -----  ---------  --------  ----------  --------------  -------------------
/opt/airflow/dags/sales_pipeline.py    457  0.00s             1           0  0.10s           2025-05-15T13:18:42
================================================================================
[2025-05-15T13:19:42.722+0000] {manager.py:851} INFO - 
================================================================================
DAG File Processing Stats

File Path                              PID  Runtime      # DAGs    # Errors  Last Runtime    Last Run
-----------------------------------  -----  ---------  --------  ----------  --------------  -------------------
/opt/airflow/dags/sales_pipeline.py    462  0.00s             1           0  0.10s           2025-05-15T13:19:12
================================================================================
[2025-05-15T13:20:05.846+0000] {manager.py:726} INFO - Searching for files in /opt/airflow/dags
[2025-05-15T13:20:05.847+0000] {manager.py:729} INFO - There are 1 files in /opt/airflow/dags
[2025-05-15T13:20:12.887+0000] {manager.py:851} INFO - 
================================================================================
DAG File Processing Stats

File Path                              PID  Runtime      # DAGs    # Errors  Last Runtime    Last Run
-----------------------------------  -----  ---------  --------  ----------  --------------  -------------------
/opt/airflow/dags/sales_pipeline.py    467  0.00s             1           0  0.10s           2025-05-15T13:19:42
================================================================================
[2025-05-15T13:20:43.011+0000] {manager.py:851} INFO - 
================================================================================
DAG File Processing Stats

File Path                              PID  Runtime      # DAGs    # Errors  Last Runtime    Last Run
-----------------------------------  -----  ---------  --------  ----------  --------------  -------------------
/opt/airflow/dags/sales_pipeline.py    472  0.00s             1           0  0.10s           2025-05-15T13:20:12
================================================================================
[2025-05-15T13:21:13.183+0000] {manager.py:851} INFO - 
================================================================================
DAG File Processing Stats

File Path                              PID  Runtime      # DAGs    # Errors  Last Runtime    Last Run
-----------------------------------  -----  ---------  --------  ----------  --------------  -------------------
/opt/airflow/dags/sales_pipeline.py    477  0.01s             1           0  0.13s           2025-05-15T13:20:43
================================================================================
[2025-05-15T13:21:43.322+0000] {manager.py:851} INFO - 
================================================================================
DAG File Processing Stats

File Path                            PID    Runtime      # DAGs    # Errors  Last Runtime    Last Run
-----------------------------------  -----  ---------  --------  ----------  --------------  -------------------
/opt/airflow/dags/sales_pipeline.py                           1           0  0.16s           2025-05-15T13:21:13
================================================================================
[2025-05-15T13:22:13.528+0000] {manager.py:851} INFO - 
================================================================================
DAG File Processing Stats

File Path                              PID  Runtime      # DAGs    # Errors  Last Runtime    Last Run
-----------------------------------  -----  ---------  --------  ----------  --------------  -------------------
/opt/airflow/dags/sales_pipeline.py    487  0.00s             1           0  0.10s           2025-05-15T13:21:43
================================================================================
[2025-05-15T13:22:43.715+0000] {manager.py:851} INFO - 
================================================================================
DAG File Processing Stats

File Path                              PID  Runtime      # DAGs    # Errors  Last Runtime    Last Run
-----------------------------------  -----  ---------  --------  ----------  --------------  -------------------
/opt/airflow/dags/sales_pipeline.py    492  0.00s             1           0  0.10s           2025-05-15T13:22:13
================================================================================
[2025-05-15T13:23:13.833+0000] {manager.py:851} INFO - 
================================================================================
DAG File Processing Stats

File Path                            PID    Runtime      # DAGs    # Errors  Last Runtime    Last Run
-----------------------------------  -----  ---------  --------  ----------  --------------  -------------------
/opt/airflow/dags/sales_pipeline.py                           1           0  0.13s           2025-05-15T13:22:43
================================================================================
[2025-05-15T13:23:44.046+0000] {manager.py:851} INFO - 
================================================================================
DAG File Processing Stats

File Path                              PID  Runtime      # DAGs    # Errors  Last Runtime    Last Run
-----------------------------------  -----  ---------  --------  ----------  --------------  -------------------
/opt/airflow/dags/sales_pipeline.py    502  0.00s             1           0  0.10s           2025-05-15T13:23:14
================================================================================
[2025-05-15T13:24:14.229+0000] {manager.py:851} INFO - 
================================================================================
DAG File Processing Stats

File Path                              PID  Runtime      # DAGs    # Errors  Last Runtime    Last Run
-----------------------------------  -----  ---------  --------  ----------  --------------  -------------------
/opt/airflow/dags/sales_pipeline.py    507  0.00s             1           0  0.10s           2025-05-15T13:23:44
================================================================================
[2025-05-15T13:24:44.344+0000] {manager.py:851} INFO - 
================================================================================
DAG File Processing Stats

File Path                              PID  Runtime      # DAGs    # Errors  Last Runtime    Last Run
-----------------------------------  -----  ---------  --------  ----------  --------------  -------------------
/opt/airflow/dags/sales_pipeline.py    512  0.00s             1           0  0.10s           2025-05-15T13:24:14
================================================================================
[2025-05-15T13:25:06.495+0000] {manager.py:726} INFO - Searching for files in /opt/airflow/dags
[2025-05-15T13:25:06.496+0000] {manager.py:729} INFO - There are 1 files in /opt/airflow/dags
[2025-05-15T13:25:14.536+0000] {manager.py:851} INFO - 
================================================================================
DAG File Processing Stats

File Path                              PID  Runtime      # DAGs    # Errors  Last Runtime    Last Run
-----------------------------------  -----  ---------  --------  ----------  --------------  -------------------
/opt/airflow/dags/sales_pipeline.py    517  0.00s             1           0  0.13s           2025-05-15T13:24:44
================================================================================
[2025-05-15T13:25:44.658+0000] {manager.py:851} INFO - 
================================================================================
DAG File Processing Stats

File Path                              PID  Runtime      # DAGs    # Errors  Last Runtime    Last Run
-----------------------------------  -----  ---------  --------  ----------  --------------  -------------------
/opt/airflow/dags/sales_pipeline.py    522  0.00s             1           0  0.09s           2025-05-15T13:25:14
================================================================================
[2025-05-15T13:26:14.824+0000] {manager.py:851} INFO - 
================================================================================
DAG File Processing Stats

File Path                              PID  Runtime      # DAGs    # Errors  Last Runtime    Last Run
-----------------------------------  -----  ---------  --------  ----------  --------------  -------------------
/opt/airflow/dags/sales_pipeline.py    527  0.00s             1           0  0.10s           2025-05-15T13:25:44
================================================================================
[2025-05-15T13:26:44.951+0000] {manager.py:851} INFO - 
================================================================================
DAG File Processing Stats

File Path                              PID  Runtime      # DAGs    # Errors  Last Runtime    Last Run
-----------------------------------  -----  ---------  --------  ----------  --------------  -------------------
/opt/airflow/dags/sales_pipeline.py    532  0.00s             1           0  0.10s           2025-05-15T13:26:14
================================================================================
[2025-05-15T13:27:15.114+0000] {manager.py:851} INFO - 
================================================================================
DAG File Processing Stats

File Path                              PID  Runtime      # DAGs    # Errors  Last Runtime    Last Run
-----------------------------------  -----  ---------  --------  ----------  --------------  -------------------
/opt/airflow/dags/sales_pipeline.py    537  0.00s             1           0  0.10s           2025-05-15T13:26:45
================================================================================
[2025-05-15T13:27:45.234+0000] {manager.py:851} INFO - 
================================================================================
DAG File Processing Stats

File Path                              PID  Runtime      # DAGs    # Errors  Last Runtime    Last Run
-----------------------------------  -----  ---------  --------  ----------  --------------  -------------------
/opt/airflow/dags/sales_pipeline.py    542  0.00s             1           0  0.10s           2025-05-15T13:27:15
================================================================================
[2025-05-15T13:28:15.410+0000] {manager.py:851} INFO - 
================================================================================
DAG File Processing Stats

File Path                              PID  Runtime      # DAGs    # Errors  Last Runtime    Last Run
-----------------------------------  -----  ---------  --------  ----------  --------------  -------------------
/opt/airflow/dags/sales_pipeline.py    547  0.00s             1           0  0.10s           2025-05-15T13:27:45
================================================================================
[2025-05-15T13:28:45.529+0000] {manager.py:851} INFO - 
================================================================================
DAG File Processing Stats

File Path                              PID  Runtime      # DAGs    # Errors  Last Runtime    Last Run
-----------------------------------  -----  ---------  --------  ----------  --------------  -------------------
/opt/airflow/dags/sales_pipeline.py    552  0.00s             1           0  0.10s           2025-05-15T13:28:15
================================================================================
[2025-05-15T13:29:15.704+0000] {manager.py:851} INFO - 
================================================================================
DAG File Processing Stats

File Path                              PID  Runtime      # DAGs    # Errors  Last Runtime    Last Run
-----------------------------------  -----  ---------  --------  ----------  --------------  -------------------
/opt/airflow/dags/sales_pipeline.py    557  0.00s             1           0  0.10s           2025-05-15T13:28:45
================================================================================
[2025-05-15T13:29:45.815+0000] {manager.py:851} INFO - 
================================================================================
DAG File Processing Stats

File Path                            PID    Runtime      # DAGs    # Errors  Last Runtime    Last Run
-----------------------------------  -----  ---------  --------  ----------  --------------  -------------------
/opt/airflow/dags/sales_pipeline.py                           1           0  0.13s           2025-05-15T13:29:15
================================================================================
[2025-05-15T13:30:07.002+0000] {manager.py:726} INFO - Searching for files in /opt/airflow/dags
[2025-05-15T13:30:07.003+0000] {manager.py:729} INFO - There are 1 files in /opt/airflow/dags
[2025-05-15T13:30:16.047+0000] {manager.py:851} INFO - 
================================================================================
DAG File Processing Stats

File Path                              PID  Runtime      # DAGs    # Errors  Last Runtime    Last Run
-----------------------------------  -----  ---------  --------  ----------  --------------  -------------------
/opt/airflow/dags/sales_pipeline.py    567  0.01s             1           0  0.09s           2025-05-15T13:29:46
================================================================================
[2025-05-15T13:30:46.245+0000] {manager.py:851} INFO - 
================================================================================
DAG File Processing Stats

File Path                              PID  Runtime      # DAGs    # Errors  Last Runtime    Last Run
-----------------------------------  -----  ---------  --------  ----------  --------------  -------------------
/opt/airflow/dags/sales_pipeline.py    572  0.01s             1           0  0.10s           2025-05-15T13:30:16
================================================================================
[2025-05-15T13:31:16.398+0000] {manager.py:851} INFO - 
================================================================================
DAG File Processing Stats

File Path                            PID    Runtime      # DAGs    # Errors  Last Runtime    Last Run
-----------------------------------  -----  ---------  --------  ----------  --------------  -------------------
/opt/airflow/dags/sales_pipeline.py                           1           0  0.31s           2025-05-15T13:30:46
================================================================================
[2025-05-15T13:31:46.749+0000] {manager.py:851} INFO - 
================================================================================
DAG File Processing Stats

File Path                            PID    Runtime      # DAGs    # Errors  Last Runtime    Last Run
-----------------------------------  -----  ---------  --------  ----------  --------------  -------------------
/opt/airflow/dags/sales_pipeline.py                           1           0  0.12s           2025-05-15T13:31:16
================================================================================
[2025-05-15T13:32:16.964+0000] {manager.py:851} INFO - 
================================================================================
DAG File Processing Stats

File Path                              PID  Runtime      # DAGs    # Errors  Last Runtime    Last Run
-----------------------------------  -----  ---------  --------  ----------  --------------  -------------------
/opt/airflow/dags/sales_pipeline.py    587  0.00s             1           0  0.10s           2025-05-15T13:31:46
================================================================================
[2025-05-15T13:32:47.155+0000] {manager.py:851} INFO - 
================================================================================
DAG File Processing Stats

File Path                              PID  Runtime      # DAGs    # Errors  Last Runtime    Last Run
-----------------------------------  -----  ---------  --------  ----------  --------------  -------------------
/opt/airflow/dags/sales_pipeline.py    592  0.00s             1           0  0.10s           2025-05-15T13:32:17
================================================================================
[2025-05-15T13:33:17.280+0000] {manager.py:851} INFO - 
================================================================================
DAG File Processing Stats

File Path                              PID  Runtime      # DAGs    # Errors  Last Runtime    Last Run
-----------------------------------  -----  ---------  --------  ----------  --------------  -------------------
/opt/airflow/dags/sales_pipeline.py    597  0.00s             1           0  0.10s           2025-05-15T13:32:47
================================================================================
[2025-05-15T13:33:47.474+0000] {manager.py:851} INFO - 
================================================================================
DAG File Processing Stats

File Path                              PID  Runtime      # DAGs    # Errors  Last Runtime    Last Run
-----------------------------------  -----  ---------  --------  ----------  --------------  -------------------
/opt/airflow/dags/sales_pipeline.py    602  0.00s             1           0  0.10s           2025-05-15T13:33:17
================================================================================
[2025-05-15T13:34:17.592+0000] {manager.py:851} INFO - 
================================================================================
DAG File Processing Stats

File Path                              PID  Runtime      # DAGs    # Errors  Last Runtime    Last Run
-----------------------------------  -----  ---------  --------  ----------  --------------  -------------------
/opt/airflow/dags/sales_pipeline.py    607  0.00s             1           0  0.10s           2025-05-15T13:33:47
================================================================================
[2025-05-15T13:34:47.779+0000] {manager.py:851} INFO - 
================================================================================
DAG File Processing Stats

File Path                              PID  Runtime      # DAGs    # Errors  Last Runtime    Last Run
-----------------------------------  -----  ---------  --------  ----------  --------------  -------------------
/opt/airflow/dags/sales_pipeline.py    612  0.00s             1           0  0.10s           2025-05-15T13:34:17
================================================================================
[2025-05-15T13:35:07.863+0000] {manager.py:726} INFO - Searching for files in /opt/airflow/dags
[2025-05-15T13:35:07.864+0000] {manager.py:729} INFO - There are 1 files in /opt/airflow/dags
[2025-05-15T13:35:17.914+0000] {manager.py:851} INFO - 
================================================================================
DAG File Processing Stats

File Path                              PID  Runtime      # DAGs    # Errors  Last Runtime    Last Run
-----------------------------------  -----  ---------  --------  ----------  --------------  -------------------
/opt/airflow/dags/sales_pipeline.py    617  0.00s             1           0  0.09s           2025-05-15T13:34:47
================================================================================
[2025-05-15T13:35:48.062+0000] {manager.py:851} INFO - 
================================================================================
DAG File Processing Stats

File Path                              PID  Runtime      # DAGs    # Errors  Last Runtime    Last Run
-----------------------------------  -----  ---------  --------  ----------  --------------  -------------------
/opt/airflow/dags/sales_pipeline.py    622  0.00s             1           0  0.12s           2025-05-15T13:35:18
================================================================================
[2025-05-15T13:36:18.220+0000] {manager.py:851} INFO - 
================================================================================
DAG File Processing Stats

File Path                              PID  Runtime      # DAGs    # Errors  Last Runtime    Last Run
-----------------------------------  -----  ---------  --------  ----------  --------------  -------------------
/opt/airflow/dags/sales_pipeline.py    627  0.00s             1           0  0.10s           2025-05-15T13:35:48
================================================================================
[2025-05-15T13:36:48.347+0000] {manager.py:851} INFO - 
================================================================================
DAG File Processing Stats

File Path                              PID  Runtime      # DAGs    # Errors  Last Runtime    Last Run
-----------------------------------  -----  ---------  --------  ----------  --------------  -------------------
/opt/airflow/dags/sales_pipeline.py    632  0.00s             1           0  0.10s           2025-05-15T13:36:18
================================================================================
[2025-05-15T13:37:18.508+0000] {manager.py:851} INFO - 
================================================================================
DAG File Processing Stats

File Path                              PID  Runtime      # DAGs    # Errors  Last Runtime    Last Run
-----------------------------------  -----  ---------  --------  ----------  --------------  -------------------
/opt/airflow/dags/sales_pipeline.py    637  0.00s             1           0  0.10s           2025-05-15T13:36:48
================================================================================
[2025-05-15T13:37:48.640+0000] {manager.py:851} INFO - 
================================================================================
DAG File Processing Stats

File Path                              PID  Runtime      # DAGs    # Errors  Last Runtime    Last Run
-----------------------------------  -----  ---------  --------  ----------  --------------  -------------------
/opt/airflow/dags/sales_pipeline.py    642  0.01s             1           0  0.10s           2025-05-15T13:37:18
================================================================================
[2025-05-15T13:38:18.826+0000] {manager.py:851} INFO - 
================================================================================
DAG File Processing Stats

File Path                              PID  Runtime      # DAGs    # Errors  Last Runtime    Last Run
-----------------------------------  -----  ---------  --------  ----------  --------------  -------------------
/opt/airflow/dags/sales_pipeline.py    647  0.00s             1           0  0.16s           2025-05-15T13:37:48
================================================================================
[2025-05-15T13:38:48.996+0000] {manager.py:851} INFO - 
================================================================================
DAG File Processing Stats

File Path                              PID  Runtime      # DAGs    # Errors  Last Runtime    Last Run
-----------------------------------  -----  ---------  --------  ----------  --------------  -------------------
/opt/airflow/dags/sales_pipeline.py    652  0.00s             1           0  0.12s           2025-05-15T13:38:18
================================================================================
[2025-05-15T13:39:19.143+0000] {manager.py:851} INFO - 
================================================================================
DAG File Processing Stats

File Path                              PID  Runtime      # DAGs    # Errors  Last Runtime    Last Run
-----------------------------------  -----  ---------  --------  ----------  --------------  -------------------
/opt/airflow/dags/sales_pipeline.py    657  0.00s             1           0  0.10s           2025-05-15T13:38:49
================================================================================
[2025-05-15T13:39:49.288+0000] {manager.py:851} INFO - 
================================================================================
DAG File Processing Stats

File Path                              PID  Runtime      # DAGs    # Errors  Last Runtime    Last Run
-----------------------------------  -----  ---------  --------  ----------  --------------  -------------------
/opt/airflow/dags/sales_pipeline.py    662  0.00s             1           0  0.11s           2025-05-15T13:39:19
================================================================================
[2025-05-15T13:40:08.400+0000] {manager.py:726} INFO - Searching for files in /opt/airflow/dags
[2025-05-15T13:40:08.401+0000] {manager.py:729} INFO - There are 1 files in /opt/airflow/dags
[2025-05-15T13:40:19.469+0000] {manager.py:851} INFO - 
================================================================================
DAG File Processing Stats

File Path                              PID  Runtime      # DAGs    # Errors  Last Runtime    Last Run
-----------------------------------  -----  ---------  --------  ----------  --------------  -------------------
/opt/airflow/dags/sales_pipeline.py    667  0.01s             1           0  0.10s           2025-05-15T13:39:49
================================================================================
[2025-05-15T13:40:49.596+0000] {manager.py:851} INFO - 
================================================================================
DAG File Processing Stats

File Path                            PID    Runtime      # DAGs    # Errors  Last Runtime    Last Run
-----------------------------------  -----  ---------  --------  ----------  --------------  -------------------
/opt/airflow/dags/sales_pipeline.py                           1           0  0.20s           2025-05-15T13:40:19
================================================================================
[2025-05-15T13:41:19.868+0000] {manager.py:851} INFO - 
================================================================================
DAG File Processing Stats

File Path                              PID  Runtime      # DAGs    # Errors  Last Runtime    Last Run
-----------------------------------  -----  ---------  --------  ----------  --------------  -------------------
/opt/airflow/dags/sales_pipeline.py    677  0.00s             1           0  0.09s           2025-05-15T13:40:49
================================================================================
[2025-05-15T13:41:50.034+0000] {manager.py:851} INFO - 
================================================================================
DAG File Processing Stats

File Path                              PID  Runtime      # DAGs    # Errors  Last Runtime    Last Run
-----------------------------------  -----  ---------  --------  ----------  --------------  -------------------
/opt/airflow/dags/sales_pipeline.py    682  0.00s             1           0  0.10s           2025-05-15T13:41:19
================================================================================
[2025-05-15T13:42:20.178+0000] {manager.py:851} INFO - 
================================================================================
DAG File Processing Stats

File Path                              PID  Runtime      # DAGs    # Errors  Last Runtime    Last Run
-----------------------------------  -----  ---------  --------  ----------  --------------  -------------------
/opt/airflow/dags/sales_pipeline.py    687  0.00s             1           0  0.11s           2025-05-15T13:41:50
================================================================================
[2025-05-15T13:42:50.371+0000] {manager.py:851} INFO - 
================================================================================
DAG File Processing Stats

File Path                              PID  Runtime      # DAGs    # Errors  Last Runtime    Last Run
-----------------------------------  -----  ---------  --------  ----------  --------------  -------------------
/opt/airflow/dags/sales_pipeline.py    692  0.00s             1           0  0.11s           2025-05-15T13:42:20
================================================================================
[2025-05-15T13:43:20.488+0000] {manager.py:851} INFO - 
================================================================================
DAG File Processing Stats

File Path                              PID  Runtime      # DAGs    # Errors  Last Runtime    Last Run
-----------------------------------  -----  ---------  --------  ----------  --------------  -------------------
/opt/airflow/dags/sales_pipeline.py    697  0.00s             1           0  0.10s           2025-05-15T13:42:50
================================================================================
[2025-05-15T13:43:50.676+0000] {manager.py:851} INFO - 
================================================================================
DAG File Processing Stats

File Path                              PID  Runtime      # DAGs    # Errors  Last Runtime    Last Run
-----------------------------------  -----  ---------  --------  ----------  --------------  -------------------
/opt/airflow/dags/sales_pipeline.py    702  0.00s             1           0  0.10s           2025-05-15T13:43:20
================================================================================
[2025-05-15T13:44:20.795+0000] {manager.py:851} INFO - 
================================================================================
DAG File Processing Stats

File Path                              PID  Runtime      # DAGs    # Errors  Last Runtime    Last Run
-----------------------------------  -----  ---------  --------  ----------  --------------  -------------------
/opt/airflow/dags/sales_pipeline.py    707  0.00s             1           0  0.10s           2025-05-15T13:43:50
================================================================================
[2025-05-15T13:44:50.967+0000] {manager.py:851} INFO - 
================================================================================
DAG File Processing Stats

File Path                              PID  Runtime      # DAGs    # Errors  Last Runtime    Last Run
-----------------------------------  -----  ---------  --------  ----------  --------------  -------------------
/opt/airflow/dags/sales_pipeline.py    712  0.00s             1           0  0.10s           2025-05-15T13:44:20
================================================================================
[2025-05-15T13:45:09.038+0000] {manager.py:726} INFO - Searching for files in /opt/airflow/dags
[2025-05-15T13:45:09.039+0000] {manager.py:729} INFO - There are 1 files in /opt/airflow/dags
[2025-05-15T13:45:21.095+0000] {manager.py:851} INFO - 
================================================================================
DAG File Processing Stats

File Path                              PID  Runtime      # DAGs    # Errors  Last Runtime    Last Run
-----------------------------------  -----  ---------  --------  ----------  --------------  -------------------
/opt/airflow/dags/sales_pipeline.py    717  0.00s             1           0  0.10s           2025-05-15T13:44:51
================================================================================
[2025-05-15T13:45:51.256+0000] {manager.py:851} INFO - 
================================================================================
DAG File Processing Stats

File Path                              PID  Runtime      # DAGs    # Errors  Last Runtime    Last Run
-----------------------------------  -----  ---------  --------  ----------  --------------  -------------------
/opt/airflow/dags/sales_pipeline.py    722  0.00s             1           0  0.11s           2025-05-15T13:45:21
================================================================================
[2025-05-15T13:46:21.394+0000] {manager.py:851} INFO - 
================================================================================
DAG File Processing Stats

File Path                              PID  Runtime      # DAGs    # Errors  Last Runtime    Last Run
-----------------------------------  -----  ---------  --------  ----------  --------------  -------------------
/opt/airflow/dags/sales_pipeline.py    727  0.00s             1           0  0.10s           2025-05-15T13:45:51
================================================================================
[2025-05-15T13:46:51.544+0000] {manager.py:851} INFO - 
================================================================================
DAG File Processing Stats

File Path                              PID  Runtime      # DAGs    # Errors  Last Runtime    Last Run
-----------------------------------  -----  ---------  --------  ----------  --------------  -------------------
/opt/airflow/dags/sales_pipeline.py    732  0.01s             1           0  0.10s           2025-05-15T13:46:21
================================================================================
[2025-05-15T13:47:21.693+0000] {manager.py:851} INFO - 
================================================================================
DAG File Processing Stats

File Path                              PID  Runtime      # DAGs    # Errors  Last Runtime    Last Run
-----------------------------------  -----  ---------  --------  ----------  --------------  -------------------
/opt/airflow/dags/sales_pipeline.py    737  0.00s             1           0  0.13s           2025-05-15T13:46:51
================================================================================
[2025-05-15T13:47:51.858+0000] {manager.py:851} INFO - 
================================================================================
DAG File Processing Stats

File Path                              PID  Runtime      # DAGs    # Errors  Last Runtime    Last Run
-----------------------------------  -----  ---------  --------  ----------  --------------  -------------------
/opt/airflow/dags/sales_pipeline.py    742  0.00s             1           0  0.10s           2025-05-15T13:47:21
================================================================================
[2025-05-15T13:48:21.972+0000] {manager.py:851} INFO - 
================================================================================
DAG File Processing Stats

File Path                              PID  Runtime      # DAGs    # Errors  Last Runtime    Last Run
-----------------------------------  -----  ---------  --------  ----------  --------------  -------------------
/opt/airflow/dags/sales_pipeline.py    747  0.00s             1           0  0.10s           2025-05-15T13:47:51
================================================================================
[2025-05-15T13:48:52.166+0000] {manager.py:851} INFO - 
================================================================================
DAG File Processing Stats

File Path                              PID  Runtime      # DAGs    # Errors  Last Runtime    Last Run
-----------------------------------  -----  ---------  --------  ----------  --------------  -------------------
/opt/airflow/dags/sales_pipeline.py    752  0.01s             1           0  0.10s           2025-05-15T13:48:22
================================================================================
[2025-05-15T13:49:22.298+0000] {manager.py:851} INFO - 
================================================================================
DAG File Processing Stats

File Path                            PID    Runtime      # DAGs    # Errors  Last Runtime    Last Run
-----------------------------------  -----  ---------  --------  ----------  --------------  -------------------
/opt/airflow/dags/sales_pipeline.py                           1           0  0.19s           2025-05-15T13:48:52
================================================================================
[2025-05-15T13:49:52.545+0000] {manager.py:851} INFO - 
================================================================================
DAG File Processing Stats

File Path                              PID  Runtime      # DAGs    # Errors  Last Runtime    Last Run
-----------------------------------  -----  ---------  --------  ----------  --------------  -------------------
/opt/airflow/dags/sales_pipeline.py    762  0.01s             1           0  0.10s           2025-05-15T13:49:22
================================================================================
[2025-05-15T13:50:09.687+0000] {manager.py:726} INFO - Searching for files in /opt/airflow/dags
[2025-05-15T13:50:09.688+0000] {manager.py:729} INFO - There are 1 files in /opt/airflow/dags
[2025-05-15T13:50:22.746+0000] {manager.py:851} INFO - 
================================================================================
DAG File Processing Stats

File Path                              PID  Runtime      # DAGs    # Errors  Last Runtime    Last Run
-----------------------------------  -----  ---------  --------  ----------  --------------  -------------------
/opt/airflow/dags/sales_pipeline.py    767  0.00s             1           0  0.17s           2025-05-15T13:49:52
================================================================================
[2025-05-15T13:50:52.911+0000] {manager.py:851} INFO - 
================================================================================
DAG File Processing Stats

File Path                              PID  Runtime      # DAGs    # Errors  Last Runtime    Last Run
-----------------------------------  -----  ---------  --------  ----------  --------------  -------------------
/opt/airflow/dags/sales_pipeline.py    772  0.00s             1           0  0.10s           2025-05-15T13:50:22
================================================================================
[2025-05-15T13:51:23.031+0000] {manager.py:851} INFO - 
================================================================================
DAG File Processing Stats

File Path                              PID  Runtime      # DAGs    # Errors  Last Runtime    Last Run
-----------------------------------  -----  ---------  --------  ----------  --------------  -------------------
/opt/airflow/dags/sales_pipeline.py    777  0.00s             1           0  0.10s           2025-05-15T13:50:53
================================================================================
[2025-05-15T13:51:53.200+0000] {manager.py:851} INFO - 
================================================================================
DAG File Processing Stats

File Path                              PID  Runtime      # DAGs    # Errors  Last Runtime    Last Run
-----------------------------------  -----  ---------  --------  ----------  --------------  -------------------
/opt/airflow/dags/sales_pipeline.py    782  0.00s             1           0  0.10s           2025-05-15T13:51:23
================================================================================
[2025-05-15T13:52:23.326+0000] {manager.py:851} INFO - 
================================================================================
DAG File Processing Stats

File Path                              PID  Runtime      # DAGs    # Errors  Last Runtime    Last Run
-----------------------------------  -----  ---------  --------  ----------  --------------  -------------------
/opt/airflow/dags/sales_pipeline.py    787  0.00s             1           0  0.10s           2025-05-15T13:51:53
================================================================================
[2025-05-15T13:52:53.491+0000] {manager.py:851} INFO - 
================================================================================
DAG File Processing Stats

File Path                              PID  Runtime      # DAGs    # Errors  Last Runtime    Last Run
-----------------------------------  -----  ---------  --------  ----------  --------------  -------------------
/opt/airflow/dags/sales_pipeline.py    792  0.00s             1           0  0.10s           2025-05-15T13:52:23
================================================================================
[2025-05-15T13:53:23.615+0000] {manager.py:851} INFO - 
================================================================================
DAG File Processing Stats

File Path                              PID  Runtime      # DAGs    # Errors  Last Runtime    Last Run
-----------------------------------  -----  ---------  --------  ----------  --------------  -------------------
/opt/airflow/dags/sales_pipeline.py    797  0.00s             1           0  0.10s           2025-05-15T13:52:53
================================================================================
[2025-05-15T13:53:53.773+0000] {manager.py:851} INFO - 
================================================================================
DAG File Processing Stats

File Path                              PID  Runtime      # DAGs    # Errors  Last Runtime    Last Run
-----------------------------------  -----  ---------  --------  ----------  --------------  -------------------
/opt/airflow/dags/sales_pipeline.py    802  0.00s             1           0  0.12s           2025-05-15T13:53:23
================================================================================
[2025-05-15T13:54:23.930+0000] {manager.py:851} INFO - 
================================================================================
DAG File Processing Stats

File Path                              PID  Runtime      # DAGs    # Errors  Last Runtime    Last Run
-----------------------------------  -----  ---------  --------  ----------  --------------  -------------------
/opt/airflow/dags/sales_pipeline.py    807  0.00s             1           0  0.11s           2025-05-15T13:53:53
================================================================================
[2025-05-15T13:54:54.075+0000] {manager.py:851} INFO - 
================================================================================
DAG File Processing Stats

File Path                              PID  Runtime      # DAGs    # Errors  Last Runtime    Last Run
-----------------------------------  -----  ---------  --------  ----------  --------------  -------------------
/opt/airflow/dags/sales_pipeline.py    812  0.00s             1           0  0.14s           2025-05-15T13:54:24
================================================================================
[2025-05-15T13:55:10.203+0000] {manager.py:726} INFO - Searching for files in /opt/airflow/dags
[2025-05-15T13:55:10.204+0000] {manager.py:729} INFO - There are 1 files in /opt/airflow/dags
[2025-05-15T13:55:24.272+0000] {manager.py:851} INFO - 
================================================================================
DAG File Processing Stats

File Path                              PID  Runtime      # DAGs    # Errors  Last Runtime    Last Run
-----------------------------------  -----  ---------  --------  ----------  --------------  -------------------
/opt/airflow/dags/sales_pipeline.py    817  0.00s             1           0  0.10s           2025-05-15T13:54:54
================================================================================
[2025-05-15T13:55:54.390+0000] {manager.py:851} INFO - 
================================================================================
DAG File Processing Stats

File Path                              PID  Runtime      # DAGs    # Errors  Last Runtime    Last Run
-----------------------------------  -----  ---------  --------  ----------  --------------  -------------------
/opt/airflow/dags/sales_pipeline.py    822  0.01s             1           0  0.10s           2025-05-15T13:55:24
================================================================================
[2025-05-15T13:56:24.566+0000] {manager.py:851} INFO - 
================================================================================
DAG File Processing Stats

File Path                              PID  Runtime      # DAGs    # Errors  Last Runtime    Last Run
-----------------------------------  -----  ---------  --------  ----------  --------------  -------------------
/opt/airflow/dags/sales_pipeline.py    827  0.00s             1           0  0.10s           2025-05-15T13:55:54
================================================================================
[2025-05-15T13:56:54.682+0000] {manager.py:851} INFO - 
================================================================================
DAG File Processing Stats

File Path                              PID  Runtime      # DAGs    # Errors  Last Runtime    Last Run
-----------------------------------  -----  ---------  --------  ----------  --------------  -------------------
/opt/airflow/dags/sales_pipeline.py    832  0.00s             1           0  0.10s           2025-05-15T13:56:24
================================================================================
[2025-05-15T13:57:24.861+0000] {manager.py:851} INFO - 
================================================================================
DAG File Processing Stats

File Path                              PID  Runtime      # DAGs    # Errors  Last Runtime    Last Run
-----------------------------------  -----  ---------  --------  ----------  --------------  -------------------
/opt/airflow/dags/sales_pipeline.py    837  0.00s             1           0  0.10s           2025-05-15T13:56:54
================================================================================
[2025-05-15T13:57:54.983+0000] {manager.py:851} INFO - 
================================================================================
DAG File Processing Stats

File Path                              PID  Runtime      # DAGs    # Errors  Last Runtime    Last Run
-----------------------------------  -----  ---------  --------  ----------  --------------  -------------------
/opt/airflow/dags/sales_pipeline.py    842  0.00s             1           0  0.10s           2025-05-15T13:57:24
================================================================================
